2026-09-24 00:36:10.478 +03:00 [WRN] Entity 'Product' has a global query filter defined and is the required end of a relationship with the entity 'CartItem'. This may lead to unexpected results when the required entity is filtered out. Either configure the navigation as optional, or define matching query filters for both entities in the navigation. See https://go.microsoft.com/fwlink/?linkid=2131316 for more information.
2026-09-24 00:36:10.530 +03:00 [WRN] Entity 'Product' has a global query filter defined and is the required end of a relationship with the entity 'InventoryTransaction'. This may lead to unexpected results when the required entity is filtered out. Either configure the navigation as optional, or define matching query filters for both entities in the navigation. See https://go.microsoft.com/fwlink/?linkid=2131316 for more information.
2026-09-24 00:36:10.530 +03:00 [WRN] Entity 'Product' has a global query filter defined and is the required end of a relationship with the entity 'ProductImage'. This may lead to unexpected results when the required entity is filtered out. Either configure the navigation as optional, or define matching query filters for both entities in the navigation. See https://go.microsoft.com/fwlink/?linkid=2131316 for more information.
2026-09-24 00:36:10.540 +03:00 [WRN] Sensitive data logging is enabled. Log entries and exception messages may include sensitive application data; this mode should only be enabled during development.
2026-09-24 00:36:11.244 +03:00 [INF] Executed DbCommand (46ms) [Parameters=[], CommandType='"Text"', CommandTimeout='30']
SELECT "MigrationId", "ProductVersion"
FROM "__EFMigrationsHistory"
ORDER BY "MigrationId";
2026-09-24 00:36:11.701 +03:00 [INF] Executed DbCommand (15ms) [Parameters=[], CommandType='"Text"', CommandTimeout='30']
SELECT 1
2026-09-24 00:36:11.808 +03:00 [INF] Executed DbCommand (7ms) [Parameters=[], CommandType='"Text"', CommandTimeout='30']
CREATE TABLE IF NOT EXISTS "__EFMigrationsHistory" (
    "MigrationId" character varying(150) NOT NULL,
    "ProductVersion" character varying(32) NOT NULL,
    CONSTRAINT "PK___EFMigrationsHistory" PRIMARY KEY ("MigrationId")
);
2026-09-24 00:36:11.834 +03:00 [INF] Executed DbCommand (1ms) [Parameters=[], CommandType='"Text"', CommandTimeout='30']
LOCK TABLE "__EFMigrationsHistory" IN ACCESS EXCLUSIVE MODE
2026-09-24 00:36:11.841 +03:00 [INF] Executed DbCommand (2ms) [Parameters=[], CommandType='"Text"', CommandTimeout='30']
SELECT "MigrationId", "ProductVersion"
FROM "__EFMigrationsHistory"
ORDER BY "MigrationId";
2026-09-24 00:36:11.857 +03:00 [INF] Database migration applied successfully.
2026-09-24 00:36:11.866 +03:00 [INF] BS Store API starting on Development
2026-09-24 00:38:46.212 +03:00 [INF] HTTP GET /swagger/v1/swagger.json responded 200 in 219.6190 ms
2026-09-24 00:39:00.611 +03:00 [WRN] Failed to determine the https port for redirect.
2026-09-24 00:39:01.333 +03:00 [INF] Executed DbCommand (18ms) [Parameters=[@request_Phone='777000111'], CommandType='"Text"', CommandTimeout='30']
SELECT EXISTS (
    SELECT 1
    FROM "Users" AS u
    WHERE u."Phone" = @request_Phone)
2026-09-24 00:39:02.894 +03:00 [INF] Executed DbCommand (17ms) [Parameters=[@p0='fc97c853-7ee4-449b-b3e0-1f5c1efe77a8', @p1='2026-09-23T21:39:02.4342640Z' (DbType = DateTime), @p2=NULL, @p3=NULL, @p4='True', @p5='$2a$12$zYECefv23Pxa6ej/JIGc5u8WuZaHRngaasJFe1yOAQuzia.L.rQkC' (Nullable = false), @p6='777000111' (Nullable = false), @p7='Customer' (Nullable = false), @p8='2026-09-23T21:39:02.4342646Z' (DbType = DateTime), @p9='18330a21-2b6d-4a20-bfa9-ff5eb2aaa778', @p10='2026-09-23T21:39:02.6448109Z' (DbType = DateTime), @p11='Test Customer' (Nullable = false), @p12=NULL, @p13='2026-09-23T21:39:02.6448113Z' (DbType = DateTime), @p14='fc97c853-7ee4-449b-b3e0-1f5c1efe77a8', @p15='af682ed6-e856-4a4c-b402-fe447fe6e415', @p16='2026-09-23T21:39:02.7036805Z' (DbType = DateTime), @p17='18330a21-2b6d-4a20-bfa9-ff5eb2aaa778', @p18='2026-09-23T21:39:02.7036808Z' (DbType = DateTime)], CommandType='"Text"', CommandTimeout='30']
INSERT INTO "Users" ("Id", "CreatedAt", "Email", "FcmToken", "IsActive", "PasswordHash", "Phone", "Role", "UpdatedAt")
VALUES (@p0, @p1, @p2, @p3, @p4, @p5, @p6, @p7, @p8);
INSERT INTO "Customers" ("Id", "CreatedAt", "FullName", "ProfileImageKey", "UpdatedAt", "UserId")
VALUES (@p9, @p10, @p11, @p12, @p13, @p14);
INSERT INTO "Carts" ("Id", "CreatedAt", "CustomerId", "UpdatedAt")
VALUES (@p15, @p16, @p17, @p18);
2026-09-24 00:39:03.030 +03:00 [INF] Executed DbCommand (4ms) [Parameters=[@p0='f0b62699-90c9-44cb-aec2-addada7e02a4', @p1='2026-09-23T21:39:02.9746042Z' (DbType = DateTime), @p2='2026-10-23T21:39:02.9737723Z' (DbType = DateTime), @p3='False', @p4='D/sjga9B8jZmS7B+YQ3vPuEkW9VHMFPQ1TtezR8DYo0=' (Nullable = false), @p5='2026-09-23T21:39:02.9746047Z' (DbType = DateTime), @p6='fc97c853-7ee4-449b-b3e0-1f5c1efe77a8'], CommandType='"Text"', CommandTimeout='30']
INSERT INTO "RefreshTokens" ("Id", "CreatedAt", "ExpiresAt", "IsRevoked", "TokenHash", "UpdatedAt", "UserId")
VALUES (@p0, @p1, @p2, @p3, @p4, @p5, @p6);
2026-09-24 00:39:03.070 +03:00 [INF] HTTP POST /api/auth/register responded 200 in 2463.1201 ms
2026-09-24 00:49:24.103 +03:00 [WRN] Entity 'Product' has a global query filter defined and is the required end of a relationship with the entity 'CartItem'. This may lead to unexpected results when the required entity is filtered out. Either configure the navigation as optional, or define matching query filters for both entities in the navigation. See https://go.microsoft.com/fwlink/?linkid=2131316 for more information.
2026-09-24 00:49:24.155 +03:00 [WRN] Entity 'Product' has a global query filter defined and is the required end of a relationship with the entity 'InventoryTransaction'. This may lead to unexpected results when the required entity is filtered out. Either configure the navigation as optional, or define matching query filters for both entities in the navigation. See https://go.microsoft.com/fwlink/?linkid=2131316 for more information.
2026-09-24 00:49:24.155 +03:00 [WRN] Entity 'Product' has a global query filter defined and is the required end of a relationship with the entity 'ProductImage'. This may lead to unexpected results when the required entity is filtered out. Either configure the navigation as optional, or define matching query filters for both entities in the navigation. See https://go.microsoft.com/fwlink/?linkid=2131316 for more information.
2026-09-24 00:49:24.171 +03:00 [WRN] Sensitive data logging is enabled. Log entries and exception messages may include sensitive application data; this mode should only be enabled during development.
2026-09-24 00:49:24.872 +03:00 [INF] Executed DbCommand (33ms) [Parameters=[], CommandType='"Text"', CommandTimeout='30']
SELECT "MigrationId", "ProductVersion"
FROM "__EFMigrationsHistory"
ORDER BY "MigrationId";
2026-09-24 00:49:25.279 +03:00 [INF] Executed DbCommand (13ms) [Parameters=[], CommandType='"Text"', CommandTimeout='30']
SELECT 1
2026-09-24 00:49:25.405 +03:00 [INF] Executed DbCommand (9ms) [Parameters=[], CommandType='"Text"', CommandTimeout='30']
CREATE TABLE IF NOT EXISTS "__EFMigrationsHistory" (
    "MigrationId" character varying(150) NOT NULL,
    "ProductVersion" character varying(32) NOT NULL,
    CONSTRAINT "PK___EFMigrationsHistory" PRIMARY KEY ("MigrationId")
);
2026-09-24 00:49:25.438 +03:00 [INF] Executed DbCommand (1ms) [Parameters=[], CommandType='"Text"', CommandTimeout='30']
LOCK TABLE "__EFMigrationsHistory" IN ACCESS EXCLUSIVE MODE
2026-09-24 00:49:25.444 +03:00 [INF] Executed DbCommand (2ms) [Parameters=[], CommandType='"Text"', CommandTimeout='30']
SELECT "MigrationId", "ProductVersion"
FROM "__EFMigrationsHistory"
ORDER BY "MigrationId";
2026-09-24 00:49:25.456 +03:00 [INF] Database migration applied successfully.
2026-09-24 00:49:25.841 +03:00 [INF] Executed DbCommand (1ms) [Parameters=[], CommandType='"Text"', CommandTimeout='30']
SELECT EXISTS (
    SELECT 1
    FROM "DeliverySettings" AS d)
2026-09-24 00:49:25.852 +03:00 [INF] Seeding DeliverySettings...
2026-09-24 00:49:26.117 +03:00 [INF] Executed DbCommand (29ms) [Parameters=[@p0='1', @p1='500', @p2='3', @p3='True', @p4='100', @p5='2026-09-23T21:49:25.8529290Z' (DbType = DateTime), @p6=NULL (DbType = Guid)], CommandType='"Text"', CommandTimeout='30']
INSERT INTO "DeliverySettings" ("Id", "BaseFee", "FreeDeliveryRadius", "IsEnabled", "PerKmFee", "UpdatedAt", "UpdatedBy")
VALUES (@p0, @p1, @p2, @p3, @p4, @p5, @p6);
2026-09-24 00:49:26.139 +03:00 [INF] Executed DbCommand (2ms) [Parameters=[], CommandType='"Text"', CommandTimeout='30']
SELECT EXISTS (
    SELECT 1
    FROM "PaymentSettings" AS p)
2026-09-24 00:49:26.140 +03:00 [INF] Seeding PaymentSettings...
2026-09-24 00:49:26.179 +03:00 [INF] Executed DbCommand (4ms) [Parameters=[@p0='1', @p1='50000', @p2='مؤسسة BS Store للتجارة والتوصيل', @p3='123456789', @p4='بنك الكريمي للتمويل الأصغر الإسلامي', @p5='2026-09-23T21:49:26.1405955Z' (DbType = DateTime)], CommandType='"Text"', CommandTimeout='30']
INSERT INTO "PaymentSettings" ("Id", "CashOnDeliveryLimit", "TransferAccountName", "TransferAccountNumber", "TransferBankName", "UpdatedAt")
VALUES (@p0, @p1, @p2, @p3, @p4, @p5);
2026-09-24 00:49:26.190 +03:00 [INF] Executed DbCommand (2ms) [Parameters=[], CommandType='"Text"', CommandTimeout='30']
SELECT EXISTS (
    SELECT 1
    FROM "CancellationReasons" AS c)
2026-09-24 00:49:26.190 +03:00 [INF] Seeding CancellationReasons...
2026-09-24 00:49:26.269 +03:00 [INF] Executed DbCommand (3ms) [Parameters=[@p0='04621531-f703-49ab-8064-68c7c25e5d80', @p1='WRONG_ADDRESS' (Nullable = false), @p2='2026-09-23T21:49:26.1921064Z' (DbType = DateTime), @p3='True', @p4='خطأ في عنوان التوصيل' (Nullable = false), @p5='2026-09-23T21:49:26.1921065Z' (DbType = DateTime), @p6='2e3bd77e-30ee-4df8-8bb2-ef0c0ff7fb40', @p7='CHANGED_MIND' (Nullable = false), @p8='2026-09-23T21:49:26.1917269Z' (DbType = DateTime), @p9='True', @p10='تغيير رأي العميل' (Nullable = false), @p11='2026-09-23T21:49:26.1917270Z' (DbType = DateTime), @p12='3a5c8480-91c2-48f3-bb10-0cac94963384', @p13='DELIVERY_DELAYED' (Nullable = false), @p14='2026-09-23T21:49:26.1920946Z' (DbType = DateTime), @p15='True', @p16='تأخر موعد التوصيل' (Nullable = false), @p17='2026-09-23T21:49:26.1920948Z' (DbType = DateTime), @p18='458e3a86-c3c5-4abd-88a4-e1c8f169da5c', @p19='OUT_OF_STOCK' (Nullable = false), @p20='2026-09-23T21:49:26.1921060Z' (DbType = DateTime), @p21='True', @p22='نفاد كمية أحد الأصناف' (Nullable = false), @p23='2026-09-23T21:49:26.1921060Z' (DbType = DateTime), @p24='cc22f8bd-6de1-40ac-9971-a488439d068d', @p25='OTHER' (Nullable = false), @p26='2026-09-23T21:49:26.1921069Z' (DbType = DateTime), @p27='True', @p28='سبب آخر' (Nullable = false), @p29='2026-09-23T21:49:26.1921069Z' (DbType = DateTime)], CommandType='"Text"', CommandTimeout='30']
INSERT INTO "CancellationReasons" ("Id", "Code", "CreatedAt", "IsActive", "Label", "UpdatedAt")
VALUES (@p0, @p1, @p2, @p3, @p4, @p5);
INSERT INTO "CancellationReasons" ("Id", "Code", "CreatedAt", "IsActive", "Label", "UpdatedAt")
VALUES (@p6, @p7, @p8, @p9, @p10, @p11);
INSERT INTO "CancellationReasons" ("Id", "Code", "CreatedAt", "IsActive", "Label", "UpdatedAt")
VALUES (@p12, @p13, @p14, @p15, @p16, @p17);
INSERT INTO "CancellationReasons" ("Id", "Code", "CreatedAt", "IsActive", "Label", "UpdatedAt")
VALUES (@p18, @p19, @p20, @p21, @p22, @p23);
INSERT INTO "CancellationReasons" ("Id", "Code", "CreatedAt", "IsActive", "Label", "UpdatedAt")
VALUES (@p24, @p25, @p26, @p27, @p28, @p29);
2026-09-24 00:49:26.352 +03:00 [INF] Executed DbCommand (3ms) [Parameters=[@adminPhone='777000000'], CommandType='"Text"', CommandTimeout='30']
SELECT EXISTS (
    SELECT 1
    FROM "Users" AS u
    WHERE u."Phone" = @adminPhone)
2026-09-24 00:49:26.352 +03:00 [INF] Seeding Admin User...
2026-09-24 00:49:27.055 +03:00 [INF] Executed DbCommand (2ms) [Parameters=[@p0='4c39b4c4-f51d-4fad-a42c-d03db9ef7d62', @p1='2026-09-23T21:49:26.3529891Z' (DbType = DateTime), @p2=NULL, @p3=NULL, @p4='True', @p5='$2a$12$gOGwgKPTHM/4b6PyMajoO.qr/YVkKzVLkRqZ5IbmtU5V3uO0myrzi' (Nullable = false), @p6='777000000' (Nullable = false), @p7='SuperAdmin' (Nullable = false), @p8='2026-09-23T21:49:26.3529895Z' (DbType = DateTime)], CommandType='"Text"', CommandTimeout='30']
INSERT INTO "Users" ("Id", "CreatedAt", "Email", "FcmToken", "IsActive", "PasswordHash", "Phone", "Role", "UpdatedAt")
VALUES (@p0, @p1, @p2, @p3, @p4, @p5, @p6, @p7, @p8);
2026-09-24 00:49:27.061 +03:00 [INF] Executed DbCommand (1ms) [Parameters=[@driverPhone='777000222'], CommandType='"Text"', CommandTimeout='30']
SELECT EXISTS (
    SELECT 1
    FROM "Users" AS u
    WHERE u."Phone" = @driverPhone)
2026-09-24 00:49:27.062 +03:00 [INF] Seeding Demo Driver...
2026-09-24 00:49:27.575 +03:00 [INF] Executed DbCommand (3ms) [Parameters=[@p0='59da3500-6778-4c0a-aea5-50b46cf4745e', @p1='2026-09-23T21:49:27.0622846Z' (DbType = DateTime), @p2=NULL, @p3=NULL, @p4='True', @p5='$2a$12$5lSubGBhD553UOJgaDk69.mBRg2uinFNBiXNmj5f95Q2h3GAYkZBe' (Nullable = false), @p6='777000222' (Nullable = false), @p7='Driver' (Nullable = false), @p8='2026-09-23T21:49:27.0622847Z' (DbType = DateTime)], CommandType='"Text"', CommandTimeout='30']
INSERT INTO "Users" ("Id", "CreatedAt", "Email", "FcmToken", "IsActive", "PasswordHash", "Phone", "Role", "UpdatedAt")
VALUES (@p0, @p1, @p2, @p3, @p4, @p5, @p6, @p7, @p8);
2026-09-24 00:49:27.692 +03:00 [INF] Executed DbCommand (4ms) [Parameters=[@p0='81d5cbd2-d1d2-4d87-a9a8-021465f5c326', @p1='2026-09-23T21:49:27.5767740Z' (DbType = DateTime), @p2='الكابتن أحمد المحمدي' (Nullable = false), @p3='777000222' (Nullable = false), @p4='Online' (Nullable = false), @p5='2026-09-23T21:49:27.5767743Z' (DbType = DateTime), @p6='59da3500-6778-4c0a-aea5-50b46cf4745e'], CommandType='"Text"', CommandTimeout='30']
INSERT INTO "Drivers" ("Id", "CreatedAt", "FullName", "Phone", "Status", "UpdatedAt", "UserId")
VALUES (@p0, @p1, @p2, @p3, @p4, @p5, @p6);
2026-09-24 00:49:27.702 +03:00 [INF] Executed DbCommand (2ms) [Parameters=[], CommandType='"Text"', CommandTimeout='30']
SELECT EXISTS (
    SELECT 1
    FROM "Categories" AS c)
2026-09-24 00:49:27.702 +03:00 [INF] Seeding Categories, Stores, and Products...
2026-09-24 00:49:27.742 +03:00 [INF] Executed DbCommand (2ms) [Parameters=[@p0='40dd1df9-a9b0-4419-b9d7-e209670b0737', @p1='2026-09-23T21:49:27.7029755Z' (DbType = DateTime), @p2='silverware-fork-knife' (Nullable = false), @p3='True', @p4='مطاعم وكافيهات' (Nullable = false), @p5='1', @p6='2026-09-23T21:49:27.7029757Z' (DbType = DateTime), @p7='5ca16f7e-3633-4ac9-85b9-645475cb69f9', @p8='2026-09-23T21:49:27.7033238Z' (DbType = DateTime), @p9='medical-bag' (Nullable = false), @p10='True', @p11='صيدليات وعناية' (Nullable = false), @p12='3', @p13='2026-09-23T21:49:27.7033239Z' (DbType = DateTime), @p14='7bc0b7a1-4753-468c-8d5f-b4f94c9b54f5', @p15='2026-09-23T21:49:27.7033231Z' (DbType = DateTime), @p16='cart-outline' (Nullable = false), @p17='True', @p18='سوبرماركت وبقالة' (Nullable = false), @p19='2', @p20='2026-09-23T21:49:27.7033233Z' (DbType = DateTime), @p21='a9bad228-b53b-43d3-8594-9700dfdd6b1f', @p22='2026-09-23T21:49:27.7033241Z' (DbType = DateTime), @p23='cellphone' (Nullable = false), @p24='True', @p25='إلكترونيات وهواتف' (Nullable = false), @p26='4', @p27='2026-09-23T21:49:27.7033241Z' (DbType = DateTime)], CommandType='"Text"', CommandTimeout='30']
INSERT INTO "Categories" ("Id", "CreatedAt", "IconName", "IsActive", "Name", "SortOrder", "UpdatedAt")
VALUES (@p0, @p1, @p2, @p3, @p4, @p5, @p6);
INSERT INTO "Categories" ("Id", "CreatedAt", "IconName", "IsActive", "Name", "SortOrder", "UpdatedAt")
VALUES (@p7, @p8, @p9, @p10, @p11, @p12, @p13);
INSERT INTO "Categories" ("Id", "CreatedAt", "IconName", "IsActive", "Name", "SortOrder", "UpdatedAt")
VALUES (@p14, @p15, @p16, @p17, @p18, @p19, @p20);
INSERT INTO "Categories" ("Id", "CreatedAt", "IconName", "IsActive", "Name", "SortOrder", "UpdatedAt")
VALUES (@p21, @p22, @p23, @p24, @p25, @p26, @p27);
2026-09-24 00:49:27.808 +03:00 [INF] Executed DbCommand (4ms) [Parameters=[@p0='19a63c95-76f6-49f5-bdd4-9deb3c1a0c91', @p1='شارع الجزائر - جوار النفق' (Nullable = false), @p2='2026-09-23T21:49:27.7451685Z' (DbType = DateTime), @p3=NULL, @p4='True', @p5='15.3500000', @p6='44.2100000', @p7='مطعم الشيباني الفاخر' (Nullable = false), @p8='01987654' (Nullable = false), @p9='2026-09-23T21:49:27.7451692Z' (DbType = DateTime), @p10='4695f5c4-79ea-4796-9a83-293acb9f35b8', @p11='شارع الستين الجنوبي' (Nullable = false), @p12='2026-09-23T21:49:27.7451704Z' (DbType = DateTime), @p13=NULL, @p14='True', @p15='15.3350000', @p16='44.1950000', @p17='صيدلية النور النموذجية' (Nullable = false), @p18='01555444' (Nullable = false), @p19='2026-09-23T21:49:27.7451705Z' (DbType = DateTime), @p20='8b62ec41-444d-4fbb-ada7-195da81e77d8', @p21='شارع حدة - تقاطع القدس' (Nullable = false), @p22='2026-09-23T21:49:27.7441451Z' (DbType = DateTime), @p23=NULL, @p24='True', @p25='15.3400000', @p26='44.2000000', @p27='مركز السعيد التجاري' (Nullable = false), @p28='01234567' (Nullable = false), @p29='2026-09-23T21:49:27.7441455Z' (DbType = DateTime)], CommandType='"Text"', CommandTimeout='30']
INSERT INTO "Stores" ("Id", "Address", "CreatedAt", "ImageKey", "IsActive", "Latitude", "Longitude", "Name", "Phone", "UpdatedAt")
VALUES (@p0, @p1, @p2, @p3, @p4, @p5, @p6, @p7, @p8, @p9);
INSERT INTO "Stores" ("Id", "Address", "CreatedAt", "ImageKey", "IsActive", "Latitude", "Longitude", "Name", "Phone", "UpdatedAt")
VALUES (@p10, @p11, @p12, @p13, @p14, @p15, @p16, @p17, @p18, @p19);
INSERT INTO "Stores" ("Id", "Address", "CreatedAt", "ImageKey", "IsActive", "Latitude", "Longitude", "Name", "Phone", "UpdatedAt")
VALUES (@p20, @p21, @p22, @p23, @p24, @p25, @p26, @p27, @p28, @p29);
2026-09-24 00:49:27.915 +03:00 [INF] Executed DbCommand (7ms) [Parameters=[@p0='25c2ac83-b799-4d8b-888c-b3b920c63cfb', @p1='40dd1df9-a9b0-4419-b9d7-e209670b0737', @p2='2026-09-23T21:49:27.8130459Z' (DbType = DateTime), @p3='كباب وأوصال مع الخبز والمقبلات الطازجة' (Nullable = false), @p4='7000', @p5='True', @p6='False', @p7='وجبة مشكل مشاوي عائلي' (Nullable = false), @p8='8500', @p9='ExternalStore' (Nullable = false), @p10='19a63c95-76f6-49f5-bdd4-9deb3c1a0c91', @p11='2026-09-23T21:49:27.8130459Z' (DbType = DateTime), @p12='3ea94399-bbe3-4265-8ac7-6d8dc59dd62d', @p13='5ca16f7e-3633-4ac9-85b9-645475cb69f9', @p14='2026-09-23T21:49:27.8130465Z' (DbType = DateTime), @p15='أقراص فوارة لدعم المناعة ومقاومة الإرهاق' (Nullable = false), @p16='1200', @p17='True', @p18='False', @p19='فيتامين سي 1000 ملغ فوار' (Nullable = false), @p20='1600', @p21='ExternalStore' (Nullable = false), @p22='4695f5c4-79ea-4796-9a83-293acb9f35b8', @p23='2026-09-23T21:49:27.8130465Z' (DbType = DateTime), @p24='a5bca912-95f7-4828-af15-481b84acb5ff', @p25='7bc0b7a1-4753-468c-8d5f-b4f94c9b54f5', @p26='2026-09-23T21:49:27.8130438Z' (DbType = DateTime), @p27='زيت ذرة نقي وخفيف مناسب لجميع الطبخات' (Nullable = false), @p28='2800', @p29='True', @p30='False', @p31='زيت طبخ نقي 1.5 لتر' (Nullable = false), @p32='3300', @p33='InStock' (Nullable = false), @p34='8b62ec41-444d-4fbb-ada7-195da81e77d8', @p35='2026-09-23T21:49:27.8130443Z' (DbType = DateTime), @p36='cbacc1d5-4ddb-40c3-bc38-27dc6a61550e', @p37='7bc0b7a1-4753-468c-8d5f-b4f94c9b54f5', @p38='2026-09-23T21:49:27.8114137Z' (DbType = DateTime), @p39='أرز هندي حبة طويلة أصلي عالي الجودة' (Nullable = false), @p40='4500', @p41='True', @p42='False', @p43='أرز بسمتي درجة أولى 5 كجم' (Nullable = false), @p44='5200', @p45='InStock' (Nullable = false), @p46='8b62ec41-444d-4fbb-ada7-195da81e77d8', @p47='2026-09-23T21:49:27.8114146Z' (DbType = DateTime)], CommandType='"Text"', CommandTimeout='30']
INSERT INTO "Products" ("Id", "CategoryId", "CreatedAt", "Description", "ExpectedPurchasePrice", "IsActive", "IsDeleted", "Name", "SellingPrice", "SourceType", "StoreId", "UpdatedAt")
VALUES (@p0, @p1, @p2, @p3, @p4, @p5, @p6, @p7, @p8, @p9, @p10, @p11);
INSERT INTO "Products" ("Id", "CategoryId", "CreatedAt", "Description", "ExpectedPurchasePrice", "IsActive", "IsDeleted", "Name", "SellingPrice", "SourceType", "StoreId", "UpdatedAt")
VALUES (@p12, @p13, @p14, @p15, @p16, @p17, @p18, @p19, @p20, @p21, @p22, @p23);
INSERT INTO "Products" ("Id", "CategoryId", "CreatedAt", "Description", "ExpectedPurchasePrice", "IsActive", "IsDeleted", "Name", "SellingPrice", "SourceType", "StoreId", "UpdatedAt")
VALUES (@p24, @p25, @p26, @p27, @p28, @p29, @p30, @p31, @p32, @p33, @p34, @p35);
INSERT INTO "Products" ("Id", "CategoryId", "CreatedAt", "Description", "ExpectedPurchasePrice", "IsActive", "IsDeleted", "Name", "SellingPrice", "SourceType", "StoreId", "UpdatedAt")
VALUES (@p36, @p37, @p38, @p39, @p40, @p41, @p42, @p43, @p44, @p45, @p46, @p47);
2026-09-24 00:49:28.018 +03:00 [INF] Executed DbCommand (8ms) [Parameters=[@p0='ba6cac95-d519-49a4-80f3-284951c35326', @p1='2026-09-23T21:49:27.9183425Z' (DbType = DateTime), @p2='a5bca912-95f7-4828-af15-481b84acb5ff', @p3='80', @p4='2026-09-23T21:49:27.9183426Z' (DbType = DateTime), @p5='cfa697c6-7edf-4218-ac6f-fc27ec22052d', @p6='2026-09-23T21:49:27.9180336Z' (DbType = DateTime), @p7='cbacc1d5-4ddb-40c3-bc38-27dc6a61550e', @p8='50', @p9='2026-09-23T21:49:27.9180360Z' (DbType = DateTime), @p10='55b08d3e-8fdc-43d9-9122-b2a81065dd86', @p11='2026-09-23T21:49:27.9453240Z' (DbType = DateTime), @p12='00000000-0000-0000-0000-000000000000', @p13=NULL (DbType = Guid), @p14='رصيد افتتاحي للمخزن', @p15=NULL (DbType = Guid), @p16='cbacc1d5-4ddb-40c3-bc38-27dc6a61550e', @p17='50', @p18=NULL, @p19='StockIn' (Nullable = false), @p20='2026-09-23T21:49:27.9453246Z' (DbType = DateTime), @p21='a4eb867d-a731-472e-b770-3d7c81d71ddf', @p22='2026-09-23T21:49:27.9457400Z' (DbType = DateTime), @p23='00000000-0000-0000-0000-000000000000', @p24=NULL (DbType = Guid), @p25='رصيد افتتاحي للمخزن', @p26=NULL (DbType = Guid), @p27='a5bca912-95f7-4828-af15-481b84acb5ff', @p28='80', @p29=NULL, @p30='StockIn' (Nullable = false), @p31='2026-09-23T21:49:27.9457401Z' (DbType = DateTime)], CommandType='"Text"', CommandTimeout='30']
INSERT INTO "Inventories" ("Id", "CreatedAt", "ProductId", "Quantity", "UpdatedAt")
VALUES (@p0, @p1, @p2, @p3, @p4);
INSERT INTO "Inventories" ("Id", "CreatedAt", "ProductId", "Quantity", "UpdatedAt")
VALUES (@p5, @p6, @p7, @p8, @p9);
INSERT INTO "InventoryTransactions" ("Id", "CreatedAt", "CreatedBy", "InventoryId", "Note", "OrderId", "ProductId", "Quantity", "Reference", "Type", "UpdatedAt")
VALUES (@p10, @p11, @p12, @p13, @p14, @p15, @p16, @p17, @p18, @p19, @p20);
INSERT INTO "InventoryTransactions" ("Id", "CreatedAt", "CreatedBy", "InventoryId", "Note", "OrderId", "ProductId", "Quantity", "Reference", "Type", "UpdatedAt")
VALUES (@p21, @p22, @p23, @p24, @p25, @p26, @p27, @p28, @p29, @p30, @p31);
2026-09-24 00:49:28.020 +03:00 [INF] Database seeded successfully with initial data.
2026-09-24 00:49:28.029 +03:00 [INF] BS Store API starting on Development
2026-09-24 00:49:28.150 +03:00 [WRN] The WebRootPath was not found: D:\MyProjects\BS_Store\backend\src\BSStore.API\wwwroot. Static files may be unavailable.
2026-09-24 00:49:58.302 +03:00 [INF] Executed DbCommand (2ms) [Parameters=[], CommandType='"Text"', CommandTimeout='30']
SELECT c."Id", c."Name", c."IconName", c."SortOrder", (
    SELECT count(*)::int
    FROM "Products" AS p
    WHERE NOT (p."IsDeleted") AND p."CategoryId" = c."Id" AND p."IsActive")
FROM "Categories" AS c
WHERE c."IsActive"
ORDER BY c."SortOrder"
2026-09-24 00:49:58.388 +03:00 [INF] HTTP GET /api/categories responded 200 in 335.6051 ms
2026-09-24 00:50:09.712 +03:00 [INF] Executed DbCommand (2ms) [Parameters=[], CommandType='"Text"', CommandTimeout='30']
SELECT count(*)::int
FROM "Products" AS p
WHERE NOT (p."IsDeleted") AND p."IsActive"
2026-09-24 00:50:09.896 +03:00 [INF] Executed DbCommand (5ms) [Parameters=[@p0='20', @p='0'], CommandType='"Text"', CommandTimeout='30']
SELECT p0."Id", p0."Name", p0."Description", p0."CategoryId", c."Name", p0."StoreId", s."Name", p0."SourceType", p0."SellingPrice", i."Quantity", p0."IsActive", c."Id", s."Id", i."Id", p1."ImageKey", p1."Id"
FROM (
    SELECT p."Id", p."CategoryId", p."CreatedAt", p."Description", p."IsActive", p."Name", p."SellingPrice", p."SourceType", p."StoreId"
    FROM "Products" AS p
    WHERE NOT (p."IsDeleted") AND p."IsActive"
    ORDER BY p."CreatedAt" DESC
    LIMIT @p0 OFFSET @p
) AS p0
INNER JOIN "Categories" AS c ON p0."CategoryId" = c."Id"
INNER JOIN "Stores" AS s ON p0."StoreId" = s."Id"
LEFT JOIN "Inventories" AS i ON p0."Id" = i."ProductId"
LEFT JOIN "ProductImages" AS p1 ON p0."Id" = p1."ProductId"
ORDER BY p0."CreatedAt" DESC, p0."Id", c."Id", s."Id", i."Id", p1."SortOrder"
2026-09-24 00:50:09.967 +03:00 [INF] HTTP GET /api/products responded 200 in 402.4866 ms
2026-09-24 00:50:23.433 +03:00 [INF] Executed DbCommand (2ms) [Parameters=[@request_Phone='777000000'], CommandType='"Text"', CommandTimeout='30']
SELECT u."Id", u."CreatedAt", u."Email", u."FcmToken", u."IsActive", u."PasswordHash", u."Phone", u."Role", u."UpdatedAt", c."Id", c."CreatedAt", c."FullName", c."ProfileImageKey", c."UpdatedAt", c."UserId", d."Id", d."CreatedAt", d."FullName", d."Phone", d."Status", d."UpdatedAt", d."UserId"
FROM "Users" AS u
LEFT JOIN "Customers" AS c ON u."Id" = c."UserId"
LEFT JOIN "Drivers" AS d ON u."Id" = d."UserId"
WHERE u."Phone" = @request_Phone
LIMIT 1
2026-09-24 00:50:23.994 +03:00 [INF] Executed DbCommand (3ms) [Parameters=[@p0='b8c5d197-91c7-4a5e-90d2-b669cfb4017a', @p1='2026-09-23T21:50:23.9658545Z' (DbType = DateTime), @p2='2026-10-23T21:50:23.9653497Z' (DbType = DateTime), @p3='False', @p4='lYOpByhGF5FIRnIJq515ir5I5dnHqPost58IxqNA5ms=' (Nullable = false), @p5='2026-09-23T21:50:23.9658547Z' (DbType = DateTime), @p6='4c39b4c4-f51d-4fad-a42c-d03db9ef7d62'], CommandType='"Text"', CommandTimeout='30']
INSERT INTO "RefreshTokens" ("Id", "CreatedAt", "ExpiresAt", "IsRevoked", "TokenHash", "UpdatedAt", "UserId")
VALUES (@p0, @p1, @p2, @p3, @p4, @p5, @p6);
2026-09-24 00:50:24.002 +03:00 [INF] HTTP POST /api/auth/login responded 200 in 693.7657 ms
2026-09-24 00:50:24.040 +03:00 [INF] Executed DbCommand (1ms) [Parameters=[@request_Phone='777000222'], CommandType='"Text"', CommandTimeout='30']
SELECT u."Id", u."CreatedAt", u."Email", u."FcmToken", u."IsActive", u."PasswordHash", u."Phone", u."Role", u."UpdatedAt", c."Id", c."CreatedAt", c."FullName", c."ProfileImageKey", c."UpdatedAt", c."UserId", d."Id", d."CreatedAt", d."FullName", d."Phone", d."Status", d."UpdatedAt", d."UserId"
FROM "Users" AS u
LEFT JOIN "Customers" AS c ON u."Id" = c."UserId"
LEFT JOIN "Drivers" AS d ON u."Id" = d."UserId"
WHERE u."Phone" = @request_Phone
LIMIT 1
2026-09-24 00:50:24.534 +03:00 [INF] Executed DbCommand (2ms) [Parameters=[@p0='b8551329-a3d1-4e11-9728-aca6a32f05a4', @p1='2026-09-23T21:50:24.5311445Z' (DbType = DateTime), @p2='2026-10-23T21:50:24.5311249Z' (DbType = DateTime), @p3='False', @p4='20gHp4AewNQQ9vFxw4rONoOjC04JOb34xjKoi7QHDig=' (Nullable = false), @p5='2026-09-23T21:50:24.5311446Z' (DbType = DateTime), @p6='59da3500-6778-4c0a-aea5-50b46cf4745e'], CommandType='"Text"', CommandTimeout='30']
INSERT INTO "RefreshTokens" ("Id", "CreatedAt", "ExpiresAt", "IsRevoked", "TokenHash", "UpdatedAt", "UserId")
VALUES (@p0, @p1, @p2, @p3, @p4, @p5, @p6);
2026-09-24 00:50:24.536 +03:00 [INF] HTTP POST /api/auth/login responded 200 in 519.1692 ms
2026-09-24 00:50:24.666 +03:00 [INF] Executed DbCommand (2ms) [Parameters=[@today='2026-09-23T00:00:00.0000000Z' (DbType = DateTime)], CommandType='"Text"', CommandTimeout='30']
SELECT count(*)::int
FROM "Orders" AS o
WHERE o."CreatedAt" >= @today
2026-09-24 00:50:24.694 +03:00 [INF] Executed DbCommand (1ms) [Parameters=[@today='2026-09-23T00:00:00.0000000Z' (DbType = DateTime)], CommandType='"Text"', CommandTimeout='30']
SELECT COALESCE(sum(o."TotalAmount"), 0.0)
FROM "Orders" AS o
WHERE o."CreatedAt" >= @today AND o."Status" <> 'Cancelled'
2026-09-24 00:50:24.711 +03:00 [INF] Executed DbCommand (3ms) [Parameters=[], CommandType='"Text"', CommandTimeout='30']
SELECT count(*)::int
FROM "Payments" AS p
WHERE p."Status" = 'PendingVerification'
2026-09-24 00:50:24.731 +03:00 [INF] Executed DbCommand (1ms) [Parameters=[], CommandType='"Text"', CommandTimeout='30']
SELECT count(*)::int
FROM "Orders" AS o
WHERE o."Status" IN ('SearchingDriver', 'Confirmed')
2026-09-24 00:50:24.738 +03:00 [INF] Executed DbCommand (1ms) [Parameters=[], CommandType='"Text"', CommandTimeout='30']
SELECT count(*)::int
FROM "Drivers" AS d
WHERE d."Status" IN ('Online', 'Busy')
2026-09-24 00:50:24.744 +03:00 [INF] Executed DbCommand (1ms) [Parameters=[], CommandType='"Text"', CommandTimeout='30']
SELECT count(*)::int
FROM "Inventories" AS i
WHERE i."Quantity" <= 5
2026-09-24 00:50:24.748 +03:00 [INF] HTTP GET /api/admin/dashboard responded 200 in 176.0689 ms
2026-09-24 00:50:38.900 +03:00 [INF] Executed DbCommand (1ms) [Parameters=[@request_Phone='777000111'], CommandType='"Text"', CommandTimeout='30']
SELECT u."Id", u."CreatedAt", u."Email", u."FcmToken", u."IsActive", u."PasswordHash", u."Phone", u."Role", u."UpdatedAt", c."Id", c."CreatedAt", c."FullName", c."ProfileImageKey", c."UpdatedAt", c."UserId", d."Id", d."CreatedAt", d."FullName", d."Phone", d."Status", d."UpdatedAt", d."UserId"
FROM "Users" AS u
LEFT JOIN "Customers" AS c ON u."Id" = c."UserId"
LEFT JOIN "Drivers" AS d ON u."Id" = d."UserId"
WHERE u."Phone" = @request_Phone
LIMIT 1
2026-09-24 00:50:39.604 +03:00 [INF] Executed DbCommand (2ms) [Parameters=[@p0='d686129b-4ace-4fc7-81b9-1f4ae46b11f6', @p1='2026-09-23T21:50:39.5904538Z' (DbType = DateTime), @p2='2026-10-23T21:50:39.5904318Z' (DbType = DateTime), @p3='False', @p4='H6o0Q0c+X4ijIOZ4R0fyxJBcPi4goemr6fDTu8WZOjM=' (Nullable = false), @p5='2026-09-23T21:50:39.5904539Z' (DbType = DateTime), @p6='fc97c853-7ee4-449b-b3e0-1f5c1efe77a8'], CommandType='"Text"', CommandTimeout='30']
INSERT INTO "RefreshTokens" ("Id", "CreatedAt", "ExpiresAt", "IsRevoked", "TokenHash", "UpdatedAt", "UserId")
VALUES (@p0, @p1, @p2, @p3, @p4, @p5, @p6);
2026-09-24 00:50:39.606 +03:00 [INF] HTTP POST /api/auth/login responded 200 in 712.5273 ms
2026-09-24 00:50:39.710 +03:00 [INF] Executed DbCommand (1ms) [Parameters=[], CommandType='"Text"', CommandTimeout='30']
SELECT count(*)::int
FROM "Products" AS p
WHERE NOT (p."IsDeleted") AND p."IsActive"
2026-09-24 00:50:39.714 +03:00 [INF] Executed DbCommand (2ms) [Parameters=[@p0='20', @p='0'], CommandType='"Text"', CommandTimeout='30']
SELECT p0."Id", p0."Name", p0."Description", p0."CategoryId", c."Name", p0."StoreId", s."Name", p0."SourceType", p0."SellingPrice", i."Quantity", p0."IsActive", c."Id", s."Id", i."Id", p1."ImageKey", p1."Id"
FROM (
    SELECT p."Id", p."CategoryId", p."CreatedAt", p."Description", p."IsActive", p."Name", p."SellingPrice", p."SourceType", p."StoreId"
    FROM "Products" AS p
    WHERE NOT (p."IsDeleted") AND p."IsActive"
    ORDER BY p."CreatedAt" DESC
    LIMIT @p0 OFFSET @p
) AS p0
INNER JOIN "Categories" AS c ON p0."CategoryId" = c."Id"
INNER JOIN "Stores" AS s ON p0."StoreId" = s."Id"
LEFT JOIN "Inventories" AS i ON p0."Id" = i."ProductId"
LEFT JOIN "ProductImages" AS p1 ON p0."Id" = p1."ProductId"
ORDER BY p0."CreatedAt" DESC, p0."Id", c."Id", s."Id", i."Id", p1."SortOrder"
2026-09-24 00:50:39.715 +03:00 [INF] HTTP GET /api/products responded 200 in 8.0552 ms
2026-09-24 00:50:39.777 +03:00 [INF] Executed DbCommand (1ms) [Parameters=[@request_ProductId='cbacc1d5-4ddb-40c3-bc38-27dc6a61550e'], CommandType='"Text"', CommandTimeout='30']
SELECT p."Id", p."CategoryId", p."CreatedAt", p."Description", p."ExpectedPurchasePrice", p."IsActive", p."IsDeleted", p."Name", p."SellingPrice", p."SourceType", p."StoreId", p."UpdatedAt"
FROM "Products" AS p
WHERE NOT (p."IsDeleted") AND p."Id" = @request_ProductId AND p."IsActive"
LIMIT 1
2026-09-24 00:50:39.844 +03:00 [INF] Executed DbCommand (4ms) [Parameters=[@userId='fc97c853-7ee4-449b-b3e0-1f5c1efe77a8'], CommandType='"Text"', CommandTimeout='30']
SELECT s0."Id", s0."CreatedAt", s0."FullName", s0."ProfileImageKey", s0."UpdatedAt", s0."UserId", s0."Id0", s0."CreatedAt0", s0."CustomerId", s0."UpdatedAt0", s1."Id", s1."AddedAt", s1."CartId", s1."CreatedAt", s1."Notes", s1."ProductId", s1."Quantity", s1."UpdatedAt", s1."Id0", s1."CategoryId", s1."CreatedAt0", s1."Description", s1."ExpectedPurchasePrice", s1."IsActive", s1."IsDeleted", s1."Name", s1."SellingPrice", s1."SourceType", s1."StoreId", s1."UpdatedAt0", s1."Id1", s1."Address", s1."CreatedAt1", s1."ImageKey", s1."IsActive0", s1."Latitude", s1."Longitude", s1."Name0", s1."Phone", s1."UpdatedAt1"
FROM (
    SELECT c."Id", c."CreatedAt", c."FullName", c."ProfileImageKey", c."UpdatedAt", c."UserId", c0."Id" AS "Id0", c0."CreatedAt" AS "CreatedAt0", c0."CustomerId", c0."UpdatedAt" AS "UpdatedAt0"
    FROM "Customers" AS c
    LEFT JOIN "Carts" AS c0 ON c."Id" = c0."CustomerId"
    WHERE c."UserId" = @userId
    LIMIT 1
) AS s0
LEFT JOIN (
    SELECT c1."Id", c1."AddedAt", c1."CartId", c1."CreatedAt", c1."Notes", c1."ProductId", c1."Quantity", c1."UpdatedAt", p0."Id" AS "Id0", p0."CategoryId", p0."CreatedAt" AS "CreatedAt0", p0."Description", p0."ExpectedPurchasePrice", p0."IsActive", p0."IsDeleted", p0."Name", p0."SellingPrice", p0."SourceType", p0."StoreId", p0."UpdatedAt" AS "UpdatedAt0", s."Id" AS "Id1", s."Address", s."CreatedAt" AS "CreatedAt1", s."ImageKey", s."IsActive" AS "IsActive0", s."Latitude", s."Longitude", s."Name" AS "Name0", s."Phone", s."UpdatedAt" AS "UpdatedAt1"
    FROM "CartItems" AS c1
    INNER JOIN (
        SELECT p."Id", p."CategoryId", p."CreatedAt", p."Description", p."ExpectedPurchasePrice", p."IsActive", p."IsDeleted", p."Name", p."SellingPrice", p."SourceType", p."StoreId", p."UpdatedAt"
        FROM "Products" AS p
        WHERE NOT (p."IsDeleted")
    ) AS p0 ON c1."ProductId" = p0."Id"
    INNER JOIN "Stores" AS s ON p0."StoreId" = s."Id"
) AS s1 ON s0."Id0" = s1."CartId"
ORDER BY s0."Id", s0."Id0", s1."Id", s1."Id0"
2026-09-24 00:50:39.954 +03:00 [INF] Executed DbCommand (1ms) [Parameters=[@p7='ad24b535-a17e-4016-81f9-87261579ab21', @p0='2026-09-23T21:50:39.8694456Z' (DbType = DateTime), @p1='af682ed6-e856-4a4c-b402-fe447fe6e415', @p2='2026-09-23T21:50:39.8694496Z' (DbType = DateTime), @p3='???? ?????? ?? ????? ???????', @p4='cbacc1d5-4ddb-40c3-bc38-27dc6a61550e', @p5='2', @p6='2026-09-23T21:50:39.9433324Z' (DbType = DateTime)], CommandType='"Text"', CommandTimeout='30']
UPDATE "CartItems" SET "AddedAt" = @p0, "CartId" = @p1, "CreatedAt" = @p2, "Notes" = @p3, "ProductId" = @p4, "Quantity" = @p5, "UpdatedAt" = @p6
WHERE "Id" = @p7;
2026-09-24 00:50:39.964 +03:00 [ERR] HTTP POST /api/cart/items responded 500 in 222.1233 ms
Microsoft.EntityFrameworkCore.DbUpdateConcurrencyException: The database operation was expected to affect 1 row(s), but actually affected 0 row(s); data may have been modified or deleted since entities were loaded. See https://go.microsoft.com/fwlink/?LinkId=527962 for information on understanding and handling optimistic concurrency exceptions.
   at Npgsql.EntityFrameworkCore.PostgreSQL.Update.Internal.NpgsqlModificationCommandBatch.ThrowAggregateUpdateConcurrencyExceptionAsync(RelationalDataReader reader, Int32 commandIndex, Int32 expectedRowsAffected, Int32 rowsAffected, CancellationToken cancellationToken)
   at Npgsql.EntityFrameworkCore.PostgreSQL.Update.Internal.NpgsqlModificationCommandBatch.Consume(RelationalDataReader reader, Boolean async, CancellationToken cancellationToken)
   at Microsoft.EntityFrameworkCore.Update.ReaderModificationCommandBatch.ExecuteAsync(IRelationalConnection connection, CancellationToken cancellationToken)
   at Microsoft.EntityFrameworkCore.Update.ReaderModificationCommandBatch.ExecuteAsync(IRelationalConnection connection, CancellationToken cancellationToken)
   at Microsoft.EntityFrameworkCore.Update.Internal.BatchExecutor.ExecuteAsync(IEnumerable`1 commandBatches, IRelationalConnection connection, CancellationToken cancellationToken)
   at Microsoft.EntityFrameworkCore.Update.Internal.BatchExecutor.ExecuteAsync(IEnumerable`1 commandBatches, IRelationalConnection connection, CancellationToken cancellationToken)
   at Microsoft.EntityFrameworkCore.Update.Internal.BatchExecutor.ExecuteAsync(IEnumerable`1 commandBatches, IRelationalConnection connection, CancellationToken cancellationToken)
   at Microsoft.EntityFrameworkCore.Storage.RelationalDatabase.SaveChangesAsync(IList`1 entries, CancellationToken cancellationToken)
   at Microsoft.EntityFrameworkCore.ChangeTracking.Internal.StateManager.SaveChangesAsync(IList`1 entriesToSave, CancellationToken cancellationToken)
   at Microsoft.EntityFrameworkCore.ChangeTracking.Internal.StateManager.SaveChangesAsync(StateManager stateManager, Boolean acceptAllChangesOnSuccess, CancellationToken cancellationToken)
   at Npgsql.EntityFrameworkCore.PostgreSQL.Storage.Internal.NpgsqlExecutionStrategy.ExecuteAsync[TState,TResult](TState state, Func`4 operation, Func`4 verifySucceeded, CancellationToken cancellationToken)
   at Microsoft.EntityFrameworkCore.DbContext.SaveChangesAsync(Boolean acceptAllChangesOnSuccess, CancellationToken cancellationToken)
   at BSStore.API.Controllers.CartController.AddItem(AddToCartRequest request, CancellationToken ct) in D:\MyProjects\BS_Store\backend\src\BSStore.API\Controllers\CartController.cs:line 109
   at Microsoft.AspNetCore.Mvc.Infrastructure.ActionMethodExecutor.TaskOfIActionResultExecutor.Execute(ActionContext actionContext, IActionResultTypeMapper mapper, ObjectMethodExecutor executor, Object controller, Object[] arguments)
   at Microsoft.AspNetCore.Mvc.Infrastructure.ControllerActionInvoker.<InvokeActionMethodAsync>g__Awaited|12_0(ControllerActionInvoker invoker, ValueTask`1 actionResultValueTask)
   at Microsoft.AspNetCore.Mvc.Infrastructure.ControllerActionInvoker.<InvokeNextActionFilterAsync>g__Awaited|10_0(ControllerActionInvoker invoker, Task lastTask, State next, Scope scope, Object state, Boolean isCompleted)
   at Microsoft.AspNetCore.Mvc.Infrastructure.ControllerActionInvoker.Rethrow(ActionExecutedContextSealed context)
   at Microsoft.AspNetCore.Mvc.Infrastructure.ControllerActionInvoker.Next(State& next, Scope& scope, Object& state, Boolean& isCompleted)
   at Microsoft.AspNetCore.Mvc.Infrastructure.ControllerActionInvoker.<InvokeInnerFilterAsync>g__Awaited|13_0(ControllerActionInvoker invoker, Task lastTask, State next, Scope scope, Object state, Boolean isCompleted)
   at Microsoft.AspNetCore.Mvc.Infrastructure.ResourceInvoker.<InvokeFilterPipelineAsync>g__Awaited|20_0(ResourceInvoker invoker, Task lastTask, State next, Scope scope, Object state, Boolean isCompleted)
   at Microsoft.AspNetCore.Mvc.Infrastructure.ResourceInvoker.<InvokeAsync>g__Awaited|17_0(ResourceInvoker invoker, Task task, IDisposable scope)
   at Microsoft.AspNetCore.Mvc.Infrastructure.ResourceInvoker.<InvokeAsync>g__Awaited|17_0(ResourceInvoker invoker, Task task, IDisposable scope)
   at Microsoft.AspNetCore.Authorization.AuthorizationMiddleware.Invoke(HttpContext context)
   at Microsoft.AspNetCore.Authentication.AuthenticationMiddleware.Invoke(HttpContext context)
   at Microsoft.AspNetCore.RateLimiting.RateLimitingMiddleware.InvokeInternal(HttpContext context, EnableRateLimitingAttribute enableRateLimitingAttribute)
   at Swashbuckle.AspNetCore.SwaggerUI.SwaggerUIMiddleware.Invoke(HttpContext httpContext)
   at Swashbuckle.AspNetCore.Swagger.SwaggerMiddleware.Invoke(HttpContext httpContext, ISwaggerProvider swaggerProvider)
   at Serilog.AspNetCore.RequestLoggingMiddleware.Invoke(HttpContext httpContext)
2026-09-24 00:50:39.986 +03:00 [ERR] Unhandled exception: The database operation was expected to affect 1 row(s), but actually affected 0 row(s); data may have been modified or deleted since entities were loaded. See https://go.microsoft.com/fwlink/?LinkId=527962 for information on understanding and handling optimistic concurrency exceptions.
Microsoft.EntityFrameworkCore.DbUpdateConcurrencyException: The database operation was expected to affect 1 row(s), but actually affected 0 row(s); data may have been modified or deleted since entities were loaded. See https://go.microsoft.com/fwlink/?LinkId=527962 for information on understanding and handling optimistic concurrency exceptions.
   at Npgsql.EntityFrameworkCore.PostgreSQL.Update.Internal.NpgsqlModificationCommandBatch.ThrowAggregateUpdateConcurrencyExceptionAsync(RelationalDataReader reader, Int32 commandIndex, Int32 expectedRowsAffected, Int32 rowsAffected, CancellationToken cancellationToken)
   at Npgsql.EntityFrameworkCore.PostgreSQL.Update.Internal.NpgsqlModificationCommandBatch.Consume(RelationalDataReader reader, Boolean async, CancellationToken cancellationToken)
   at Microsoft.EntityFrameworkCore.Update.ReaderModificationCommandBatch.ExecuteAsync(IRelationalConnection connection, CancellationToken cancellationToken)
   at Microsoft.EntityFrameworkCore.Update.ReaderModificationCommandBatch.ExecuteAsync(IRelationalConnection connection, CancellationToken cancellationToken)
   at Microsoft.EntityFrameworkCore.Update.Internal.BatchExecutor.ExecuteAsync(IEnumerable`1 commandBatches, IRelationalConnection connection, CancellationToken cancellationToken)
   at Microsoft.EntityFrameworkCore.Update.Internal.BatchExecutor.ExecuteAsync(IEnumerable`1 commandBatches, IRelationalConnection connection, CancellationToken cancellationToken)
   at Microsoft.EntityFrameworkCore.Update.Internal.BatchExecutor.ExecuteAsync(IEnumerable`1 commandBatches, IRelationalConnection connection, CancellationToken cancellationToken)
   at Microsoft.EntityFrameworkCore.Storage.RelationalDatabase.SaveChangesAsync(IList`1 entries, CancellationToken cancellationToken)
   at Microsoft.EntityFrameworkCore.ChangeTracking.Internal.StateManager.SaveChangesAsync(IList`1 entriesToSave, CancellationToken cancellationToken)
   at Microsoft.EntityFrameworkCore.ChangeTracking.Internal.StateManager.SaveChangesAsync(StateManager stateManager, Boolean acceptAllChangesOnSuccess, CancellationToken cancellationToken)
   at Npgsql.EntityFrameworkCore.PostgreSQL.Storage.Internal.NpgsqlExecutionStrategy.ExecuteAsync[TState,TResult](TState state, Func`4 operation, Func`4 verifySucceeded, CancellationToken cancellationToken)
   at Microsoft.EntityFrameworkCore.DbContext.SaveChangesAsync(Boolean acceptAllChangesOnSuccess, CancellationToken cancellationToken)
   at BSStore.API.Controllers.CartController.AddItem(AddToCartRequest request, CancellationToken ct) in D:\MyProjects\BS_Store\backend\src\BSStore.API\Controllers\CartController.cs:line 109
   at Microsoft.AspNetCore.Mvc.Infrastructure.ActionMethodExecutor.TaskOfIActionResultExecutor.Execute(ActionContext actionContext, IActionResultTypeMapper mapper, ObjectMethodExecutor executor, Object controller, Object[] arguments)
   at Microsoft.AspNetCore.Mvc.Infrastructure.ControllerActionInvoker.<InvokeActionMethodAsync>g__Awaited|12_0(ControllerActionInvoker invoker, ValueTask`1 actionResultValueTask)
   at Microsoft.AspNetCore.Mvc.Infrastructure.ControllerActionInvoker.<InvokeNextActionFilterAsync>g__Awaited|10_0(ControllerActionInvoker invoker, Task lastTask, State next, Scope scope, Object state, Boolean isCompleted)
   at Microsoft.AspNetCore.Mvc.Infrastructure.ControllerActionInvoker.Rethrow(ActionExecutedContextSealed context)
   at Microsoft.AspNetCore.Mvc.Infrastructure.ControllerActionInvoker.Next(State& next, Scope& scope, Object& state, Boolean& isCompleted)
   at Microsoft.AspNetCore.Mvc.Infrastructure.ControllerActionInvoker.<InvokeInnerFilterAsync>g__Awaited|13_0(ControllerActionInvoker invoker, Task lastTask, State next, Scope scope, Object state, Boolean isCompleted)
   at Microsoft.AspNetCore.Mvc.Infrastructure.ResourceInvoker.<InvokeFilterPipelineAsync>g__Awaited|20_0(ResourceInvoker invoker, Task lastTask, State next, Scope scope, Object state, Boolean isCompleted)
   at Microsoft.AspNetCore.Mvc.Infrastructure.ResourceInvoker.<InvokeAsync>g__Awaited|17_0(ResourceInvoker invoker, Task task, IDisposable scope)
   at Microsoft.AspNetCore.Mvc.Infrastructure.ResourceInvoker.<InvokeAsync>g__Awaited|17_0(ResourceInvoker invoker, Task task, IDisposable scope)
   at Microsoft.AspNetCore.Authorization.AuthorizationMiddleware.Invoke(HttpContext context)
   at Microsoft.AspNetCore.Authentication.AuthenticationMiddleware.Invoke(HttpContext context)
   at Microsoft.AspNetCore.RateLimiting.RateLimitingMiddleware.InvokeInternal(HttpContext context, EnableRateLimitingAttribute enableRateLimitingAttribute)
   at Swashbuckle.AspNetCore.SwaggerUI.SwaggerUIMiddleware.Invoke(HttpContext httpContext)
   at Swashbuckle.AspNetCore.Swagger.SwaggerMiddleware.Invoke(HttpContext httpContext, ISwaggerProvider swaggerProvider)
   at Serilog.AspNetCore.RequestLoggingMiddleware.Invoke(HttpContext httpContext)
   at BSStore.API.Middleware.ExceptionHandlingMiddleware.InvokeAsync(HttpContext context) in D:\MyProjects\BS_Store\backend\src\BSStore.API\Middleware\ExceptionHandlingMiddleware.cs:line 23
2026-09-24 00:50:40.327 +03:00 [WRN] Compiling a query which loads related collections for more than one collection navigation, either via 'Include' or through projection, but no 'QuerySplittingBehavior' has been configured. By default, Entity Framework will use 'QuerySplittingBehavior.SingleQuery', which can potentially result in slow query performance. See https://go.microsoft.com/fwlink/?linkid=2134277 for more information. To identify the query that's triggering this warning call 'ConfigureWarnings(w => w.Throw(RelationalEventId.MultipleCollectionIncludeWarning))'.
2026-09-24 00:50:40.383 +03:00 [INF] Executed DbCommand (4ms) [Parameters=[@userId='fc97c853-7ee4-449b-b3e0-1f5c1efe77a8'], CommandType='"Text"', CommandTimeout='30']
SELECT s0."Id", s0."CreatedAt", s0."FullName", s0."ProfileImageKey", s0."UpdatedAt", s0."UserId", s0."Id0", a."Id", a."Building", a."City", a."CreatedAt", a."CustomerId", a."Description", a."District", a."IsDefault", a."Label", a."Latitude", a."Longitude", a."Street", a."UpdatedAt", s0."CreatedAt0", s0."CustomerId", s0."UpdatedAt0", s1."Id", s1."AddedAt", s1."CartId", s1."CreatedAt", s1."Notes", s1."ProductId", s1."Quantity", s1."UpdatedAt", s1."Id0", s1."CategoryId", s1."CreatedAt0", s1."Description", s1."ExpectedPurchasePrice", s1."IsActive", s1."IsDeleted", s1."Name", s1."SellingPrice", s1."SourceType", s1."StoreId", s1."UpdatedAt0", s1."Id1", s1."Address", s1."CreatedAt1", s1."ImageKey", s1."IsActive0", s1."Latitude", s1."Longitude", s1."Name0", s1."Phone", s1."UpdatedAt1", s1."Id2", s1."CreatedAt2", s1."ProductId0", s1."Quantity0", s1."UpdatedAt2"
FROM (
    SELECT c."Id", c."CreatedAt", c."FullName", c."ProfileImageKey", c."UpdatedAt", c."UserId", c0."Id" AS "Id0", c0."CreatedAt" AS "CreatedAt0", c0."CustomerId", c0."UpdatedAt" AS "UpdatedAt0"
    FROM "Customers" AS c
    LEFT JOIN "Carts" AS c0 ON c."Id" = c0."CustomerId"
    WHERE c."UserId" = @userId
    LIMIT 1
) AS s0
LEFT JOIN "Addresses" AS a ON s0."Id" = a."CustomerId"
LEFT JOIN (
    SELECT c1."Id", c1."AddedAt", c1."CartId", c1."CreatedAt", c1."Notes", c1."ProductId", c1."Quantity", c1."UpdatedAt", p0."Id" AS "Id0", p0."CategoryId", p0."CreatedAt" AS "CreatedAt0", p0."Description", p0."ExpectedPurchasePrice", p0."IsActive", p0."IsDeleted", p0."Name", p0."SellingPrice", p0."SourceType", p0."StoreId", p0."UpdatedAt" AS "UpdatedAt0", s."Id" AS "Id1", s."Address", s."CreatedAt" AS "CreatedAt1", s."ImageKey", s."IsActive" AS "IsActive0", s."Latitude", s."Longitude", s."Name" AS "Name0", s."Phone", s."UpdatedAt" AS "UpdatedAt1", i."Id" AS "Id2", i."CreatedAt" AS "CreatedAt2", i."ProductId" AS "ProductId0", i."Quantity" AS "Quantity0", i."UpdatedAt" AS "UpdatedAt2"
    FROM "CartItems" AS c1
    INNER JOIN (
        SELECT p."Id", p."CategoryId", p."CreatedAt", p."Description", p."ExpectedPurchasePrice", p."IsActive", p."IsDeleted", p."Name", p."SellingPrice", p."SourceType", p."StoreId", p."UpdatedAt"
        FROM "Products" AS p
        WHERE NOT (p."IsDeleted")
    ) AS p0 ON c1."ProductId" = p0."Id"
    INNER JOIN "Stores" AS s ON p0."StoreId" = s."Id"
    LEFT JOIN "Inventories" AS i ON p0."Id" = i."ProductId"
) AS s1 ON s0."Id0" = s1."CartId"
ORDER BY s0."Id", s0."Id0", a."Id", s1."Id", s1."Id0", s1."Id1"
2026-09-24 00:50:40.429 +03:00 [WRN] Compiling a query which loads related collections for more than one collection navigation, either via 'Include' or through projection, but no 'QuerySplittingBehavior' has been configured. By default, Entity Framework will use 'QuerySplittingBehavior.SingleQuery', which can potentially result in slow query performance. See https://go.microsoft.com/fwlink/?linkid=2134277 for more information. To identify the query that's triggering this warning call 'ConfigureWarnings(w => w.Throw(RelationalEventId.MultipleCollectionIncludeWarning))'.
2026-09-24 00:50:40.489 +03:00 [INF] Executed DbCommand (6ms) [Parameters=[@request_IdempotencyKey='447b038f-c0b5-4d07-9a27-3131f7a405cd'], CommandType='"Text"', CommandTimeout='30']
SELECT s1."Id", s1."AddressId", s1."CreatedAt", s1."CustomerId", s1."DeliveryFee", s1."Discount", s1."DriverId", s1."IdempotencyKey", s1."Notes", s1."OrderNumber", s1."PaymentMethod", s1."PaymentStatus", s1."Status", s1."SubTotal", s1."TotalAmount", s1."UpdatedAt", s1."Id0", s2."Id", s2."ActualPurchaseCost", s2."CreatedAt", s2."ExpectedPurchaseCost", s2."Notes", s2."OrderId", s2."Status", s2."StoreId", s2."SubTotal", s2."UpdatedAt", s2."Id0", s2."Id1", s2."ActualPurchasePrice", s2."CreatedAt0", s2."ExpectedProfitSnapshot", s2."ExpectedPurchasePriceSnapshot", s2."ProductId", s2."ProductNameSnapshot", s2."Quantity", s2."SellingPriceSnapshot", s2."SubOrderId", s2."TotalSellingPrice", s2."UpdatedAt0", s2."Address", s2."CreatedAt1", s2."ImageKey", s2."IsActive", s2."Latitude", s2."Longitude", s2."Name", s2."Phone", s2."UpdatedAt1", s1."Building", s1."City", s1."CreatedAt0", s1."CustomerId0", s1."Description", s1."District", s1."IsDefault", s1."Label", s1."Latitude", s1."Longitude", s1."Street", s1."UpdatedAt0"
FROM (
    SELECT o."Id", o."AddressId", o."CreatedAt", o."CustomerId", o."DeliveryFee", o."Discount", o."DriverId", o."IdempotencyKey", o."Notes", o."OrderNumber", o."PaymentMethod", o."PaymentStatus", o."Status", o."SubTotal", o."TotalAmount", o."UpdatedAt", a."Id" AS "Id0", a."Building", a."City", a."CreatedAt" AS "CreatedAt0", a."CustomerId" AS "CustomerId0", a."Description", a."District", a."IsDefault", a."Label", a."Latitude", a."Longitude", a."Street", a."UpdatedAt" AS "UpdatedAt0"
    FROM "Orders" AS o
    INNER JOIN "Addresses" AS a ON o."AddressId" = a."Id"
    WHERE o."IdempotencyKey" = @request_IdempotencyKey
    LIMIT 1
) AS s1
LEFT JOIN (
    SELECT s."Id", s."ActualPurchaseCost", s."CreatedAt", s."ExpectedPurchaseCost", s."Notes", s."OrderId", s."Status", s."StoreId", s."SubTotal", s."UpdatedAt", s0."Id" AS "Id0", o0."Id" AS "Id1", o0."ActualPurchasePrice", o0."CreatedAt" AS "CreatedAt0", o0."ExpectedProfitSnapshot", o0."ExpectedPurchasePriceSnapshot", o0."ProductId", o0."ProductNameSnapshot", o0."Quantity", o0."SellingPriceSnapshot", o0."SubOrderId", o0."TotalSellingPrice", o0."UpdatedAt" AS "UpdatedAt0", s0."Address", s0."CreatedAt" AS "CreatedAt1", s0."ImageKey", s0."IsActive", s0."Latitude", s0."Longitude", s0."Name", s0."Phone", s0."UpdatedAt" AS "UpdatedAt1"
    FROM "SubOrders" AS s
    INNER JOIN "Stores" AS s0 ON s."StoreId" = s0."Id"
    LEFT JOIN "OrderItems" AS o0 ON s."Id" = o0."SubOrderId"
) AS s2 ON s1."Id" = s2."OrderId"
ORDER BY s1."Id", s1."Id0", s2."Id", s2."Id0"
2026-09-24 00:50:40.494 +03:00 [INF] HTTP POST /api/checkout/place-order responded 400 in 264.2265 ms
2026-09-24 00:52:35.680 +03:00 [WRN] Entity 'Product' has a global query filter defined and is the required end of a relationship with the entity 'CartItem'. This may lead to unexpected results when the required entity is filtered out. Either configure the navigation as optional, or define matching query filters for both entities in the navigation. See https://go.microsoft.com/fwlink/?linkid=2131316 for more information.
2026-09-24 00:52:35.730 +03:00 [WRN] Entity 'Product' has a global query filter defined and is the required end of a relationship with the entity 'InventoryTransaction'. This may lead to unexpected results when the required entity is filtered out. Either configure the navigation as optional, or define matching query filters for both entities in the navigation. See https://go.microsoft.com/fwlink/?linkid=2131316 for more information.
2026-09-24 00:52:35.730 +03:00 [WRN] Entity 'Product' has a global query filter defined and is the required end of a relationship with the entity 'ProductImage'. This may lead to unexpected results when the required entity is filtered out. Either configure the navigation as optional, or define matching query filters for both entities in the navigation. See https://go.microsoft.com/fwlink/?linkid=2131316 for more information.
2026-09-24 00:52:35.740 +03:00 [WRN] Sensitive data logging is enabled. Log entries and exception messages may include sensitive application data; this mode should only be enabled during development.
2026-09-24 00:52:36.372 +03:00 [INF] Executed DbCommand (33ms) [Parameters=[], CommandType='"Text"', CommandTimeout='30']
SELECT "MigrationId", "ProductVersion"
FROM "__EFMigrationsHistory"
ORDER BY "MigrationId";
2026-09-24 00:52:36.859 +03:00 [INF] Executed DbCommand (15ms) [Parameters=[], CommandType='"Text"', CommandTimeout='30']
SELECT 1
2026-09-24 00:52:36.995 +03:00 [INF] Executed DbCommand (9ms) [Parameters=[], CommandType='"Text"', CommandTimeout='30']
CREATE TABLE IF NOT EXISTS "__EFMigrationsHistory" (
    "MigrationId" character varying(150) NOT NULL,
    "ProductVersion" character varying(32) NOT NULL,
    CONSTRAINT "PK___EFMigrationsHistory" PRIMARY KEY ("MigrationId")
);
2026-09-24 00:52:37.033 +03:00 [INF] Executed DbCommand (1ms) [Parameters=[], CommandType='"Text"', CommandTimeout='30']
LOCK TABLE "__EFMigrationsHistory" IN ACCESS EXCLUSIVE MODE
2026-09-24 00:52:37.041 +03:00 [INF] Executed DbCommand (3ms) [Parameters=[], CommandType='"Text"', CommandTimeout='30']
SELECT "MigrationId", "ProductVersion"
FROM "__EFMigrationsHistory"
ORDER BY "MigrationId";
2026-09-24 00:52:37.058 +03:00 [INF] Database migration applied successfully.
2026-09-24 00:52:37.520 +03:00 [INF] Executed DbCommand (2ms) [Parameters=[], CommandType='"Text"', CommandTimeout='30']
SELECT EXISTS (
    SELECT 1
    FROM "DeliverySettings" AS d)
2026-09-24 00:52:37.535 +03:00 [INF] Executed DbCommand (2ms) [Parameters=[], CommandType='"Text"', CommandTimeout='30']
SELECT EXISTS (
    SELECT 1
    FROM "PaymentSettings" AS p)
2026-09-24 00:52:37.544 +03:00 [INF] Executed DbCommand (1ms) [Parameters=[], CommandType='"Text"', CommandTimeout='30']
SELECT EXISTS (
    SELECT 1
    FROM "CancellationReasons" AS c)
2026-09-24 00:52:37.639 +03:00 [INF] Executed DbCommand (14ms) [Parameters=[@adminPhone='777000000'], CommandType='"Text"', CommandTimeout='30']
SELECT EXISTS (
    SELECT 1
    FROM "Users" AS u
    WHERE u."Phone" = @adminPhone)
2026-09-24 00:52:37.645 +03:00 [INF] Executed DbCommand (1ms) [Parameters=[@driverPhone='777000222'], CommandType='"Text"', CommandTimeout='30']
SELECT EXISTS (
    SELECT 1
    FROM "Users" AS u
    WHERE u."Phone" = @driverPhone)
2026-09-24 00:52:37.652 +03:00 [INF] Executed DbCommand (2ms) [Parameters=[], CommandType='"Text"', CommandTimeout='30']
SELECT EXISTS (
    SELECT 1
    FROM "Categories" AS c)
2026-09-24 00:52:37.663 +03:00 [INF] BS Store API starting on Development
2026-09-24 00:52:54.368 +03:00 [INF] Executed DbCommand (3ms) [Parameters=[@request_Phone='777000111'], CommandType='"Text"', CommandTimeout='30']
SELECT u."Id", u."CreatedAt", u."Email", u."FcmToken", u."IsActive", u."PasswordHash", u."Phone", u."Role", u."UpdatedAt", c."Id", c."CreatedAt", c."FullName", c."ProfileImageKey", c."UpdatedAt", c."UserId", d."Id", d."CreatedAt", d."FullName", d."Phone", d."Status", d."UpdatedAt", d."UserId"
FROM "Users" AS u
LEFT JOIN "Customers" AS c ON u."Id" = c."UserId"
LEFT JOIN "Drivers" AS d ON u."Id" = d."UserId"
WHERE u."Phone" = @request_Phone
LIMIT 1
2026-09-24 00:52:55.927 +03:00 [INF] Executed DbCommand (7ms) [Parameters=[@p0='3f9d7b84-de53-4787-92ff-258cc7f8c7cb', @p1='2026-09-23T21:52:55.7026503Z' (DbType = DateTime), @p2='2026-10-23T21:52:55.7021685Z' (DbType = DateTime), @p3='False', @p4='jFukKuhm704Wla3us90aQcrH1gRdJLIfVjJ2kWC+mGk=' (Nullable = false), @p5='2026-09-23T21:52:55.7026504Z' (DbType = DateTime), @p6='fc97c853-7ee4-449b-b3e0-1f5c1efe77a8'], CommandType='"Text"', CommandTimeout='30']
INSERT INTO "RefreshTokens" ("Id", "CreatedAt", "ExpiresAt", "IsRevoked", "TokenHash", "UpdatedAt", "UserId")
VALUES (@p0, @p1, @p2, @p3, @p4, @p5, @p6);
2026-09-24 00:52:55.997 +03:00 [INF] HTTP POST /api/auth/login responded 200 in 2068.0535 ms
2026-09-24 00:52:56.321 +03:00 [INF] Executed DbCommand (2ms) [Parameters=[], CommandType='"Text"', CommandTimeout='30']
SELECT count(*)::int
FROM "Products" AS p
WHERE NOT (p."IsDeleted") AND p."IsActive"
2026-09-24 00:52:56.454 +03:00 [INF] Executed DbCommand (5ms) [Parameters=[@p0='20', @p='0'], CommandType='"Text"', CommandTimeout='30']
SELECT p0."Id", p0."Name", p0."Description", p0."CategoryId", c."Name", p0."StoreId", s."Name", p0."SourceType", p0."SellingPrice", i."Quantity", p0."IsActive", c."Id", s."Id", i."Id", p1."ImageKey", p1."Id"
FROM (
    SELECT p."Id", p."CategoryId", p."CreatedAt", p."Description", p."IsActive", p."Name", p."SellingPrice", p."SourceType", p."StoreId"
    FROM "Products" AS p
    WHERE NOT (p."IsDeleted") AND p."IsActive"
    ORDER BY p."CreatedAt" DESC
    LIMIT @p0 OFFSET @p
) AS p0
INNER JOIN "Categories" AS c ON p0."CategoryId" = c."Id"
INNER JOIN "Stores" AS s ON p0."StoreId" = s."Id"
LEFT JOIN "Inventories" AS i ON p0."Id" = i."ProductId"
LEFT JOIN "ProductImages" AS p1 ON p0."Id" = p1."ProductId"
ORDER BY p0."CreatedAt" DESC, p0."Id", c."Id", s."Id", i."Id", p1."SortOrder"
2026-09-24 00:52:56.518 +03:00 [INF] HTTP GET /api/products responded 200 in 385.8858 ms
2026-09-24 00:52:56.673 +03:00 [INF] Executed DbCommand (1ms) [Parameters=[@request_ProductId='cbacc1d5-4ddb-40c3-bc38-27dc6a61550e'], CommandType='"Text"', CommandTimeout='30']
SELECT p."Id", p."CategoryId", p."CreatedAt", p."Description", p."ExpectedPurchasePrice", p."IsActive", p."IsDeleted", p."Name", p."SellingPrice", p."SourceType", p."StoreId", p."UpdatedAt"
FROM "Products" AS p
WHERE NOT (p."IsDeleted") AND p."Id" = @request_ProductId AND p."IsActive"
LIMIT 1
2026-09-24 00:52:56.805 +03:00 [INF] Executed DbCommand (4ms) [Parameters=[@userId='fc97c853-7ee4-449b-b3e0-1f5c1efe77a8'], CommandType='"Text"', CommandTimeout='30']
SELECT s0."Id", s0."CreatedAt", s0."FullName", s0."ProfileImageKey", s0."UpdatedAt", s0."UserId", s0."Id0", s0."CreatedAt0", s0."CustomerId", s0."UpdatedAt0", s1."Id", s1."AddedAt", s1."CartId", s1."CreatedAt", s1."Notes", s1."ProductId", s1."Quantity", s1."UpdatedAt", s1."Id0", s1."CategoryId", s1."CreatedAt0", s1."Description", s1."ExpectedPurchasePrice", s1."IsActive", s1."IsDeleted", s1."Name", s1."SellingPrice", s1."SourceType", s1."StoreId", s1."UpdatedAt0", s1."Id1", s1."Address", s1."CreatedAt1", s1."ImageKey", s1."IsActive0", s1."Latitude", s1."Longitude", s1."Name0", s1."Phone", s1."UpdatedAt1"
FROM (
    SELECT c."Id", c."CreatedAt", c."FullName", c."ProfileImageKey", c."UpdatedAt", c."UserId", c0."Id" AS "Id0", c0."CreatedAt" AS "CreatedAt0", c0."CustomerId", c0."UpdatedAt" AS "UpdatedAt0"
    FROM "Customers" AS c
    LEFT JOIN "Carts" AS c0 ON c."Id" = c0."CustomerId"
    WHERE c."UserId" = @userId
    LIMIT 1
) AS s0
LEFT JOIN (
    SELECT c1."Id", c1."AddedAt", c1."CartId", c1."CreatedAt", c1."Notes", c1."ProductId", c1."Quantity", c1."UpdatedAt", p0."Id" AS "Id0", p0."CategoryId", p0."CreatedAt" AS "CreatedAt0", p0."Description", p0."ExpectedPurchasePrice", p0."IsActive", p0."IsDeleted", p0."Name", p0."SellingPrice", p0."SourceType", p0."StoreId", p0."UpdatedAt" AS "UpdatedAt0", s."Id" AS "Id1", s."Address", s."CreatedAt" AS "CreatedAt1", s."ImageKey", s."IsActive" AS "IsActive0", s."Latitude", s."Longitude", s."Name" AS "Name0", s."Phone", s."UpdatedAt" AS "UpdatedAt1"
    FROM "CartItems" AS c1
    INNER JOIN (
        SELECT p."Id", p."CategoryId", p."CreatedAt", p."Description", p."ExpectedPurchasePrice", p."IsActive", p."IsDeleted", p."Name", p."SellingPrice", p."SourceType", p."StoreId", p."UpdatedAt"
        FROM "Products" AS p
        WHERE NOT (p."IsDeleted")
    ) AS p0 ON c1."ProductId" = p0."Id"
    INNER JOIN "Stores" AS s ON p0."StoreId" = s."Id"
) AS s1 ON s0."Id0" = s1."CartId"
ORDER BY s0."Id", s0."Id0", s1."Id", s1."Id0"
2026-09-24 00:52:56.940 +03:00 [INF] Executed DbCommand (4ms) [Parameters=[@p0='21c33911-cb15-4962-8fe5-34c7f49d6afd', @p1='2026-09-23T21:52:56.8383263Z' (DbType = DateTime), @p2='af682ed6-e856-4a4c-b402-fe447fe6e415', @p3='2026-09-23T21:52:56.8383310Z' (DbType = DateTime), @p4='???? ?????? ?? ????? ???????', @p5='cbacc1d5-4ddb-40c3-bc38-27dc6a61550e', @p6='2', @p7='2026-09-23T21:52:56.8383311Z' (DbType = DateTime)], CommandType='"Text"', CommandTimeout='30']
INSERT INTO "CartItems" ("Id", "AddedAt", "CartId", "CreatedAt", "Notes", "ProductId", "Quantity", "UpdatedAt")
VALUES (@p0, @p1, @p2, @p3, @p4, @p5, @p6, @p7);
2026-09-24 00:52:56.955 +03:00 [INF] Executed DbCommand (3ms) [Parameters=[@userId='fc97c853-7ee4-449b-b3e0-1f5c1efe77a8'], CommandType='"Text"', CommandTimeout='30']
SELECT s0."Id", s0."CreatedAt", s0."FullName", s0."ProfileImageKey", s0."UpdatedAt", s0."UserId", s0."Id0", s0."CreatedAt0", s0."CustomerId", s0."UpdatedAt0", s1."Id", s1."AddedAt", s1."CartId", s1."CreatedAt", s1."Notes", s1."ProductId", s1."Quantity", s1."UpdatedAt", s1."Id0", s1."CategoryId", s1."CreatedAt0", s1."Description", s1."ExpectedPurchasePrice", s1."IsActive", s1."IsDeleted", s1."Name", s1."SellingPrice", s1."SourceType", s1."StoreId", s1."UpdatedAt0", s1."Id1", s1."Address", s1."CreatedAt1", s1."ImageKey", s1."IsActive0", s1."Latitude", s1."Longitude", s1."Name0", s1."Phone", s1."UpdatedAt1"
FROM (
    SELECT c."Id", c."CreatedAt", c."FullName", c."ProfileImageKey", c."UpdatedAt", c."UserId", c0."Id" AS "Id0", c0."CreatedAt" AS "CreatedAt0", c0."CustomerId", c0."UpdatedAt" AS "UpdatedAt0"
    FROM "Customers" AS c
    LEFT JOIN "Carts" AS c0 ON c."Id" = c0."CustomerId"
    WHERE c."UserId" = @userId
    LIMIT 1
) AS s0
LEFT JOIN (
    SELECT c1."Id", c1."AddedAt", c1."CartId", c1."CreatedAt", c1."Notes", c1."ProductId", c1."Quantity", c1."UpdatedAt", p0."Id" AS "Id0", p0."CategoryId", p0."CreatedAt" AS "CreatedAt0", p0."Description", p0."ExpectedPurchasePrice", p0."IsActive", p0."IsDeleted", p0."Name", p0."SellingPrice", p0."SourceType", p0."StoreId", p0."UpdatedAt" AS "UpdatedAt0", s."Id" AS "Id1", s."Address", s."CreatedAt" AS "CreatedAt1", s."ImageKey", s."IsActive" AS "IsActive0", s."Latitude", s."Longitude", s."Name" AS "Name0", s."Phone", s."UpdatedAt" AS "UpdatedAt1"
    FROM "CartItems" AS c1
    INNER JOIN (
        SELECT p."Id", p."CategoryId", p."CreatedAt", p."Description", p."ExpectedPurchasePrice", p."IsActive", p."IsDeleted", p."Name", p."SellingPrice", p."SourceType", p."StoreId", p."UpdatedAt"
        FROM "Products" AS p
        WHERE NOT (p."IsDeleted")
    ) AS p0 ON c1."ProductId" = p0."Id"
    INNER JOIN "Stores" AS s ON p0."StoreId" = s."Id"
) AS s1 ON s0."Id0" = s1."CartId"
ORDER BY s0."Id", s0."Id0", s1."Id", s1."Id0"
2026-09-24 00:52:57.006 +03:00 [INF] HTTP POST /api/cart/items responded 200 in 468.5567 ms
2026-09-24 00:52:57.134 +03:00 [WRN] Compiling a query which loads related collections for more than one collection navigation, either via 'Include' or through projection, but no 'QuerySplittingBehavior' has been configured. By default, Entity Framework will use 'QuerySplittingBehavior.SingleQuery', which can potentially result in slow query performance. See https://go.microsoft.com/fwlink/?linkid=2134277 for more information. To identify the query that's triggering this warning call 'ConfigureWarnings(w => w.Throw(RelationalEventId.MultipleCollectionIncludeWarning))'.
2026-09-24 00:52:57.196 +03:00 [INF] Executed DbCommand (4ms) [Parameters=[@userId='fc97c853-7ee4-449b-b3e0-1f5c1efe77a8'], CommandType='"Text"', CommandTimeout='30']
SELECT s0."Id", s0."CreatedAt", s0."FullName", s0."ProfileImageKey", s0."UpdatedAt", s0."UserId", s0."Id0", a."Id", a."Building", a."City", a."CreatedAt", a."CustomerId", a."Description", a."District", a."IsDefault", a."Label", a."Latitude", a."Longitude", a."Street", a."UpdatedAt", s0."CreatedAt0", s0."CustomerId", s0."UpdatedAt0", s1."Id", s1."AddedAt", s1."CartId", s1."CreatedAt", s1."Notes", s1."ProductId", s1."Quantity", s1."UpdatedAt", s1."Id0", s1."CategoryId", s1."CreatedAt0", s1."Description", s1."ExpectedPurchasePrice", s1."IsActive", s1."IsDeleted", s1."Name", s1."SellingPrice", s1."SourceType", s1."StoreId", s1."UpdatedAt0", s1."Id1", s1."Address", s1."CreatedAt1", s1."ImageKey", s1."IsActive0", s1."Latitude", s1."Longitude", s1."Name0", s1."Phone", s1."UpdatedAt1", s1."Id2", s1."CreatedAt2", s1."ProductId0", s1."Quantity0", s1."UpdatedAt2"
FROM (
    SELECT c."Id", c."CreatedAt", c."FullName", c."ProfileImageKey", c."UpdatedAt", c."UserId", c0."Id" AS "Id0", c0."CreatedAt" AS "CreatedAt0", c0."CustomerId", c0."UpdatedAt" AS "UpdatedAt0"
    FROM "Customers" AS c
    LEFT JOIN "Carts" AS c0 ON c."Id" = c0."CustomerId"
    WHERE c."UserId" = @userId
    LIMIT 1
) AS s0
LEFT JOIN "Addresses" AS a ON s0."Id" = a."CustomerId"
LEFT JOIN (
    SELECT c1."Id", c1."AddedAt", c1."CartId", c1."CreatedAt", c1."Notes", c1."ProductId", c1."Quantity", c1."UpdatedAt", p0."Id" AS "Id0", p0."CategoryId", p0."CreatedAt" AS "CreatedAt0", p0."Description", p0."ExpectedPurchasePrice", p0."IsActive", p0."IsDeleted", p0."Name", p0."SellingPrice", p0."SourceType", p0."StoreId", p0."UpdatedAt" AS "UpdatedAt0", s."Id" AS "Id1", s."Address", s."CreatedAt" AS "CreatedAt1", s."ImageKey", s."IsActive" AS "IsActive0", s."Latitude", s."Longitude", s."Name" AS "Name0", s."Phone", s."UpdatedAt" AS "UpdatedAt1", i."Id" AS "Id2", i."CreatedAt" AS "CreatedAt2", i."ProductId" AS "ProductId0", i."Quantity" AS "Quantity0", i."UpdatedAt" AS "UpdatedAt2"
    FROM "CartItems" AS c1
    INNER JOIN (
        SELECT p."Id", p."CategoryId", p."CreatedAt", p."Description", p."ExpectedPurchasePrice", p."IsActive", p."IsDeleted", p."Name", p."SellingPrice", p."SourceType", p."StoreId", p."UpdatedAt"
        FROM "Products" AS p
        WHERE NOT (p."IsDeleted")
    ) AS p0 ON c1."ProductId" = p0."Id"
    INNER JOIN "Stores" AS s ON p0."StoreId" = s."Id"
    LEFT JOIN "Inventories" AS i ON p0."Id" = i."ProductId"
) AS s1 ON s0."Id0" = s1."CartId"
ORDER BY s0."Id", s0."Id0", a."Id", s1."Id", s1."Id0", s1."Id1"
2026-09-24 00:52:57.269 +03:00 [WRN] Compiling a query which loads related collections for more than one collection navigation, either via 'Include' or through projection, but no 'QuerySplittingBehavior' has been configured. By default, Entity Framework will use 'QuerySplittingBehavior.SingleQuery', which can potentially result in slow query performance. See https://go.microsoft.com/fwlink/?linkid=2134277 for more information. To identify the query that's triggering this warning call 'ConfigureWarnings(w => w.Throw(RelationalEventId.MultipleCollectionIncludeWarning))'.
2026-09-24 00:52:57.327 +03:00 [INF] Executed DbCommand (6ms) [Parameters=[@request_IdempotencyKey='ec519fbb-5fff-465a-b47e-66e64139cb8b'], CommandType='"Text"', CommandTimeout='30']
SELECT s1."Id", s1."AddressId", s1."CreatedAt", s1."CustomerId", s1."DeliveryFee", s1."Discount", s1."DriverId", s1."IdempotencyKey", s1."Notes", s1."OrderNumber", s1."PaymentMethod", s1."PaymentStatus", s1."Status", s1."SubTotal", s1."TotalAmount", s1."UpdatedAt", s1."Id0", s2."Id", s2."ActualPurchaseCost", s2."CreatedAt", s2."ExpectedPurchaseCost", s2."Notes", s2."OrderId", s2."Status", s2."StoreId", s2."SubTotal", s2."UpdatedAt", s2."Id0", s2."Id1", s2."ActualPurchasePrice", s2."CreatedAt0", s2."ExpectedProfitSnapshot", s2."ExpectedPurchasePriceSnapshot", s2."ProductId", s2."ProductNameSnapshot", s2."Quantity", s2."SellingPriceSnapshot", s2."SubOrderId", s2."TotalSellingPrice", s2."UpdatedAt0", s2."Address", s2."CreatedAt1", s2."ImageKey", s2."IsActive", s2."Latitude", s2."Longitude", s2."Name", s2."Phone", s2."UpdatedAt1", s1."Building", s1."City", s1."CreatedAt0", s1."CustomerId0", s1."Description", s1."District", s1."IsDefault", s1."Label", s1."Latitude", s1."Longitude", s1."Street", s1."UpdatedAt0"
FROM (
    SELECT o."Id", o."AddressId", o."CreatedAt", o."CustomerId", o."DeliveryFee", o."Discount", o."DriverId", o."IdempotencyKey", o."Notes", o."OrderNumber", o."PaymentMethod", o."PaymentStatus", o."Status", o."SubTotal", o."TotalAmount", o."UpdatedAt", a."Id" AS "Id0", a."Building", a."City", a."CreatedAt" AS "CreatedAt0", a."CustomerId" AS "CustomerId0", a."Description", a."District", a."IsDefault", a."Label", a."Latitude", a."Longitude", a."Street", a."UpdatedAt" AS "UpdatedAt0"
    FROM "Orders" AS o
    INNER JOIN "Addresses" AS a ON o."AddressId" = a."Id"
    WHERE o."IdempotencyKey" = @request_IdempotencyKey
    LIMIT 1
) AS s1
LEFT JOIN (
    SELECT s."Id", s."ActualPurchaseCost", s."CreatedAt", s."ExpectedPurchaseCost", s."Notes", s."OrderId", s."Status", s."StoreId", s."SubTotal", s."UpdatedAt", s0."Id" AS "Id0", o0."Id" AS "Id1", o0."ActualPurchasePrice", o0."CreatedAt" AS "CreatedAt0", o0."ExpectedProfitSnapshot", o0."ExpectedPurchasePriceSnapshot", o0."ProductId", o0."ProductNameSnapshot", o0."Quantity", o0."SellingPriceSnapshot", o0."SubOrderId", o0."TotalSellingPrice", o0."UpdatedAt" AS "UpdatedAt0", s0."Address", s0."CreatedAt" AS "CreatedAt1", s0."ImageKey", s0."IsActive", s0."Latitude", s0."Longitude", s0."Name", s0."Phone", s0."UpdatedAt" AS "UpdatedAt1"
    FROM "SubOrders" AS s
    INNER JOIN "Stores" AS s0 ON s."StoreId" = s0."Id"
    LEFT JOIN "OrderItems" AS o0 ON s."Id" = o0."SubOrderId"
) AS s2 ON s1."Id" = s2."OrderId"
ORDER BY s1."Id", s1."Id0", s2."Id", s2."Id0"
2026-09-24 00:52:57.375 +03:00 [WRN] The query uses the 'First'/'FirstOrDefault' operator without 'OrderBy' and filter operators. This may lead to unpredictable results.
2026-09-24 00:52:57.392 +03:00 [INF] Executed DbCommand (1ms) [Parameters=[], CommandType='"Text"', CommandTimeout='30']
SELECT d."Id", d."BaseFee", d."FreeDeliveryRadius", d."IsEnabled", d."PerKmFee", d."UpdatedAt", d."UpdatedBy"
FROM "DeliverySettings" AS d
LIMIT 1
2026-09-24 00:52:57.423 +03:00 [WRN] The query uses the 'First'/'FirstOrDefault' operator without 'OrderBy' and filter operators. This may lead to unpredictable results.
2026-09-24 00:52:57.435 +03:00 [INF] Executed DbCommand (1ms) [Parameters=[], CommandType='"Text"', CommandTimeout='30']
SELECT p."Id", p."CashOnDeliveryLimit", p."TransferAccountName", p."TransferAccountNumber", p."TransferBankName", p."UpdatedAt"
FROM "PaymentSettings" AS p
LIMIT 1
2026-09-24 00:52:58.057 +03:00 [INF] Executed DbCommand (17ms) [Parameters=[@p0='48e1b288-a0b9-4d4b-b836-0ef9c6cb5891', @p1='????? 12', @p2='?????' (Nullable = false), @p3='2026-09-23T21:52:57.3303868Z' (DbType = DateTime), @p4='18330a21-2b6d-4a20-bfa9-ff5eb2aaa778', @p5='???? ????????? ?????', @p6='???' (Nullable = false), @p7='True', @p8='Home' (Nullable = false), @p9='15.33', @p10='44.2', @p11='???? ???' (Nullable = false), @p12='2026-09-23T21:52:57.3303873Z' (DbType = DateTime), @p13='21c33911-cb15-4962-8fe5-34c7f49d6afd', @p16='cfa697c6-7edf-4218-ac6f-fc27ec22052d', @p14='48', @p15='2026-09-23T21:52:57.9617456Z' (DbType = DateTime), @p17='26d49fcd-37a1-4f8c-88d2-6440d465c3e0', @p18='2026-09-23T21:52:57.4603186Z' (DbType = DateTime), @p19='00000000-0000-0000-0000-000000000000', @p20=NULL (DbType = Guid), @p21='حجز كمية للطلب الجديد', @p22=NULL (DbType = Guid), @p23='cbacc1d5-4ddb-40c3-bc38-27dc6a61550e', @p24='2', @p25=NULL, @p26='Reservation' (Nullable = false), @p27='2026-09-23T21:52:57.4603189Z' (DbType = DateTime), @p28='1070209e-9a6f-4dd4-af15-ee7299773071', @p29='48e1b288-a0b9-4d4b-b836-0ef9c6cb5891', @p30='2026-09-23T21:52:57.5517855Z' (DbType = DateTime), @p31='18330a21-2b6d-4a20-bfa9-ff5eb2aaa778', @p32='500', @p33='0', @p34=NULL (DbType = Guid), @p35='ec519fbb-5fff-465a-b47e-66e64139cb8b', @p36='????? ???? ?? ??????', @p37='BS-20260923-8671' (Nullable = false), @p38='CashOnDelivery' (Nullable = false), @p39='Pending' (Nullable = false), @p40='Confirmed' (Nullable = false), @p41='10400.00', @p42='10900.00', @p43='2026-09-23T21:52:57.5517862Z' (DbType = DateTime), @p44='f61c61ae-4c29-43fc-924b-9f98f766d302', @p45='fc97c853-7ee4-449b-b3e0-1f5c1efe77a8' (Nullable = true), @p46='Customer' (Nullable = false), @p47='2026-09-23T21:52:57.7700499Z' (DbType = DateTime), @p48='2', @p49='0', @p50='1070209e-9a6f-4dd4-af15-ee7299773071', @p51='إنشاء الطلب', @p52='2026-09-23T21:52:57.7700504Z' (DbType = DateTime), @p53='1cc70920-67a8-4277-813a-80d0490bf407', @p54='10900.00', @p55='2026-09-23T21:52:57.5529502Z' (DbType = DateTime), @p56='CashOnDelivery' (Nullable = false), @p57='1070209e-9a6f-4dd4-af15-ee7299773071', @p58=NULL, @p59='Pending' (Nullable = false), @p60='2026-09-23T21:52:57.5529504Z' (DbType = DateTime), @p61=NULL (DbType = DateTime), @p62=NULL (DbType = Guid), @p63='d543d832-a9e6-4871-802b-224b058218af', @p64=NULL (DbType = Decimal), @p65='2026-09-23T21:52:57.5502806Z' (DbType = DateTime), @p66='9000.00', @p67=NULL, @p68='1070209e-9a6f-4dd4-af15-ee7299773071', @p69='Confirmed' (Nullable = false), @p70='8b62ec41-444d-4fbb-ada7-195da81e77d8', @p71='10400.00', @p72='2026-09-23T21:52:57.5502810Z' (DbType = DateTime), @p73='9bfb82dc-bd70-41cb-a3bd-69e961d34db0', @p74=NULL (DbType = Decimal), @p75='2026-09-23T21:52:57.5492481Z' (DbType = DateTime), @p76='1400.00', @p77='4500.00', @p78='cbacc1d5-4ddb-40c3-bc38-27dc6a61550e' (Nullable = true), @p79='أرز بسمتي درجة أولى 5 كجم' (Nullable = false), @p80='2', @p81='5200.00', @p82='d543d832-a9e6-4871-802b-224b058218af', @p83='10400.00', @p84='2026-09-23T21:52:57.5492485Z' (DbType = DateTime)], CommandType='"Text"', CommandTimeout='30']
INSERT INTO "Addresses" ("Id", "Building", "City", "CreatedAt", "CustomerId", "Description", "District", "IsDefault", "Label", "Latitude", "Longitude", "Street", "UpdatedAt")
VALUES (@p0, @p1, @p2, @p3, @p4, @p5, @p6, @p7, @p8, @p9, @p10, @p11, @p12);
DELETE FROM "CartItems"
WHERE "Id" = @p13;
UPDATE "Inventories" SET "Quantity" = @p14, "UpdatedAt" = @p15
WHERE "Id" = @p16;
INSERT INTO "InventoryTransactions" ("Id", "CreatedAt", "CreatedBy", "InventoryId", "Note", "OrderId", "ProductId", "Quantity", "Reference", "Type", "UpdatedAt")
VALUES (@p17, @p18, @p19, @p20, @p21, @p22, @p23, @p24, @p25, @p26, @p27);
INSERT INTO "Orders" ("Id", "AddressId", "CreatedAt", "CustomerId", "DeliveryFee", "Discount", "DriverId", "IdempotencyKey", "Notes", "OrderNumber", "PaymentMethod", "PaymentStatus", "Status", "SubTotal", "TotalAmount", "UpdatedAt")
VALUES (@p28, @p29, @p30, @p31, @p32, @p33, @p34, @p35, @p36, @p37, @p38, @p39, @p40, @p41, @p42, @p43);
INSERT INTO "OrderStatusHistories" ("Id", "ActorId", "ActorType", "CreatedAt", "NewStatus", "OldStatus", "OrderId", "Reason", "UpdatedAt")
VALUES (@p44, @p45, @p46, @p47, @p48, @p49, @p50, @p51, @p52);
INSERT INTO "Payments" ("Id", "Amount", "CreatedAt", "Method", "OrderId", "RejectionReason", "Status", "UpdatedAt", "VerifiedAt", "VerifiedBy")
VALUES (@p53, @p54, @p55, @p56, @p57, @p58, @p59, @p60, @p61, @p62);
INSERT INTO "SubOrders" ("Id", "ActualPurchaseCost", "CreatedAt", "ExpectedPurchaseCost", "Notes", "OrderId", "Status", "StoreId", "SubTotal", "UpdatedAt")
VALUES (@p63, @p64, @p65, @p66, @p67, @p68, @p69, @p70, @p71, @p72);
INSERT INTO "OrderItems" ("Id", "ActualPurchasePrice", "CreatedAt", "ExpectedProfitSnapshot", "ExpectedPurchasePriceSnapshot", "ProductId", "ProductNameSnapshot", "Quantity", "SellingPriceSnapshot", "SubOrderId", "TotalSellingPrice", "UpdatedAt")
VALUES (@p73, @p74, @p75, @p76, @p77, @p78, @p79, @p80, @p81, @p82, @p83, @p84);
2026-09-24 00:52:58.121 +03:00 [INF] Executed DbCommand (1ms) [Parameters=[@p='1070209e-9a6f-4dd4-af15-ee7299773071' (Nullable = true)], CommandType='"Text"', CommandTimeout='30']
SELECT s."Id", s."ActualPurchaseCost", s."CreatedAt", s."ExpectedPurchaseCost", s."Notes", s."OrderId", s."Status", s."StoreId", s."SubTotal", s."UpdatedAt", s0."Id", s0."Address", s0."CreatedAt", s0."ImageKey", s0."IsActive", s0."Latitude", s0."Longitude", s0."Name", s0."Phone", s0."UpdatedAt"
FROM "SubOrders" AS s
INNER JOIN "Stores" AS s0 ON s."StoreId" = s0."Id"
WHERE s."OrderId" = @p
2026-09-24 00:52:58.188 +03:00 [INF] HTTP POST /api/checkout/place-order responded 200 in 1161.7829 ms
2026-09-24 00:53:07.985 +03:00 [INF] Executed DbCommand (2ms) [Parameters=[@request_Phone='777000000'], CommandType='"Text"', CommandTimeout='30']
SELECT u."Id", u."CreatedAt", u."Email", u."FcmToken", u."IsActive", u."PasswordHash", u."Phone", u."Role", u."UpdatedAt", c."Id", c."CreatedAt", c."FullName", c."ProfileImageKey", c."UpdatedAt", c."UserId", d."Id", d."CreatedAt", d."FullName", d."Phone", d."Status", d."UpdatedAt", d."UserId"
FROM "Users" AS u
LEFT JOIN "Customers" AS c ON u."Id" = c."UserId"
LEFT JOIN "Drivers" AS d ON u."Id" = d."UserId"
WHERE u."Phone" = @request_Phone
LIMIT 1
2026-09-24 00:53:08.590 +03:00 [INF] Executed DbCommand (3ms) [Parameters=[@p0='a7ee33bf-40bd-45e8-a27a-752715353aeb', @p1='2026-09-23T21:53:08.5845422Z' (DbType = DateTime), @p2='2026-10-23T21:53:08.5844934Z' (DbType = DateTime), @p3='False', @p4='uzhubBKz+f8bQlUbJ5c37iI4Kb0uh4s2CyBWQa0T14g=' (Nullable = false), @p5='2026-09-23T21:53:08.5845422Z' (DbType = DateTime), @p6='4c39b4c4-f51d-4fad-a42c-d03db9ef7d62'], CommandType='"Text"', CommandTimeout='30']
INSERT INTO "RefreshTokens" ("Id", "CreatedAt", "ExpiresAt", "IsRevoked", "TokenHash", "UpdatedAt", "UserId")
VALUES (@p0, @p1, @p2, @p3, @p4, @p5, @p6);
2026-09-24 00:53:08.590 +03:00 [INF] HTTP POST /api/auth/login responded 200 in 616.3515 ms
2026-09-24 00:53:08.798 +03:00 [WRN] Compiling a query which loads related collections for more than one collection navigation, either via 'Include' or through projection, but no 'QuerySplittingBehavior' has been configured. By default, Entity Framework will use 'QuerySplittingBehavior.SingleQuery', which can potentially result in slow query performance. See https://go.microsoft.com/fwlink/?linkid=2134277 for more information. To identify the query that's triggering this warning call 'ConfigureWarnings(w => w.Throw(RelationalEventId.MultipleCollectionIncludeWarning))'.
2026-09-24 00:53:08.843 +03:00 [INF] Executed DbCommand (3ms) [Parameters=[], CommandType='"Text"', CommandTimeout='30']
SELECT o."Id", o."AddressId", o."CreatedAt", o."CustomerId", o."DeliveryFee", o."Discount", o."DriverId", o."IdempotencyKey", o."Notes", o."OrderNumber", o."PaymentMethod", o."PaymentStatus", o."Status", o."SubTotal", o."TotalAmount", o."UpdatedAt", d."Id", d."CreatedAt", d."FullName", d."Phone", d."Status", d."UpdatedAt", d."UserId", a."Id", a."Building", a."City", a."CreatedAt", a."CustomerId", a."Description", a."District", a."IsDefault", a."Label", a."Latitude", a."Longitude", a."Street", a."UpdatedAt", s1."Id", s1."ActualPurchaseCost", s1."CreatedAt", s1."ExpectedPurchaseCost", s1."Notes", s1."OrderId", s1."Status", s1."StoreId", s1."SubTotal", s1."UpdatedAt", s1."Id0", s1."Address", s1."CreatedAt0", s1."ImageKey", s1."IsActive", s1."Latitude", s1."Longitude", s1."Name", s1."Phone", s1."UpdatedAt0", s1."Id1", s1."ActualPurchasePrice", s1."CreatedAt1", s1."ExpectedProfitSnapshot", s1."ExpectedPurchasePriceSnapshot", s1."ProductId", s1."ProductNameSnapshot", s1."Quantity", s1."SellingPriceSnapshot", s1."SubOrderId", s1."TotalSellingPrice", s1."UpdatedAt1"
FROM "Orders" AS o
LEFT JOIN "Drivers" AS d ON o."DriverId" = d."Id"
INNER JOIN "Addresses" AS a ON o."AddressId" = a."Id"
LEFT JOIN (
    SELECT s."Id", s."ActualPurchaseCost", s."CreatedAt", s."ExpectedPurchaseCost", s."Notes", s."OrderId", s."Status", s."StoreId", s."SubTotal", s."UpdatedAt", s0."Id" AS "Id0", s0."Address", s0."CreatedAt" AS "CreatedAt0", s0."ImageKey", s0."IsActive", s0."Latitude", s0."Longitude", s0."Name", s0."Phone", s0."UpdatedAt" AS "UpdatedAt0", o0."Id" AS "Id1", o0."ActualPurchasePrice", o0."CreatedAt" AS "CreatedAt1", o0."ExpectedProfitSnapshot", o0."ExpectedPurchasePriceSnapshot", o0."ProductId", o0."ProductNameSnapshot", o0."Quantity", o0."SellingPriceSnapshot", o0."SubOrderId", o0."TotalSellingPrice", o0."UpdatedAt" AS "UpdatedAt1"
    FROM "SubOrders" AS s
    INNER JOIN "Stores" AS s0 ON s."StoreId" = s0."Id"
    LEFT JOIN "OrderItems" AS o0 ON s."Id" = o0."SubOrderId"
) AS s1 ON o."Id" = s1."OrderId"
ORDER BY o."CreatedAt" DESC, o."Id", d."Id", a."Id", s1."Id", s1."Id0"
2026-09-24 00:53:08.879 +03:00 [INF] HTTP GET /api/admin/orders responded 200 in 121.2809 ms
2026-09-24 00:53:09.090 +03:00 [INF] Executed DbCommand (2ms) [Parameters=[], CommandType='"Text"', CommandTimeout='30']
SELECT d."Id", d."CreatedAt", d."FullName", d."Phone", d."Status", d."UpdatedAt", d."UserId", d0."Id", d0."Amount", d0."CreatedAt", d0."CreatedBy", d0."Description", d0."Direction", d0."DriverId", d0."OrderId", d0."Reference", d0."Type", d0."UpdatedAt"
FROM "Drivers" AS d
LEFT JOIN "DriverTransactions" AS d0 ON d."Id" = d0."DriverId"
ORDER BY d."Id"
2026-09-24 00:53:09.133 +03:00 [INF] HTTP GET /api/admin/drivers responded 200 in 81.9658 ms
2026-09-24 00:53:09.170 +03:00 [WRN] Compiling a query which loads related collections for more than one collection navigation, either via 'Include' or through projection, but no 'QuerySplittingBehavior' has been configured. By default, Entity Framework will use 'QuerySplittingBehavior.SingleQuery', which can potentially result in slow query performance. See https://go.microsoft.com/fwlink/?linkid=2134277 for more information. To identify the query that's triggering this warning call 'ConfigureWarnings(w => w.Throw(RelationalEventId.MultipleCollectionIncludeWarning))'.
2026-09-24 00:53:09.224 +03:00 [INF] Executed DbCommand (3ms) [Parameters=[@id='1070209e-9a6f-4dd4-af15-ee7299773071'], CommandType='"Text"', CommandTimeout='30']
SELECT s1."Id", s1."AddressId", s1."CreatedAt", s1."CustomerId", s1."DeliveryFee", s1."Discount", s1."DriverId", s1."IdempotencyKey", s1."Notes", s1."OrderNumber", s1."PaymentMethod", s1."PaymentStatus", s1."Status", s1."SubTotal", s1."TotalAmount", s1."UpdatedAt", s1."Id0", s1."CreatedAt0", s1."FullName", s1."Phone", s1."Status0", s1."UpdatedAt0", s1."UserId", s1."Id1", s1."Building", s1."City", s1."CreatedAt1", s1."CustomerId0", s1."Description", s1."District", s1."IsDefault", s1."Label", s1."Latitude", s1."Longitude", s1."Street", s1."UpdatedAt1", s2."Id", s2."ActualPurchaseCost", s2."CreatedAt", s2."ExpectedPurchaseCost", s2."Notes", s2."OrderId", s2."Status", s2."StoreId", s2."SubTotal", s2."UpdatedAt", s2."Id0", s2."Address", s2."CreatedAt0", s2."ImageKey", s2."IsActive", s2."Latitude", s2."Longitude", s2."Name", s2."Phone", s2."UpdatedAt0", s2."Id1", s2."ActualPurchasePrice", s2."CreatedAt1", s2."ExpectedProfitSnapshot", s2."ExpectedPurchasePriceSnapshot", s2."ProductId", s2."ProductNameSnapshot", s2."Quantity", s2."SellingPriceSnapshot", s2."SubOrderId", s2."TotalSellingPrice", s2."UpdatedAt1"
FROM (
    SELECT o."Id", o."AddressId", o."CreatedAt", o."CustomerId", o."DeliveryFee", o."Discount", o."DriverId", o."IdempotencyKey", o."Notes", o."OrderNumber", o."PaymentMethod", o."PaymentStatus", o."Status", o."SubTotal", o."TotalAmount", o."UpdatedAt", d."Id" AS "Id0", d."CreatedAt" AS "CreatedAt0", d."FullName", d."Phone", d."Status" AS "Status0", d."UpdatedAt" AS "UpdatedAt0", d."UserId", a."Id" AS "Id1", a."Building", a."City", a."CreatedAt" AS "CreatedAt1", a."CustomerId" AS "CustomerId0", a."Description", a."District", a."IsDefault", a."Label", a."Latitude", a."Longitude", a."Street", a."UpdatedAt" AS "UpdatedAt1"
    FROM "Orders" AS o
    LEFT JOIN "Drivers" AS d ON o."DriverId" = d."Id"
    INNER JOIN "Addresses" AS a ON o."AddressId" = a."Id"
    WHERE o."Id" = @id
    LIMIT 1
) AS s1
LEFT JOIN (
    SELECT s."Id", s."ActualPurchaseCost", s."CreatedAt", s."ExpectedPurchaseCost", s."Notes", s."OrderId", s."Status", s."StoreId", s."SubTotal", s."UpdatedAt", s0."Id" AS "Id0", s0."Address", s0."CreatedAt" AS "CreatedAt0", s0."ImageKey", s0."IsActive", s0."Latitude", s0."Longitude", s0."Name", s0."Phone", s0."UpdatedAt" AS "UpdatedAt0", o0."Id" AS "Id1", o0."ActualPurchasePrice", o0."CreatedAt" AS "CreatedAt1", o0."ExpectedProfitSnapshot", o0."ExpectedPurchasePriceSnapshot", o0."ProductId", o0."ProductNameSnapshot", o0."Quantity", o0."SellingPriceSnapshot", o0."SubOrderId", o0."TotalSellingPrice", o0."UpdatedAt" AS "UpdatedAt1"
    FROM "SubOrders" AS s
    INNER JOIN "Stores" AS s0 ON s."StoreId" = s0."Id"
    LEFT JOIN "OrderItems" AS o0 ON s."Id" = o0."SubOrderId"
) AS s2 ON s1."Id" = s2."OrderId"
ORDER BY s1."Id", s1."Id0", s1."Id1", s2."Id", s2."Id0"
2026-09-24 00:53:09.255 +03:00 [INF] Executed DbCommand (1ms) [Parameters=[@request_DriverId='81d5cbd2-d1d2-4d87-a9a8-021465f5c326'], CommandType='"Text"', CommandTimeout='30']
SELECT d."Id", d."CreatedAt", d."FullName", d."Phone", d."Status", d."UpdatedAt", d."UserId"
FROM "Drivers" AS d
WHERE d."Id" = @request_DriverId
LIMIT 1
2026-09-24 00:53:09.288 +03:00 [INF] Executed DbCommand (2ms) [Parameters=[@p8='cf2e6296-cd96-45e5-ae12-9335e51a43f1', @p0='4c39b4c4-f51d-4fad-a42c-d03db9ef7d62' (Nullable = true), @p1='Admin' (Nullable = false), @p2='2026-09-23T21:53:09.2569442Z' (DbType = DateTime), @p3='4', @p4='4', @p5='1070209e-9a6f-4dd4-af15-ee7299773071', @p6='تعيين الكابتن الكابتن أحمد المحمدي', @p7='2026-09-23T21:53:09.2840351Z' (DbType = DateTime), @p12='1070209e-9a6f-4dd4-af15-ee7299773071', @p9='81d5cbd2-d1d2-4d87-a9a8-021465f5c326' (Nullable = true), @p10='DriverAssigned' (Nullable = false), @p11='2026-09-23T21:53:09.2840340Z' (DbType = DateTime)], CommandType='"Text"', CommandTimeout='30']
UPDATE "OrderStatusHistories" SET "ActorId" = @p0, "ActorType" = @p1, "CreatedAt" = @p2, "NewStatus" = @p3, "OldStatus" = @p4, "OrderId" = @p5, "Reason" = @p6, "UpdatedAt" = @p7
WHERE "Id" = @p8;
UPDATE "Orders" SET "DriverId" = @p9, "Status" = @p10, "UpdatedAt" = @p11
WHERE "Id" = @p12;
2026-09-24 00:53:09.306 +03:00 [ERR] HTTP POST /api/admin/orders/1070209e-9a6f-4dd4-af15-ee7299773071/assign-driver responded 500 in 168.1512 ms
Microsoft.EntityFrameworkCore.DbUpdateConcurrencyException: The database operation was expected to affect 1 row(s), but actually affected 0 row(s); data may have been modified or deleted since entities were loaded. See https://go.microsoft.com/fwlink/?LinkId=527962 for information on understanding and handling optimistic concurrency exceptions.
   at Npgsql.EntityFrameworkCore.PostgreSQL.Update.Internal.NpgsqlModificationCommandBatch.ThrowAggregateUpdateConcurrencyExceptionAsync(RelationalDataReader reader, Int32 commandIndex, Int32 expectedRowsAffected, Int32 rowsAffected, CancellationToken cancellationToken)
   at Npgsql.EntityFrameworkCore.PostgreSQL.Update.Internal.NpgsqlModificationCommandBatch.Consume(RelationalDataReader reader, Boolean async, CancellationToken cancellationToken)
   at Microsoft.EntityFrameworkCore.Update.ReaderModificationCommandBatch.ExecuteAsync(IRelationalConnection connection, CancellationToken cancellationToken)
   at Microsoft.EntityFrameworkCore.Update.ReaderModificationCommandBatch.ExecuteAsync(IRelationalConnection connection, CancellationToken cancellationToken)
   at Microsoft.EntityFrameworkCore.Update.Internal.BatchExecutor.ExecuteAsync(IEnumerable`1 commandBatches, IRelationalConnection connection, CancellationToken cancellationToken)
   at Microsoft.EntityFrameworkCore.Update.Internal.BatchExecutor.ExecuteAsync(IEnumerable`1 commandBatches, IRelationalConnection connection, CancellationToken cancellationToken)
   at Microsoft.EntityFrameworkCore.Update.Internal.BatchExecutor.ExecuteAsync(IEnumerable`1 commandBatches, IRelationalConnection connection, CancellationToken cancellationToken)
   at Microsoft.EntityFrameworkCore.Storage.RelationalDatabase.SaveChangesAsync(IList`1 entries, CancellationToken cancellationToken)
   at Microsoft.EntityFrameworkCore.ChangeTracking.Internal.StateManager.SaveChangesAsync(IList`1 entriesToSave, CancellationToken cancellationToken)
   at Microsoft.EntityFrameworkCore.ChangeTracking.Internal.StateManager.SaveChangesAsync(StateManager stateManager, Boolean acceptAllChangesOnSuccess, CancellationToken cancellationToken)
   at Npgsql.EntityFrameworkCore.PostgreSQL.Storage.Internal.NpgsqlExecutionStrategy.ExecuteAsync[TState,TResult](TState state, Func`4 operation, Func`4 verifySucceeded, CancellationToken cancellationToken)
   at Microsoft.EntityFrameworkCore.DbContext.SaveChangesAsync(Boolean acceptAllChangesOnSuccess, CancellationToken cancellationToken)
   at BSStore.API.Controllers.AdminController.AssignDriver(Guid id, AssignDriverRequest request, CancellationToken ct) in D:\MyProjects\BS_Store\backend\src\BSStore.API\Controllers\AdminController.cs:line 112
   at Microsoft.AspNetCore.Mvc.Infrastructure.ActionMethodExecutor.TaskOfIActionResultExecutor.Execute(ActionContext actionContext, IActionResultTypeMapper mapper, ObjectMethodExecutor executor, Object controller, Object[] arguments)
   at Microsoft.AspNetCore.Mvc.Infrastructure.ControllerActionInvoker.<InvokeActionMethodAsync>g__Awaited|12_0(ControllerActionInvoker invoker, ValueTask`1 actionResultValueTask)
   at Microsoft.AspNetCore.Mvc.Infrastructure.ControllerActionInvoker.<InvokeNextActionFilterAsync>g__Awaited|10_0(ControllerActionInvoker invoker, Task lastTask, State next, Scope scope, Object state, Boolean isCompleted)
   at Microsoft.AspNetCore.Mvc.Infrastructure.ControllerActionInvoker.Rethrow(ActionExecutedContextSealed context)
   at Microsoft.AspNetCore.Mvc.Infrastructure.ControllerActionInvoker.Next(State& next, Scope& scope, Object& state, Boolean& isCompleted)
   at Microsoft.AspNetCore.Mvc.Infrastructure.ControllerActionInvoker.<InvokeInnerFilterAsync>g__Awaited|13_0(ControllerActionInvoker invoker, Task lastTask, State next, Scope scope, Object state, Boolean isCompleted)
   at Microsoft.AspNetCore.Mvc.Infrastructure.ResourceInvoker.<InvokeFilterPipelineAsync>g__Awaited|20_0(ResourceInvoker invoker, Task lastTask, State next, Scope scope, Object state, Boolean isCompleted)
   at Microsoft.AspNetCore.Mvc.Infrastructure.ResourceInvoker.<InvokeAsync>g__Awaited|17_0(ResourceInvoker invoker, Task task, IDisposable scope)
   at Microsoft.AspNetCore.Mvc.Infrastructure.ResourceInvoker.<InvokeAsync>g__Awaited|17_0(ResourceInvoker invoker, Task task, IDisposable scope)
   at Microsoft.AspNetCore.Authorization.AuthorizationMiddleware.Invoke(HttpContext context)
   at Microsoft.AspNetCore.Authentication.AuthenticationMiddleware.Invoke(HttpContext context)
   at Microsoft.AspNetCore.RateLimiting.RateLimitingMiddleware.InvokeInternal(HttpContext context, EnableRateLimitingAttribute enableRateLimitingAttribute)
   at Swashbuckle.AspNetCore.SwaggerUI.SwaggerUIMiddleware.Invoke(HttpContext httpContext)
   at Swashbuckle.AspNetCore.Swagger.SwaggerMiddleware.Invoke(HttpContext httpContext, ISwaggerProvider swaggerProvider)
   at Serilog.AspNetCore.RequestLoggingMiddleware.Invoke(HttpContext httpContext)
2026-09-24 00:53:09.327 +03:00 [ERR] Unhandled exception: The database operation was expected to affect 1 row(s), but actually affected 0 row(s); data may have been modified or deleted since entities were loaded. See https://go.microsoft.com/fwlink/?LinkId=527962 for information on understanding and handling optimistic concurrency exceptions.
Microsoft.EntityFrameworkCore.DbUpdateConcurrencyException: The database operation was expected to affect 1 row(s), but actually affected 0 row(s); data may have been modified or deleted since entities were loaded. See https://go.microsoft.com/fwlink/?LinkId=527962 for information on understanding and handling optimistic concurrency exceptions.
   at Npgsql.EntityFrameworkCore.PostgreSQL.Update.Internal.NpgsqlModificationCommandBatch.ThrowAggregateUpdateConcurrencyExceptionAsync(RelationalDataReader reader, Int32 commandIndex, Int32 expectedRowsAffected, Int32 rowsAffected, CancellationToken cancellationToken)
   at Npgsql.EntityFrameworkCore.PostgreSQL.Update.Internal.NpgsqlModificationCommandBatch.Consume(RelationalDataReader reader, Boolean async, CancellationToken cancellationToken)
   at Microsoft.EntityFrameworkCore.Update.ReaderModificationCommandBatch.ExecuteAsync(IRelationalConnection connection, CancellationToken cancellationToken)
   at Microsoft.EntityFrameworkCore.Update.ReaderModificationCommandBatch.ExecuteAsync(IRelationalConnection connection, CancellationToken cancellationToken)
   at Microsoft.EntityFrameworkCore.Update.Internal.BatchExecutor.ExecuteAsync(IEnumerable`1 commandBatches, IRelationalConnection connection, CancellationToken cancellationToken)
   at Microsoft.EntityFrameworkCore.Update.Internal.BatchExecutor.ExecuteAsync(IEnumerable`1 commandBatches, IRelationalConnection connection, CancellationToken cancellationToken)
   at Microsoft.EntityFrameworkCore.Update.Internal.BatchExecutor.ExecuteAsync(IEnumerable`1 commandBatches, IRelationalConnection connection, CancellationToken cancellationToken)
   at Microsoft.EntityFrameworkCore.Storage.RelationalDatabase.SaveChangesAsync(IList`1 entries, CancellationToken cancellationToken)
   at Microsoft.EntityFrameworkCore.ChangeTracking.Internal.StateManager.SaveChangesAsync(IList`1 entriesToSave, CancellationToken cancellationToken)
   at Microsoft.EntityFrameworkCore.ChangeTracking.Internal.StateManager.SaveChangesAsync(StateManager stateManager, Boolean acceptAllChangesOnSuccess, CancellationToken cancellationToken)
   at Npgsql.EntityFrameworkCore.PostgreSQL.Storage.Internal.NpgsqlExecutionStrategy.ExecuteAsync[TState,TResult](TState state, Func`4 operation, Func`4 verifySucceeded, CancellationToken cancellationToken)
   at Microsoft.EntityFrameworkCore.DbContext.SaveChangesAsync(Boolean acceptAllChangesOnSuccess, CancellationToken cancellationToken)
   at BSStore.API.Controllers.AdminController.AssignDriver(Guid id, AssignDriverRequest request, CancellationToken ct) in D:\MyProjects\BS_Store\backend\src\BSStore.API\Controllers\AdminController.cs:line 112
   at Microsoft.AspNetCore.Mvc.Infrastructure.ActionMethodExecutor.TaskOfIActionResultExecutor.Execute(ActionContext actionContext, IActionResultTypeMapper mapper, ObjectMethodExecutor executor, Object controller, Object[] arguments)
   at Microsoft.AspNetCore.Mvc.Infrastructure.ControllerActionInvoker.<InvokeActionMethodAsync>g__Awaited|12_0(ControllerActionInvoker invoker, ValueTask`1 actionResultValueTask)
   at Microsoft.AspNetCore.Mvc.Infrastructure.ControllerActionInvoker.<InvokeNextActionFilterAsync>g__Awaited|10_0(ControllerActionInvoker invoker, Task lastTask, State next, Scope scope, Object state, Boolean isCompleted)
   at Microsoft.AspNetCore.Mvc.Infrastructure.ControllerActionInvoker.Rethrow(ActionExecutedContextSealed context)
   at Microsoft.AspNetCore.Mvc.Infrastructure.ControllerActionInvoker.Next(State& next, Scope& scope, Object& state, Boolean& isCompleted)
   at Microsoft.AspNetCore.Mvc.Infrastructure.ControllerActionInvoker.<InvokeInnerFilterAsync>g__Awaited|13_0(ControllerActionInvoker invoker, Task lastTask, State next, Scope scope, Object state, Boolean isCompleted)
   at Microsoft.AspNetCore.Mvc.Infrastructure.ResourceInvoker.<InvokeFilterPipelineAsync>g__Awaited|20_0(ResourceInvoker invoker, Task lastTask, State next, Scope scope, Object state, Boolean isCompleted)
   at Microsoft.AspNetCore.Mvc.Infrastructure.ResourceInvoker.<InvokeAsync>g__Awaited|17_0(ResourceInvoker invoker, Task task, IDisposable scope)
   at Microsoft.AspNetCore.Mvc.Infrastructure.ResourceInvoker.<InvokeAsync>g__Awaited|17_0(ResourceInvoker invoker, Task task, IDisposable scope)
   at Microsoft.AspNetCore.Authorization.AuthorizationMiddleware.Invoke(HttpContext context)
   at Microsoft.AspNetCore.Authentication.AuthenticationMiddleware.Invoke(HttpContext context)
   at Microsoft.AspNetCore.RateLimiting.RateLimitingMiddleware.InvokeInternal(HttpContext context, EnableRateLimitingAttribute enableRateLimitingAttribute)
   at Swashbuckle.AspNetCore.SwaggerUI.SwaggerUIMiddleware.Invoke(HttpContext httpContext)
   at Swashbuckle.AspNetCore.Swagger.SwaggerMiddleware.Invoke(HttpContext httpContext, ISwaggerProvider swaggerProvider)
   at Serilog.AspNetCore.RequestLoggingMiddleware.Invoke(HttpContext httpContext)
   at BSStore.API.Middleware.ExceptionHandlingMiddleware.InvokeAsync(HttpContext context) in D:\MyProjects\BS_Store\backend\src\BSStore.API\Middleware\ExceptionHandlingMiddleware.cs:line 23
2026-09-24 00:53:09.529 +03:00 [INF] Executed DbCommand (1ms) [Parameters=[@request_Phone='777000222'], CommandType='"Text"', CommandTimeout='30']
SELECT u."Id", u."CreatedAt", u."Email", u."FcmToken", u."IsActive", u."PasswordHash", u."Phone", u."Role", u."UpdatedAt", c."Id", c."CreatedAt", c."FullName", c."ProfileImageKey", c."UpdatedAt", c."UserId", d."Id", d."CreatedAt", d."FullName", d."Phone", d."Status", d."UpdatedAt", d."UserId"
FROM "Users" AS u
LEFT JOIN "Customers" AS c ON u."Id" = c."UserId"
LEFT JOIN "Drivers" AS d ON u."Id" = d."UserId"
WHERE u."Phone" = @request_Phone
LIMIT 1
2026-09-24 00:53:10.053 +03:00 [INF] Executed DbCommand (3ms) [Parameters=[@p0='bff1c13e-f278-443a-844b-08625b94fc14', @p1='2026-09-23T21:53:10.0500841Z' (DbType = DateTime), @p2='2026-10-23T21:53:10.0500647Z' (DbType = DateTime), @p3='False', @p4='xq5BcaVLAkpGozwQxpSyRL/iA+ZGOUIG/F3oScbsJYQ=' (Nullable = false), @p5='2026-09-23T21:53:10.0500842Z' (DbType = DateTime), @p6='59da3500-6778-4c0a-aea5-50b46cf4745e'], CommandType='"Text"', CommandTimeout='30']
INSERT INTO "RefreshTokens" ("Id", "CreatedAt", "ExpiresAt", "IsRevoked", "TokenHash", "UpdatedAt", "UserId")
VALUES (@p0, @p1, @p2, @p3, @p4, @p5, @p6);
2026-09-24 00:53:10.054 +03:00 [INF] HTTP POST /api/auth/login responded 200 in 531.9223 ms
2026-09-24 00:53:10.094 +03:00 [INF] Executed DbCommand (1ms) [Parameters=[@userId='59da3500-6778-4c0a-aea5-50b46cf4745e'], CommandType='"Text"', CommandTimeout='30']
SELECT d."Id", d."CreatedAt", d."FullName", d."Phone", d."Status", d."UpdatedAt", d."UserId"
FROM "Drivers" AS d
WHERE d."UserId" = @userId
LIMIT 1
2026-09-24 00:53:10.120 +03:00 [WRN] Compiling a query which loads related collections for more than one collection navigation, either via 'Include' or through projection, but no 'QuerySplittingBehavior' has been configured. By default, Entity Framework will use 'QuerySplittingBehavior.SingleQuery', which can potentially result in slow query performance. See https://go.microsoft.com/fwlink/?linkid=2134277 for more information. To identify the query that's triggering this warning call 'ConfigureWarnings(w => w.Throw(RelationalEventId.MultipleCollectionIncludeWarning))'.
2026-09-24 00:53:10.192 +03:00 [INF] Executed DbCommand (24ms) [Parameters=[@id='1070209e-9a6f-4dd4-af15-ee7299773071', @driver_Id='81d5cbd2-d1d2-4d87-a9a8-021465f5c326' (Nullable = true)], CommandType='"Text"', CommandTimeout='30']
SELECT s1."Id", s1."AddressId", s1."CreatedAt", s1."CustomerId", s1."DeliveryFee", s1."Discount", s1."DriverId", s1."IdempotencyKey", s1."Notes", s1."OrderNumber", s1."PaymentMethod", s1."PaymentStatus", s1."Status", s1."SubTotal", s1."TotalAmount", s1."UpdatedAt", s1."Id0", s3."Id", s3."ActualPurchaseCost", s3."CreatedAt", s3."ExpectedPurchaseCost", s3."Notes", s3."OrderId", s3."Status", s3."StoreId", s3."SubTotal", s3."UpdatedAt", s3."Id0", s3."Id1", s3."ActualPurchasePrice", s3."CreatedAt0", s3."ExpectedProfitSnapshot", s3."ExpectedPurchasePriceSnapshot", s3."ProductId", s3."ProductNameSnapshot", s3."Quantity", s3."SellingPriceSnapshot", s3."SubOrderId", s3."TotalSellingPrice", s3."UpdatedAt0", s3."Id00", s3."CategoryId", s3."CreatedAt00", s3."Description", s3."ExpectedPurchasePrice", s3."IsActive", s3."IsDeleted", s3."Name", s3."SellingPrice", s3."SourceType", s3."StoreId0", s3."UpdatedAt00", s3."Address", s3."CreatedAt1", s3."ImageKey", s3."IsActive0", s3."Latitude", s3."Longitude", s3."Name0", s3."Phone", s3."UpdatedAt1", s1."Building", s1."City", s1."CreatedAt0", s1."CustomerId0", s1."Description", s1."District", s1."IsDefault", s1."Label", s1."Latitude", s1."Longitude", s1."Street", s1."UpdatedAt0"
FROM (
    SELECT o."Id", o."AddressId", o."CreatedAt", o."CustomerId", o."DeliveryFee", o."Discount", o."DriverId", o."IdempotencyKey", o."Notes", o."OrderNumber", o."PaymentMethod", o."PaymentStatus", o."Status", o."SubTotal", o."TotalAmount", o."UpdatedAt", a."Id" AS "Id0", a."Building", a."City", a."CreatedAt" AS "CreatedAt0", a."CustomerId" AS "CustomerId0", a."Description", a."District", a."IsDefault", a."Label", a."Latitude", a."Longitude", a."Street", a."UpdatedAt" AS "UpdatedAt0"
    FROM "Orders" AS o
    INNER JOIN "Addresses" AS a ON o."AddressId" = a."Id"
    WHERE o."Id" = @id AND o."DriverId" = @driver_Id
    LIMIT 1
) AS s1
LEFT JOIN (
    SELECT s."Id", s."ActualPurchaseCost", s."CreatedAt", s."ExpectedPurchaseCost", s."Notes", s."OrderId", s."Status", s."StoreId", s."SubTotal", s."UpdatedAt", s0."Id" AS "Id0", s2."Id" AS "Id1", s2."ActualPurchasePrice", s2."CreatedAt" AS "CreatedAt0", s2."ExpectedProfitSnapshot", s2."ExpectedPurchasePriceSnapshot", s2."ProductId", s2."ProductNameSnapshot", s2."Quantity", s2."SellingPriceSnapshot", s2."SubOrderId", s2."TotalSellingPrice", s2."UpdatedAt" AS "UpdatedAt0", s2."Id0" AS "Id00", s2."CategoryId", s2."CreatedAt0" AS "CreatedAt00", s2."Description", s2."ExpectedPurchasePrice", s2."IsActive", s2."IsDeleted", s2."Name", s2."SellingPrice", s2."SourceType", s2."StoreId" AS "StoreId0", s2."UpdatedAt0" AS "UpdatedAt00", s0."Address", s0."CreatedAt" AS "CreatedAt1", s0."ImageKey", s0."IsActive" AS "IsActive0", s0."Latitude", s0."Longitude", s0."Name" AS "Name0", s0."Phone", s0."UpdatedAt" AS "UpdatedAt1"
    FROM "SubOrders" AS s
    INNER JOIN "Stores" AS s0 ON s."StoreId" = s0."Id"
    LEFT JOIN (
        SELECT o0."Id", o0."ActualPurchasePrice", o0."CreatedAt", o0."ExpectedProfitSnapshot", o0."ExpectedPurchasePriceSnapshot", o0."ProductId", o0."ProductNameSnapshot", o0."Quantity", o0."SellingPriceSnapshot", o0."SubOrderId", o0."TotalSellingPrice", o0."UpdatedAt", p0."Id" AS "Id0", p0."CategoryId", p0."CreatedAt" AS "CreatedAt0", p0."Description", p0."ExpectedPurchasePrice", p0."IsActive", p0."IsDeleted", p0."Name", p0."SellingPrice", p0."SourceType", p0."StoreId", p0."UpdatedAt" AS "UpdatedAt0"
        FROM "OrderItems" AS o0
        LEFT JOIN (
            SELECT p."Id", p."CategoryId", p."CreatedAt", p."Description", p."ExpectedPurchasePrice", p."IsActive", p."IsDeleted", p."Name", p."SellingPrice", p."SourceType", p."StoreId", p."UpdatedAt"
            FROM "Products" AS p
            WHERE NOT (p."IsDeleted")
        ) AS p0 ON o0."ProductId" = p0."Id"
    ) AS s2 ON s."Id" = s2."SubOrderId"
) AS s3 ON s1."Id" = s3."OrderId"
ORDER BY s1."Id", s1."Id0", s3."Id", s3."Id0", s3."Id1"
2026-09-24 00:53:10.194 +03:00 [INF] HTTP PUT /api/driver/orders/1070209e-9a6f-4dd4-af15-ee7299773071/accept responded 404 in 136.9262 ms
2026-09-24 00:53:10.235 +03:00 [INF] Executed DbCommand (1ms) [Parameters=[@userId='59da3500-6778-4c0a-aea5-50b46cf4745e'], CommandType='"Text"', CommandTimeout='30']
SELECT d."Id", d."CreatedAt", d."FullName", d."Phone", d."Status", d."UpdatedAt", d."UserId"
FROM "Drivers" AS d
WHERE d."UserId" = @userId
LIMIT 1
2026-09-24 00:53:10.255 +03:00 [WRN] Compiling a query which loads related collections for more than one collection navigation, either via 'Include' or through projection, but no 'QuerySplittingBehavior' has been configured. By default, Entity Framework will use 'QuerySplittingBehavior.SingleQuery', which can potentially result in slow query performance. See https://go.microsoft.com/fwlink/?linkid=2134277 for more information. To identify the query that's triggering this warning call 'ConfigureWarnings(w => w.Throw(RelationalEventId.MultipleCollectionIncludeWarning))'.
2026-09-24 00:53:10.310 +03:00 [INF] Executed DbCommand (3ms) [Parameters=[@id='1070209e-9a6f-4dd4-af15-ee7299773071', @driver_Id='81d5cbd2-d1d2-4d87-a9a8-021465f5c326' (Nullable = true)], CommandType='"Text"', CommandTimeout='30']
SELECT s1."Id", s1."AddressId", s1."CreatedAt", s1."CustomerId", s1."DeliveryFee", s1."Discount", s1."DriverId", s1."IdempotencyKey", s1."Notes", s1."OrderNumber", s1."PaymentMethod", s1."PaymentStatus", s1."Status", s1."SubTotal", s1."TotalAmount", s1."UpdatedAt", s1."Id0", s1."Id1", s2."Id", s2."ActualPurchaseCost", s2."CreatedAt", s2."ExpectedPurchaseCost", s2."Notes", s2."OrderId", s2."Status", s2."StoreId", s2."SubTotal", s2."UpdatedAt", s2."Id0", s2."Id1", s2."ActualPurchasePrice", s2."CreatedAt0", s2."ExpectedProfitSnapshot", s2."ExpectedPurchasePriceSnapshot", s2."ProductId", s2."ProductNameSnapshot", s2."Quantity", s2."SellingPriceSnapshot", s2."SubOrderId", s2."TotalSellingPrice", s2."UpdatedAt0", s2."Address", s2."CreatedAt1", s2."ImageKey", s2."IsActive", s2."Latitude", s2."Longitude", s2."Name", s2."Phone", s2."UpdatedAt1", s1."Amount", s1."CreatedAt0", s1."Method", s1."OrderId", s1."RejectionReason", s1."Status0", s1."UpdatedAt0", s1."VerifiedAt", s1."VerifiedBy", s1."Building", s1."City", s1."CreatedAt1", s1."CustomerId0", s1."Description", s1."District", s1."IsDefault", s1."Label", s1."Latitude", s1."Longitude", s1."Street", s1."UpdatedAt1"
FROM (
    SELECT o."Id", o."AddressId", o."CreatedAt", o."CustomerId", o."DeliveryFee", o."Discount", o."DriverId", o."IdempotencyKey", o."Notes", o."OrderNumber", o."PaymentMethod", o."PaymentStatus", o."Status", o."SubTotal", o."TotalAmount", o."UpdatedAt", p."Id" AS "Id0", p."Amount", p."CreatedAt" AS "CreatedAt0", p."Method", p."OrderId", p."RejectionReason", p."Status" AS "Status0", p."UpdatedAt" AS "UpdatedAt0", p."VerifiedAt", p."VerifiedBy", a."Id" AS "Id1", a."Building", a."City", a."CreatedAt" AS "CreatedAt1", a."CustomerId" AS "CustomerId0", a."Description", a."District", a."IsDefault", a."Label", a."Latitude", a."Longitude", a."Street", a."UpdatedAt" AS "UpdatedAt1"
    FROM "Orders" AS o
    LEFT JOIN "Payments" AS p ON o."Id" = p."OrderId"
    INNER JOIN "Addresses" AS a ON o."AddressId" = a."Id"
    WHERE o."Id" = @id AND o."DriverId" = @driver_Id
    LIMIT 1
) AS s1
LEFT JOIN (
    SELECT s."Id", s."ActualPurchaseCost", s."CreatedAt", s."ExpectedPurchaseCost", s."Notes", s."OrderId", s."Status", s."StoreId", s."SubTotal", s."UpdatedAt", s0."Id" AS "Id0", o0."Id" AS "Id1", o0."ActualPurchasePrice", o0."CreatedAt" AS "CreatedAt0", o0."ExpectedProfitSnapshot", o0."ExpectedPurchasePriceSnapshot", o0."ProductId", o0."ProductNameSnapshot", o0."Quantity", o0."SellingPriceSnapshot", o0."SubOrderId", o0."TotalSellingPrice", o0."UpdatedAt" AS "UpdatedAt0", s0."Address", s0."CreatedAt" AS "CreatedAt1", s0."ImageKey", s0."IsActive", s0."Latitude", s0."Longitude", s0."Name", s0."Phone", s0."UpdatedAt" AS "UpdatedAt1"
    FROM "SubOrders" AS s
    INNER JOIN "Stores" AS s0 ON s."StoreId" = s0."Id"
    LEFT JOIN "OrderItems" AS o0 ON s."Id" = o0."SubOrderId"
) AS s2 ON s1."Id" = s2."OrderId"
ORDER BY s1."Id", s1."Id0", s1."Id1", s2."Id", s2."Id0"
2026-09-24 00:53:10.310 +03:00 [INF] HTTP PUT /api/driver/orders/1070209e-9a6f-4dd4-af15-ee7299773071/delivered responded 404 in 95.2902 ms
2026-09-24 00:53:10.525 +03:00 [INF] Executed DbCommand (1ms) [Parameters=[@userId='59da3500-6778-4c0a-aea5-50b46cf4745e'], CommandType='"Text"', CommandTimeout='30']
SELECT d."Id", d."CreatedAt", d."FullName", d."Phone", d."Status", d."UpdatedAt", d."UserId"
FROM "Drivers" AS d
WHERE d."UserId" = @userId
LIMIT 1
2026-09-24 00:53:10.539 +03:00 [INF] Executed DbCommand (1ms) [Parameters=[@driver_Id='81d5cbd2-d1d2-4d87-a9a8-021465f5c326'], CommandType='"Text"', CommandTimeout='30']
SELECT d."Id", d."Amount", d."CreatedAt", d."CreatedBy", d."Description", d."Direction", d."DriverId", d."OrderId", d."Reference", d."Type", d."UpdatedAt"
FROM "DriverTransactions" AS d
WHERE d."DriverId" = @driver_Id
2026-09-24 00:53:10.544 +03:00 [INF] HTTP GET /api/driver/financial/summary responded 200 in 32.3991 ms
2026-09-24 00:54:31.331 +03:00 [WRN] Entity 'Product' has a global query filter defined and is the required end of a relationship with the entity 'CartItem'. This may lead to unexpected results when the required entity is filtered out. Either configure the navigation as optional, or define matching query filters for both entities in the navigation. See https://go.microsoft.com/fwlink/?linkid=2131316 for more information.
2026-09-24 00:54:31.451 +03:00 [WRN] Entity 'Product' has a global query filter defined and is the required end of a relationship with the entity 'InventoryTransaction'. This may lead to unexpected results when the required entity is filtered out. Either configure the navigation as optional, or define matching query filters for both entities in the navigation. See https://go.microsoft.com/fwlink/?linkid=2131316 for more information.
2026-09-24 00:54:31.452 +03:00 [WRN] Entity 'Product' has a global query filter defined and is the required end of a relationship with the entity 'ProductImage'. This may lead to unexpected results when the required entity is filtered out. Either configure the navigation as optional, or define matching query filters for both entities in the navigation. See https://go.microsoft.com/fwlink/?linkid=2131316 for more information.
2026-09-24 00:54:31.468 +03:00 [WRN] Sensitive data logging is enabled. Log entries and exception messages may include sensitive application data; this mode should only be enabled during development.
2026-09-24 00:54:32.314 +03:00 [INF] Executed DbCommand (36ms) [Parameters=[], CommandType='"Text"', CommandTimeout='30']
SELECT "MigrationId", "ProductVersion"
FROM "__EFMigrationsHistory"
ORDER BY "MigrationId";
2026-09-24 00:54:32.781 +03:00 [INF] Executed DbCommand (13ms) [Parameters=[], CommandType='"Text"', CommandTimeout='30']
SELECT 1
2026-09-24 00:54:32.897 +03:00 [INF] Executed DbCommand (9ms) [Parameters=[], CommandType='"Text"', CommandTimeout='30']
CREATE TABLE IF NOT EXISTS "__EFMigrationsHistory" (
    "MigrationId" character varying(150) NOT NULL,
    "ProductVersion" character varying(32) NOT NULL,
    CONSTRAINT "PK___EFMigrationsHistory" PRIMARY KEY ("MigrationId")
);
2026-09-24 00:54:32.932 +03:00 [INF] Executed DbCommand (1ms) [Parameters=[], CommandType='"Text"', CommandTimeout='30']
LOCK TABLE "__EFMigrationsHistory" IN ACCESS EXCLUSIVE MODE
2026-09-24 00:54:32.939 +03:00 [INF] Executed DbCommand (3ms) [Parameters=[], CommandType='"Text"', CommandTimeout='30']
SELECT "MigrationId", "ProductVersion"
FROM "__EFMigrationsHistory"
ORDER BY "MigrationId";
2026-09-24 00:54:32.952 +03:00 [INF] Database migration applied successfully.
2026-09-24 00:54:33.343 +03:00 [INF] Executed DbCommand (2ms) [Parameters=[], CommandType='"Text"', CommandTimeout='30']
SELECT EXISTS (
    SELECT 1
    FROM "DeliverySettings" AS d)
2026-09-24 00:54:33.363 +03:00 [INF] Executed DbCommand (2ms) [Parameters=[], CommandType='"Text"', CommandTimeout='30']
SELECT EXISTS (
    SELECT 1
    FROM "PaymentSettings" AS p)
2026-09-24 00:54:33.370 +03:00 [INF] Executed DbCommand (1ms) [Parameters=[], CommandType='"Text"', CommandTimeout='30']
SELECT EXISTS (
    SELECT 1
    FROM "CancellationReasons" AS c)
2026-09-24 00:54:33.470 +03:00 [INF] Executed DbCommand (17ms) [Parameters=[@adminPhone='777000000'], CommandType='"Text"', CommandTimeout='30']
SELECT EXISTS (
    SELECT 1
    FROM "Users" AS u
    WHERE u."Phone" = @adminPhone)
2026-09-24 00:54:33.481 +03:00 [INF] Executed DbCommand (1ms) [Parameters=[@driverPhone='777000222'], CommandType='"Text"', CommandTimeout='30']
SELECT EXISTS (
    SELECT 1
    FROM "Users" AS u
    WHERE u."Phone" = @driverPhone)
2026-09-24 00:54:33.489 +03:00 [INF] Executed DbCommand (2ms) [Parameters=[], CommandType='"Text"', CommandTimeout='30']
SELECT EXISTS (
    SELECT 1
    FROM "Categories" AS c)
2026-09-24 00:54:33.499 +03:00 [INF] BS Store API starting on Development
2026-09-24 00:55:08.019 +03:00 [INF] Executed DbCommand (7ms) [Parameters=[@request_Phone='777000000'], CommandType='"Text"', CommandTimeout='30']
SELECT u."Id", u."CreatedAt", u."Email", u."FcmToken", u."IsActive", u."PasswordHash", u."Phone", u."Role", u."UpdatedAt", c."Id", c."CreatedAt", c."FullName", c."ProfileImageKey", c."UpdatedAt", c."UserId", d."Id", d."CreatedAt", d."FullName", d."Phone", d."Status", d."UpdatedAt", d."UserId"
FROM "Users" AS u
LEFT JOIN "Customers" AS c ON u."Id" = c."UserId"
LEFT JOIN "Drivers" AS d ON u."Id" = d."UserId"
WHERE u."Phone" = @request_Phone
LIMIT 1
2026-09-24 00:55:09.922 +03:00 [INF] Executed DbCommand (10ms) [Parameters=[@p0='01a0d043-f46f-77a4-bd01-f36613128090', @p1='2026-09-23T21:55:09.5161522Z' (DbType = DateTime), @p2='2026-10-23T21:55:09.5154062Z' (DbType = DateTime), @p3='False', @p4='SBc8N7fkcR+6zaIQqDok5AIxFlqeQfCdLUpvrhu7aFI=' (Nullable = false), @p5='2026-09-23T21:55:09.5161529Z' (DbType = DateTime), @p6='4c39b4c4-f51d-4fad-a42c-d03db9ef7d62'], CommandType='"Text"', CommandTimeout='30']
INSERT INTO "RefreshTokens" ("Id", "CreatedAt", "ExpiresAt", "IsRevoked", "TokenHash", "UpdatedAt", "UserId")
VALUES (@p0, @p1, @p2, @p3, @p4, @p5, @p6);
2026-09-24 00:55:09.993 +03:00 [INF] HTTP POST /api/auth/login responded 200 in 2452.3106 ms
2026-09-24 00:55:10.768 +03:00 [WRN] Compiling a query which loads related collections for more than one collection navigation, either via 'Include' or through projection, but no 'QuerySplittingBehavior' has been configured. By default, Entity Framework will use 'QuerySplittingBehavior.SingleQuery', which can potentially result in slow query performance. See https://go.microsoft.com/fwlink/?linkid=2134277 for more information. To identify the query that's triggering this warning call 'ConfigureWarnings(w => w.Throw(RelationalEventId.MultipleCollectionIncludeWarning))'.
2026-09-24 00:55:10.849 +03:00 [INF] Executed DbCommand (8ms) [Parameters=[], CommandType='"Text"', CommandTimeout='30']
SELECT o."Id", o."AddressId", o."CreatedAt", o."CustomerId", o."DeliveryFee", o."Discount", o."DriverId", o."IdempotencyKey", o."Notes", o."OrderNumber", o."PaymentMethod", o."PaymentStatus", o."Status", o."SubTotal", o."TotalAmount", o."UpdatedAt", d."Id", d."CreatedAt", d."FullName", d."Phone", d."Status", d."UpdatedAt", d."UserId", a."Id", a."Building", a."City", a."CreatedAt", a."CustomerId", a."Description", a."District", a."IsDefault", a."Label", a."Latitude", a."Longitude", a."Street", a."UpdatedAt", s1."Id", s1."ActualPurchaseCost", s1."CreatedAt", s1."ExpectedPurchaseCost", s1."Notes", s1."OrderId", s1."Status", s1."StoreId", s1."SubTotal", s1."UpdatedAt", s1."Id0", s1."Address", s1."CreatedAt0", s1."ImageKey", s1."IsActive", s1."Latitude", s1."Longitude", s1."Name", s1."Phone", s1."UpdatedAt0", s1."Id1", s1."ActualPurchasePrice", s1."CreatedAt1", s1."ExpectedProfitSnapshot", s1."ExpectedPurchasePriceSnapshot", s1."ProductId", s1."ProductNameSnapshot", s1."Quantity", s1."SellingPriceSnapshot", s1."SubOrderId", s1."TotalSellingPrice", s1."UpdatedAt1"
FROM "Orders" AS o
LEFT JOIN "Drivers" AS d ON o."DriverId" = d."Id"
INNER JOIN "Addresses" AS a ON o."AddressId" = a."Id"
LEFT JOIN (
    SELECT s."Id", s."ActualPurchaseCost", s."CreatedAt", s."ExpectedPurchaseCost", s."Notes", s."OrderId", s."Status", s."StoreId", s."SubTotal", s."UpdatedAt", s0."Id" AS "Id0", s0."Address", s0."CreatedAt" AS "CreatedAt0", s0."ImageKey", s0."IsActive", s0."Latitude", s0."Longitude", s0."Name", s0."Phone", s0."UpdatedAt" AS "UpdatedAt0", o0."Id" AS "Id1", o0."ActualPurchasePrice", o0."CreatedAt" AS "CreatedAt1", o0."ExpectedProfitSnapshot", o0."ExpectedPurchasePriceSnapshot", o0."ProductId", o0."ProductNameSnapshot", o0."Quantity", o0."SellingPriceSnapshot", o0."SubOrderId", o0."TotalSellingPrice", o0."UpdatedAt" AS "UpdatedAt1"
    FROM "SubOrders" AS s
    INNER JOIN "Stores" AS s0 ON s."StoreId" = s0."Id"
    LEFT JOIN "OrderItems" AS o0 ON s."Id" = o0."SubOrderId"
) AS s1 ON o."Id" = s1."OrderId"
ORDER BY o."CreatedAt" DESC, o."Id", d."Id", a."Id", s1."Id", s1."Id0"
2026-09-24 00:55:11.438 +03:00 [INF] HTTP GET /api/admin/orders responded 200 in 1069.3939 ms
2026-09-24 00:55:11.870 +03:00 [INF] Executed DbCommand (3ms) [Parameters=[], CommandType='"Text"', CommandTimeout='30']
SELECT d."Id", d."CreatedAt", d."FullName", d."Phone", d."Status", d."UpdatedAt", d."UserId", d0."Id", d0."Amount", d0."CreatedAt", d0."CreatedBy", d0."Description", d0."Direction", d0."DriverId", d0."OrderId", d0."Reference", d0."Type", d0."UpdatedAt"
FROM "Drivers" AS d
LEFT JOIN "DriverTransactions" AS d0 ON d."Id" = d0."DriverId"
ORDER BY d."Id"
2026-09-24 00:55:11.937 +03:00 [INF] HTTP GET /api/admin/drivers responded 200 in 138.2393 ms
2026-09-24 00:55:12.038 +03:00 [WRN] Compiling a query which loads related collections for more than one collection navigation, either via 'Include' or through projection, but no 'QuerySplittingBehavior' has been configured. By default, Entity Framework will use 'QuerySplittingBehavior.SingleQuery', which can potentially result in slow query performance. See https://go.microsoft.com/fwlink/?linkid=2134277 for more information. To identify the query that's triggering this warning call 'ConfigureWarnings(w => w.Throw(RelationalEventId.MultipleCollectionIncludeWarning))'.
2026-09-24 00:55:12.119 +03:00 [INF] Executed DbCommand (5ms) [Parameters=[@id='1070209e-9a6f-4dd4-af15-ee7299773071'], CommandType='"Text"', CommandTimeout='30']
SELECT s1."Id", s1."AddressId", s1."CreatedAt", s1."CustomerId", s1."DeliveryFee", s1."Discount", s1."DriverId", s1."IdempotencyKey", s1."Notes", s1."OrderNumber", s1."PaymentMethod", s1."PaymentStatus", s1."Status", s1."SubTotal", s1."TotalAmount", s1."UpdatedAt", s1."Id0", s1."CreatedAt0", s1."FullName", s1."Phone", s1."Status0", s1."UpdatedAt0", s1."UserId", s1."Id1", s1."Building", s1."City", s1."CreatedAt1", s1."CustomerId0", s1."Description", s1."District", s1."IsDefault", s1."Label", s1."Latitude", s1."Longitude", s1."Street", s1."UpdatedAt1", s2."Id", s2."ActualPurchaseCost", s2."CreatedAt", s2."ExpectedPurchaseCost", s2."Notes", s2."OrderId", s2."Status", s2."StoreId", s2."SubTotal", s2."UpdatedAt", s2."Id0", s2."Address", s2."CreatedAt0", s2."ImageKey", s2."IsActive", s2."Latitude", s2."Longitude", s2."Name", s2."Phone", s2."UpdatedAt0", s2."Id1", s2."ActualPurchasePrice", s2."CreatedAt1", s2."ExpectedProfitSnapshot", s2."ExpectedPurchasePriceSnapshot", s2."ProductId", s2."ProductNameSnapshot", s2."Quantity", s2."SellingPriceSnapshot", s2."SubOrderId", s2."TotalSellingPrice", s2."UpdatedAt1"
FROM (
    SELECT o."Id", o."AddressId", o."CreatedAt", o."CustomerId", o."DeliveryFee", o."Discount", o."DriverId", o."IdempotencyKey", o."Notes", o."OrderNumber", o."PaymentMethod", o."PaymentStatus", o."Status", o."SubTotal", o."TotalAmount", o."UpdatedAt", d."Id" AS "Id0", d."CreatedAt" AS "CreatedAt0", d."FullName", d."Phone", d."Status" AS "Status0", d."UpdatedAt" AS "UpdatedAt0", d."UserId", a."Id" AS "Id1", a."Building", a."City", a."CreatedAt" AS "CreatedAt1", a."CustomerId" AS "CustomerId0", a."Description", a."District", a."IsDefault", a."Label", a."Latitude", a."Longitude", a."Street", a."UpdatedAt" AS "UpdatedAt1"
    FROM "Orders" AS o
    LEFT JOIN "Drivers" AS d ON o."DriverId" = d."Id"
    INNER JOIN "Addresses" AS a ON o."AddressId" = a."Id"
    WHERE o."Id" = @id
    LIMIT 1
) AS s1
LEFT JOIN (
    SELECT s."Id", s."ActualPurchaseCost", s."CreatedAt", s."ExpectedPurchaseCost", s."Notes", s."OrderId", s."Status", s."StoreId", s."SubTotal", s."UpdatedAt", s0."Id" AS "Id0", s0."Address", s0."CreatedAt" AS "CreatedAt0", s0."ImageKey", s0."IsActive", s0."Latitude", s0."Longitude", s0."Name", s0."Phone", s0."UpdatedAt" AS "UpdatedAt0", o0."Id" AS "Id1", o0."ActualPurchasePrice", o0."CreatedAt" AS "CreatedAt1", o0."ExpectedProfitSnapshot", o0."ExpectedPurchasePriceSnapshot", o0."ProductId", o0."ProductNameSnapshot", o0."Quantity", o0."SellingPriceSnapshot", o0."SubOrderId", o0."TotalSellingPrice", o0."UpdatedAt" AS "UpdatedAt1"
    FROM "SubOrders" AS s
    INNER JOIN "Stores" AS s0 ON s."StoreId" = s0."Id"
    LEFT JOIN "OrderItems" AS o0 ON s."Id" = o0."SubOrderId"
) AS s2 ON s1."Id" = s2."OrderId"
ORDER BY s1."Id", s1."Id0", s1."Id1", s2."Id", s2."Id0"
2026-09-24 00:55:12.161 +03:00 [INF] Executed DbCommand (2ms) [Parameters=[@request_DriverId='81d5cbd2-d1d2-4d87-a9a8-021465f5c326'], CommandType='"Text"', CommandTimeout='30']
SELECT d."Id", d."CreatedAt", d."FullName", d."Phone", d."Status", d."UpdatedAt", d."UserId"
FROM "Drivers" AS d
WHERE d."Id" = @request_DriverId
LIMIT 1
2026-09-24 00:55:12.490 +03:00 [INF] Executed DbCommand (4ms) [Parameters=[@p0='01a0d043-ff0f-7874-ad1a-edd39dc33ba9', @p1='4c39b4c4-f51d-4fad-a42c-d03db9ef7d62' (Nullable = true), @p2='Admin' (Nullable = false), @p3='2026-09-23T21:55:12.1636911Z' (DbType = DateTime), @p4='4', @p5='4', @p6='1070209e-9a6f-4dd4-af15-ee7299773071', @p7='تعيين الكابتن الكابتن أحمد المحمدي', @p8='2026-09-23T21:55:12.1636916Z' (DbType = DateTime), @p12='1070209e-9a6f-4dd4-af15-ee7299773071', @p9='81d5cbd2-d1d2-4d87-a9a8-021465f5c326' (Nullable = true), @p10='DriverAssigned' (Nullable = false), @p11='2026-09-23T21:55:12.4444930Z' (DbType = DateTime)], CommandType='"Text"', CommandTimeout='30']
INSERT INTO "OrderStatusHistories" ("Id", "ActorId", "ActorType", "CreatedAt", "NewStatus", "OldStatus", "OrderId", "Reason", "UpdatedAt")
VALUES (@p0, @p1, @p2, @p3, @p4, @p5, @p6, @p7, @p8);
UPDATE "Orders" SET "DriverId" = @p9, "Status" = @p10, "UpdatedAt" = @p11
WHERE "Id" = @p12;
2026-09-24 00:55:12.498 +03:00 [INF] HTTP POST /api/admin/orders/1070209e-9a6f-4dd4-af15-ee7299773071/assign-driver responded 200 in 553.5955 ms
2026-09-24 00:55:12.528 +03:00 [INF] Executed DbCommand (4ms) [Parameters=[@request_Phone='777000222'], CommandType='"Text"', CommandTimeout='30']
SELECT u."Id", u."CreatedAt", u."Email", u."FcmToken", u."IsActive", u."PasswordHash", u."Phone", u."Role", u."UpdatedAt", c."Id", c."CreatedAt", c."FullName", c."ProfileImageKey", c."UpdatedAt", c."UserId", d."Id", d."CreatedAt", d."FullName", d."Phone", d."Status", d."UpdatedAt", d."UserId"
FROM "Users" AS u
LEFT JOIN "Customers" AS c ON u."Id" = c."UserId"
LEFT JOIN "Drivers" AS d ON u."Id" = d."UserId"
WHERE u."Phone" = @request_Phone
LIMIT 1
2026-09-24 00:55:14.230 +03:00 [INF] Executed DbCommand (2ms) [Parameters=[@p0='01a0d044-06b3-72ea-8e16-7dc23b598eb3', @p1='2026-09-23T21:55:14.2269011Z' (DbType = DateTime), @p2='2026-10-23T21:55:14.2268809Z' (DbType = DateTime), @p3='False', @p4='WX9v4IZXCm83CSP1MvgE6Uj5ZN2oj/5Hn4hWTRE3C9I=' (Nullable = false), @p5='2026-09-23T21:55:14.2269012Z' (DbType = DateTime), @p6='59da3500-6778-4c0a-aea5-50b46cf4745e'], CommandType='"Text"', CommandTimeout='30']
INSERT INTO "RefreshTokens" ("Id", "CreatedAt", "ExpiresAt", "IsRevoked", "TokenHash", "UpdatedAt", "UserId")
VALUES (@p0, @p1, @p2, @p3, @p4, @p5, @p6);
2026-09-24 00:55:14.231 +03:00 [INF] HTTP POST /api/auth/login responded 200 in 1722.1050 ms
2026-09-24 00:55:14.266 +03:00 [INF] Executed DbCommand (1ms) [Parameters=[@userId='59da3500-6778-4c0a-aea5-50b46cf4745e'], CommandType='"Text"', CommandTimeout='30']
SELECT d."Id", d."CreatedAt", d."FullName", d."Phone", d."Status", d."UpdatedAt", d."UserId"
FROM "Drivers" AS d
WHERE d."UserId" = @userId
LIMIT 1
2026-09-24 00:55:14.363 +03:00 [WRN] Compiling a query which loads related collections for more than one collection navigation, either via 'Include' or through projection, but no 'QuerySplittingBehavior' has been configured. By default, Entity Framework will use 'QuerySplittingBehavior.SingleQuery', which can potentially result in slow query performance. See https://go.microsoft.com/fwlink/?linkid=2134277 for more information. To identify the query that's triggering this warning call 'ConfigureWarnings(w => w.Throw(RelationalEventId.MultipleCollectionIncludeWarning))'.
2026-09-24 00:55:14.441 +03:00 [INF] Executed DbCommand (6ms) [Parameters=[@id='1070209e-9a6f-4dd4-af15-ee7299773071', @driver_Id='81d5cbd2-d1d2-4d87-a9a8-021465f5c326' (Nullable = true)], CommandType='"Text"', CommandTimeout='30']
SELECT s1."Id", s1."AddressId", s1."CreatedAt", s1."CustomerId", s1."DeliveryFee", s1."Discount", s1."DriverId", s1."IdempotencyKey", s1."Notes", s1."OrderNumber", s1."PaymentMethod", s1."PaymentStatus", s1."Status", s1."SubTotal", s1."TotalAmount", s1."UpdatedAt", s1."Id0", s3."Id", s3."ActualPurchaseCost", s3."CreatedAt", s3."ExpectedPurchaseCost", s3."Notes", s3."OrderId", s3."Status", s3."StoreId", s3."SubTotal", s3."UpdatedAt", s3."Id0", s3."Id1", s3."ActualPurchasePrice", s3."CreatedAt0", s3."ExpectedProfitSnapshot", s3."ExpectedPurchasePriceSnapshot", s3."ProductId", s3."ProductNameSnapshot", s3."Quantity", s3."SellingPriceSnapshot", s3."SubOrderId", s3."TotalSellingPrice", s3."UpdatedAt0", s3."Id00", s3."CategoryId", s3."CreatedAt00", s3."Description", s3."ExpectedPurchasePrice", s3."IsActive", s3."IsDeleted", s3."Name", s3."SellingPrice", s3."SourceType", s3."StoreId0", s3."UpdatedAt00", s3."Address", s3."CreatedAt1", s3."ImageKey", s3."IsActive0", s3."Latitude", s3."Longitude", s3."Name0", s3."Phone", s3."UpdatedAt1", s1."Building", s1."City", s1."CreatedAt0", s1."CustomerId0", s1."Description", s1."District", s1."IsDefault", s1."Label", s1."Latitude", s1."Longitude", s1."Street", s1."UpdatedAt0"
FROM (
    SELECT o."Id", o."AddressId", o."CreatedAt", o."CustomerId", o."DeliveryFee", o."Discount", o."DriverId", o."IdempotencyKey", o."Notes", o."OrderNumber", o."PaymentMethod", o."PaymentStatus", o."Status", o."SubTotal", o."TotalAmount", o."UpdatedAt", a."Id" AS "Id0", a."Building", a."City", a."CreatedAt" AS "CreatedAt0", a."CustomerId" AS "CustomerId0", a."Description", a."District", a."IsDefault", a."Label", a."Latitude", a."Longitude", a."Street", a."UpdatedAt" AS "UpdatedAt0"
    FROM "Orders" AS o
    INNER JOIN "Addresses" AS a ON o."AddressId" = a."Id"
    WHERE o."Id" = @id AND o."DriverId" = @driver_Id
    LIMIT 1
) AS s1
LEFT JOIN (
    SELECT s."Id", s."ActualPurchaseCost", s."CreatedAt", s."ExpectedPurchaseCost", s."Notes", s."OrderId", s."Status", s."StoreId", s."SubTotal", s."UpdatedAt", s0."Id" AS "Id0", s2."Id" AS "Id1", s2."ActualPurchasePrice", s2."CreatedAt" AS "CreatedAt0", s2."ExpectedProfitSnapshot", s2."ExpectedPurchasePriceSnapshot", s2."ProductId", s2."ProductNameSnapshot", s2."Quantity", s2."SellingPriceSnapshot", s2."SubOrderId", s2."TotalSellingPrice", s2."UpdatedAt" AS "UpdatedAt0", s2."Id0" AS "Id00", s2."CategoryId", s2."CreatedAt0" AS "CreatedAt00", s2."Description", s2."ExpectedPurchasePrice", s2."IsActive", s2."IsDeleted", s2."Name", s2."SellingPrice", s2."SourceType", s2."StoreId" AS "StoreId0", s2."UpdatedAt0" AS "UpdatedAt00", s0."Address", s0."CreatedAt" AS "CreatedAt1", s0."ImageKey", s0."IsActive" AS "IsActive0", s0."Latitude", s0."Longitude", s0."Name" AS "Name0", s0."Phone", s0."UpdatedAt" AS "UpdatedAt1"
    FROM "SubOrders" AS s
    INNER JOIN "Stores" AS s0 ON s."StoreId" = s0."Id"
    LEFT JOIN (
        SELECT o0."Id", o0."ActualPurchasePrice", o0."CreatedAt", o0."ExpectedProfitSnapshot", o0."ExpectedPurchasePriceSnapshot", o0."ProductId", o0."ProductNameSnapshot", o0."Quantity", o0."SellingPriceSnapshot", o0."SubOrderId", o0."TotalSellingPrice", o0."UpdatedAt", p0."Id" AS "Id0", p0."CategoryId", p0."CreatedAt" AS "CreatedAt0", p0."Description", p0."ExpectedPurchasePrice", p0."IsActive", p0."IsDeleted", p0."Name", p0."SellingPrice", p0."SourceType", p0."StoreId", p0."UpdatedAt" AS "UpdatedAt0"
        FROM "OrderItems" AS o0
        LEFT JOIN (
            SELECT p."Id", p."CategoryId", p."CreatedAt", p."Description", p."ExpectedPurchasePrice", p."IsActive", p."IsDeleted", p."Name", p."SellingPrice", p."SourceType", p."StoreId", p."UpdatedAt"
            FROM "Products" AS p
            WHERE NOT (p."IsDeleted")
        ) AS p0 ON o0."ProductId" = p0."Id"
    ) AS s2 ON s."Id" = s2."SubOrderId"
) AS s3 ON s1."Id" = s3."OrderId"
ORDER BY s1."Id", s1."Id0", s3."Id", s3."Id0", s3."Id1"
2026-09-24 00:55:14.566 +03:00 [INF] Executed DbCommand (3ms) [Parameters=[@p2='81d5cbd2-d1d2-4d87-a9a8-021465f5c326', @p0='Busy' (Nullable = false), @p1='2026-09-23T21:55:14.5589199Z' (DbType = DateTime), @p3='01a0d044-07df-7c63-ab0d-1d9a1c3f4b56', @p4='59da3500-6778-4c0a-aea5-50b46cf4745e' (Nullable = true), @p5='Driver' (Nullable = false), @p6='2026-09-23T21:55:14.5266049Z' (DbType = DateTime), @p7='7', @p8='4', @p9='1070209e-9a6f-4dd4-af15-ee7299773071', @p10='قبول الطلب والبدء بالتنفيذ', @p11='2026-09-23T21:55:14.5266052Z' (DbType = DateTime), @p14='1070209e-9a6f-4dd4-af15-ee7299773071', @p12='WarehousePickup' (Nullable = false), @p13='2026-09-23T21:55:14.5589218Z' (DbType = DateTime)], CommandType='"Text"', CommandTimeout='30']
UPDATE "Drivers" SET "Status" = @p0, "UpdatedAt" = @p1
WHERE "Id" = @p2;
INSERT INTO "OrderStatusHistories" ("Id", "ActorId", "ActorType", "CreatedAt", "NewStatus", "OldStatus", "OrderId", "Reason", "UpdatedAt")
VALUES (@p3, @p4, @p5, @p6, @p7, @p8, @p9, @p10, @p11);
UPDATE "Orders" SET "Status" = @p12, "UpdatedAt" = @p13
WHERE "Id" = @p14;
2026-09-24 00:55:14.571 +03:00 [INF] HTTP PUT /api/driver/orders/1070209e-9a6f-4dd4-af15-ee7299773071/accept responded 200 in 336.0775 ms
2026-09-24 00:55:14.596 +03:00 [INF] Executed DbCommand (1ms) [Parameters=[@userId='59da3500-6778-4c0a-aea5-50b46cf4745e'], CommandType='"Text"', CommandTimeout='30']
SELECT d."Id", d."CreatedAt", d."FullName", d."Phone", d."Status", d."UpdatedAt", d."UserId"
FROM "Drivers" AS d
WHERE d."UserId" = @userId
LIMIT 1
2026-09-24 00:55:14.620 +03:00 [WRN] Compiling a query which loads related collections for more than one collection navigation, either via 'Include' or through projection, but no 'QuerySplittingBehavior' has been configured. By default, Entity Framework will use 'QuerySplittingBehavior.SingleQuery', which can potentially result in slow query performance. See https://go.microsoft.com/fwlink/?linkid=2134277 for more information. To identify the query that's triggering this warning call 'ConfigureWarnings(w => w.Throw(RelationalEventId.MultipleCollectionIncludeWarning))'.
2026-09-24 00:55:14.697 +03:00 [INF] Executed DbCommand (6ms) [Parameters=[@id='1070209e-9a6f-4dd4-af15-ee7299773071', @driver_Id='81d5cbd2-d1d2-4d87-a9a8-021465f5c326' (Nullable = true)], CommandType='"Text"', CommandTimeout='30']
SELECT s1."Id", s1."AddressId", s1."CreatedAt", s1."CustomerId", s1."DeliveryFee", s1."Discount", s1."DriverId", s1."IdempotencyKey", s1."Notes", s1."OrderNumber", s1."PaymentMethod", s1."PaymentStatus", s1."Status", s1."SubTotal", s1."TotalAmount", s1."UpdatedAt", s1."Id0", s1."Id1", s2."Id", s2."ActualPurchaseCost", s2."CreatedAt", s2."ExpectedPurchaseCost", s2."Notes", s2."OrderId", s2."Status", s2."StoreId", s2."SubTotal", s2."UpdatedAt", s2."Id0", s2."Id1", s2."ActualPurchasePrice", s2."CreatedAt0", s2."ExpectedProfitSnapshot", s2."ExpectedPurchasePriceSnapshot", s2."ProductId", s2."ProductNameSnapshot", s2."Quantity", s2."SellingPriceSnapshot", s2."SubOrderId", s2."TotalSellingPrice", s2."UpdatedAt0", s2."Address", s2."CreatedAt1", s2."ImageKey", s2."IsActive", s2."Latitude", s2."Longitude", s2."Name", s2."Phone", s2."UpdatedAt1", s1."Amount", s1."CreatedAt0", s1."Method", s1."OrderId", s1."RejectionReason", s1."Status0", s1."UpdatedAt0", s1."VerifiedAt", s1."VerifiedBy", s1."Building", s1."City", s1."CreatedAt1", s1."CustomerId0", s1."Description", s1."District", s1."IsDefault", s1."Label", s1."Latitude", s1."Longitude", s1."Street", s1."UpdatedAt1"
FROM (
    SELECT o."Id", o."AddressId", o."CreatedAt", o."CustomerId", o."DeliveryFee", o."Discount", o."DriverId", o."IdempotencyKey", o."Notes", o."OrderNumber", o."PaymentMethod", o."PaymentStatus", o."Status", o."SubTotal", o."TotalAmount", o."UpdatedAt", p."Id" AS "Id0", p."Amount", p."CreatedAt" AS "CreatedAt0", p."Method", p."OrderId", p."RejectionReason", p."Status" AS "Status0", p."UpdatedAt" AS "UpdatedAt0", p."VerifiedAt", p."VerifiedBy", a."Id" AS "Id1", a."Building", a."City", a."CreatedAt" AS "CreatedAt1", a."CustomerId" AS "CustomerId0", a."Description", a."District", a."IsDefault", a."Label", a."Latitude", a."Longitude", a."Street", a."UpdatedAt" AS "UpdatedAt1"
    FROM "Orders" AS o
    LEFT JOIN "Payments" AS p ON o."Id" = p."OrderId"
    INNER JOIN "Addresses" AS a ON o."AddressId" = a."Id"
    WHERE o."Id" = @id AND o."DriverId" = @driver_Id
    LIMIT 1
) AS s1
LEFT JOIN (
    SELECT s."Id", s."ActualPurchaseCost", s."CreatedAt", s."ExpectedPurchaseCost", s."Notes", s."OrderId", s."Status", s."StoreId", s."SubTotal", s."UpdatedAt", s0."Id" AS "Id0", o0."Id" AS "Id1", o0."ActualPurchasePrice", o0."CreatedAt" AS "CreatedAt0", o0."ExpectedProfitSnapshot", o0."ExpectedPurchasePriceSnapshot", o0."ProductId", o0."ProductNameSnapshot", o0."Quantity", o0."SellingPriceSnapshot", o0."SubOrderId", o0."TotalSellingPrice", o0."UpdatedAt" AS "UpdatedAt0", s0."Address", s0."CreatedAt" AS "CreatedAt1", s0."ImageKey", s0."IsActive", s0."Latitude", s0."Longitude", s0."Name", s0."Phone", s0."UpdatedAt" AS "UpdatedAt1"
    FROM "SubOrders" AS s
    INNER JOIN "Stores" AS s0 ON s."StoreId" = s0."Id"
    LEFT JOIN "OrderItems" AS o0 ON s."Id" = o0."SubOrderId"
) AS s2 ON s1."Id" = s2."OrderId"
ORDER BY s1."Id", s1."Id0", s1."Id1", s2."Id", s2."Id0"
2026-09-24 00:55:14.861 +03:00 [INF] Executed DbCommand (7ms) [Parameters=[@p0='01a0d044-08c5-7c96-b8f5-ca7530bb4003', @p1='10900.00', @p2='2026-09-23T21:55:14.7500017Z' (DbType = DateTime), @p3='59da3500-6778-4c0a-aea5-50b46cf4745e', @p4='تحصيل مبلغ الطلب نقداً من العميل' (Nullable = false), @p5='1', @p6='81d5cbd2-d1d2-4d87-a9a8-021465f5c326', @p7='1070209e-9a6f-4dd4-af15-ee7299773071' (Nullable = true), @p8='BS-20260923-8671', @p9='0', @p10='2026-09-23T21:55:14.7500017Z' (DbType = DateTime), @p13='81d5cbd2-d1d2-4d87-a9a8-021465f5c326', @p11='Online' (Nullable = false), @p12='2026-09-23T21:55:14.8437609Z' (DbType = DateTime), @p14='01a0d044-0903-7779-8c70-6b2aa8696369', @p15='59da3500-6778-4c0a-aea5-50b46cf4745e' (Nullable = true), @p16='Driver' (Nullable = false), @p17='2026-09-23T21:55:14.7944358Z' (DbType = DateTime), @p18='9', @p19='8', @p20='1070209e-9a6f-4dd4-af15-ee7299773071', @p21='تم تسليم الطلب للعميل بنجاح', @p22='2026-09-23T21:55:14.7944362Z' (DbType = DateTime), @p25='1070209e-9a6f-4dd4-af15-ee7299773071', @p23='Delivered' (Nullable = false), @p24='2026-09-23T21:55:14.8437616Z' (DbType = DateTime), @p28='1cc70920-67a8-4277-813a-80d0490bf407', @p26='Verified' (Nullable = false), @p27='2026-09-23T21:55:14.8437619Z' (DbType = DateTime)], CommandType='"Text"', CommandTimeout='30']
INSERT INTO "DriverTransactions" ("Id", "Amount", "CreatedAt", "CreatedBy", "Description", "Direction", "DriverId", "OrderId", "Reference", "Type", "UpdatedAt")
VALUES (@p0, @p1, @p2, @p3, @p4, @p5, @p6, @p7, @p8, @p9, @p10);
UPDATE "Drivers" SET "Status" = @p11, "UpdatedAt" = @p12
WHERE "Id" = @p13;
INSERT INTO "OrderStatusHistories" ("Id", "ActorId", "ActorType", "CreatedAt", "NewStatus", "OldStatus", "OrderId", "Reason", "UpdatedAt")
VALUES (@p14, @p15, @p16, @p17, @p18, @p19, @p20, @p21, @p22);
UPDATE "Orders" SET "Status" = @p23, "UpdatedAt" = @p24
WHERE "Id" = @p25;
UPDATE "Payments" SET "Status" = @p26, "UpdatedAt" = @p27
WHERE "Id" = @p28;
2026-09-24 00:55:14.864 +03:00 [INF] HTTP PUT /api/driver/orders/1070209e-9a6f-4dd4-af15-ee7299773071/delivered responded 200 in 286.2964 ms
2026-09-24 00:55:15.058 +03:00 [INF] Executed DbCommand (1ms) [Parameters=[@userId='59da3500-6778-4c0a-aea5-50b46cf4745e'], CommandType='"Text"', CommandTimeout='30']
SELECT d."Id", d."CreatedAt", d."FullName", d."Phone", d."Status", d."UpdatedAt", d."UserId"
FROM "Drivers" AS d
WHERE d."UserId" = @userId
LIMIT 1
2026-09-24 00:55:15.076 +03:00 [INF] Executed DbCommand (1ms) [Parameters=[@driver_Id='81d5cbd2-d1d2-4d87-a9a8-021465f5c326'], CommandType='"Text"', CommandTimeout='30']
SELECT d."Id", d."Amount", d."CreatedAt", d."CreatedBy", d."Description", d."Direction", d."DriverId", d."OrderId", d."Reference", d."Type", d."UpdatedAt"
FROM "DriverTransactions" AS d
WHERE d."DriverId" = @driver_Id
2026-09-24 00:55:15.088 +03:00 [INF] HTTP GET /api/driver/financial/summary responded 200 in 44.3025 ms
2026-09-24 00:55:37.407 +03:00 [INF] Executed DbCommand (2ms) [Parameters=[@request_Phone='777000000'], CommandType='"Text"', CommandTimeout='30']
SELECT u."Id", u."CreatedAt", u."Email", u."FcmToken", u."IsActive", u."PasswordHash", u."Phone", u."Role", u."UpdatedAt", c."Id", c."CreatedAt", c."FullName", c."ProfileImageKey", c."UpdatedAt", c."UserId", d."Id", d."CreatedAt", d."FullName", d."Phone", d."Status", d."UpdatedAt", d."UserId"
FROM "Users" AS u
LEFT JOIN "Customers" AS c ON u."Id" = c."UserId"
LEFT JOIN "Drivers" AS d ON u."Id" = d."UserId"
WHERE u."Phone" = @request_Phone
LIMIT 1
2026-09-24 00:55:37.812 +03:00 [INF] Executed DbCommand (1ms) [Parameters=[@p0='01a0d044-62d1-7d1e-9e36-bf463d5e7061', @p1='2026-09-23T21:55:37.8092810Z' (DbType = DateTime), @p2='2026-10-23T21:55:37.8092582Z' (DbType = DateTime), @p3='False', @p4='ZtaWBE8DisfcwNJ69pDZkAIdvww6hcfM+fa4R3b46G0=' (Nullable = false), @p5='2026-09-23T21:55:37.8092810Z' (DbType = DateTime), @p6='4c39b4c4-f51d-4fad-a42c-d03db9ef7d62'], CommandType='"Text"', CommandTimeout='30']
INSERT INTO "RefreshTokens" ("Id", "CreatedAt", "ExpiresAt", "IsRevoked", "TokenHash", "UpdatedAt", "UserId")
VALUES (@p0, @p1, @p2, @p3, @p4, @p5, @p6);
2026-09-24 00:55:37.813 +03:00 [INF] HTTP POST /api/auth/login responded 200 in 413.6721 ms
2026-09-24 00:55:37.827 +03:00 [INF] Executed DbCommand (2ms) [Parameters=[@request_Phone='777000222'], CommandType='"Text"', CommandTimeout='30']
SELECT u."Id", u."CreatedAt", u."Email", u."FcmToken", u."IsActive", u."PasswordHash", u."Phone", u."Role", u."UpdatedAt", c."Id", c."CreatedAt", c."FullName", c."ProfileImageKey", c."UpdatedAt", c."UserId", d."Id", d."CreatedAt", d."FullName", d."Phone", d."Status", d."UpdatedAt", d."UserId"
FROM "Users" AS u
LEFT JOIN "Customers" AS c ON u."Id" = c."UserId"
LEFT JOIN "Drivers" AS d ON u."Id" = d."UserId"
WHERE u."Phone" = @request_Phone
LIMIT 1
2026-09-24 00:55:38.353 +03:00 [INF] Executed DbCommand (2ms) [Parameters=[@p0='01a0d044-64ef-790f-b66a-6f376948f776', @p1='2026-09-23T21:55:38.3511182Z' (DbType = DateTime), @p2='2026-10-23T21:55:38.3510991Z' (DbType = DateTime), @p3='False', @p4='9/iIGihB2SO+JgyS7zQHdIVD6N71bXH8Js0Iws7uluI=' (Nullable = false), @p5='2026-09-23T21:55:38.3511183Z' (DbType = DateTime), @p6='59da3500-6778-4c0a-aea5-50b46cf4745e'], CommandType='"Text"', CommandTimeout='30']
INSERT INTO "RefreshTokens" ("Id", "CreatedAt", "ExpiresAt", "IsRevoked", "TokenHash", "UpdatedAt", "UserId")
VALUES (@p0, @p1, @p2, @p3, @p4, @p5, @p6);
2026-09-24 00:55:38.354 +03:00 [INF] HTTP POST /api/auth/login responded 200 in 530.6418 ms
2026-09-24 00:55:38.418 +03:00 [INF] Executed DbCommand (1ms) [Parameters=[], CommandType='"Text"', CommandTimeout='30']
SELECT d."Id", d."CreatedAt", d."FullName", d."Phone", d."Status", d."UpdatedAt", d."UserId", d0."Id", d0."Amount", d0."CreatedAt", d0."CreatedBy", d0."Description", d0."Direction", d0."DriverId", d0."OrderId", d0."Reference", d0."Type", d0."UpdatedAt"
FROM "Drivers" AS d
LEFT JOIN "DriverTransactions" AS d0 ON d."Id" = d0."DriverId"
ORDER BY d."Id"
2026-09-24 00:55:38.420 +03:00 [INF] HTTP GET /api/admin/drivers responded 200 in 5.0510 ms
2026-09-24 00:55:38.458 +03:00 [INF] Executed DbCommand (1ms) [Parameters=[@id='81d5cbd2-d1d2-4d87-a9a8-021465f5c326'], CommandType='"Text"', CommandTimeout='30']
SELECT d."Id", d."CreatedAt", d."FullName", d."Phone", d."Status", d."UpdatedAt", d."UserId"
FROM "Drivers" AS d
WHERE d."Id" = @id
LIMIT 1
2026-09-24 00:55:38.495 +03:00 [INF] Executed DbCommand (3ms) [Parameters=[@p0='01a0d044-6561-7b03-941c-08f79ed13306', @p1='10900', @p2='2026-09-23T21:55:38.4599946Z' (DbType = DateTime), @p3='4c39b4c4-f51d-4fad-a42c-d03db9ef7d62', @p4='81d5cbd2-d1d2-4d87-a9a8-021465f5c326', @p5='?????? ??????? ??????? ?? ?????? ???????', @p6='2026-09-23T21:55:38.4599949Z' (DbType = DateTime), @p7='01a0d044-6574-745c-bb9a-c3541247e0a7', @p8='10900', @p9='2026-09-23T21:55:38.4845676Z' (DbType = DateTime), @p10='4c39b4c4-f51d-4fad-a42c-d03db9ef7d62', @p11='?????? ??????? ??????? ?? ?????? ???????' (Nullable = false), @p12='1', @p13='81d5cbd2-d1d2-4d87-a9a8-021465f5c326', @p14=NULL (DbType = Guid), @p15='توريد نقدي', @p16='2', @p17='2026-09-23T21:55:38.4845679Z' (DbType = DateTime)], CommandType='"Text"', CommandTimeout='30']
INSERT INTO "DriverSettlements" ("Id", "Amount", "CreatedAt", "CreatedBy", "DriverId", "Note", "UpdatedAt")
VALUES (@p0, @p1, @p2, @p3, @p4, @p5, @p6);
INSERT INTO "DriverTransactions" ("Id", "Amount", "CreatedAt", "CreatedBy", "Description", "Direction", "DriverId", "OrderId", "Reference", "Type", "UpdatedAt")
VALUES (@p7, @p8, @p9, @p10, @p11, @p12, @p13, @p14, @p15, @p16, @p17);
2026-09-24 00:55:38.499 +03:00 [INF] HTTP POST /api/admin/drivers/81d5cbd2-d1d2-4d87-a9a8-021465f5c326/settlement responded 200 in 68.2839 ms
2026-09-24 00:55:38.561 +03:00 [INF] Executed DbCommand (1ms) [Parameters=[@userId='59da3500-6778-4c0a-aea5-50b46cf4745e'], CommandType='"Text"', CommandTimeout='30']
SELECT d."Id", d."CreatedAt", d."FullName", d."Phone", d."Status", d."UpdatedAt", d."UserId"
FROM "Drivers" AS d
WHERE d."UserId" = @userId
LIMIT 1
2026-09-24 00:55:38.563 +03:00 [INF] Executed DbCommand (1ms) [Parameters=[@driver_Id='81d5cbd2-d1d2-4d87-a9a8-021465f5c326'], CommandType='"Text"', CommandTimeout='30']
SELECT d."Id", d."Amount", d."CreatedAt", d."CreatedBy", d."Description", d."Direction", d."DriverId", d."OrderId", d."Reference", d."Type", d."UpdatedAt"
FROM "DriverTransactions" AS d
WHERE d."DriverId" = @driver_Id
2026-09-24 00:55:38.565 +03:00 [INF] HTTP GET /api/driver/financial/summary responded 200 in 6.0185 ms
2026-09-24 00:55:53.066 +03:00 [INF] Executed DbCommand (2ms) [Parameters=[@request_Phone='777000111'], CommandType='"Text"', CommandTimeout='30']
SELECT u."Id", u."CreatedAt", u."Email", u."FcmToken", u."IsActive", u."PasswordHash", u."Phone", u."Role", u."UpdatedAt", c."Id", c."CreatedAt", c."FullName", c."ProfileImageKey", c."UpdatedAt", c."UserId", d."Id", d."CreatedAt", d."FullName", d."Phone", d."Status", d."UpdatedAt", d."UserId"
FROM "Users" AS u
LEFT JOIN "Customers" AS c ON u."Id" = c."UserId"
LEFT JOIN "Drivers" AS d ON u."Id" = d."UserId"
WHERE u."Phone" = @request_Phone
LIMIT 1
2026-09-24 00:55:53.535 +03:00 [INF] Executed DbCommand (1ms) [Parameters=[@p0='01a0d044-a034-72dd-aa74-e8e9a06c37ae', @p1='2026-09-23T21:55:53.5240219Z' (DbType = DateTime), @p2='2026-10-23T21:55:53.5239950Z' (DbType = DateTime), @p3='False', @p4='2qgKrZrWlBjC/yIFRYB3GwjTLtb/spGSYj69Z7GEzU0=' (Nullable = false), @p5='2026-09-23T21:55:53.5240220Z' (DbType = DateTime), @p6='fc97c853-7ee4-449b-b3e0-1f5c1efe77a8'], CommandType='"Text"', CommandTimeout='30']
INSERT INTO "RefreshTokens" ("Id", "CreatedAt", "ExpiresAt", "IsRevoked", "TokenHash", "UpdatedAt", "UserId")
VALUES (@p0, @p1, @p2, @p3, @p4, @p5, @p6);
2026-09-24 00:55:53.536 +03:00 [INF] HTTP POST /api/auth/login responded 200 in 473.4654 ms
2026-09-24 00:55:53.714 +03:00 [INF] Executed DbCommand (1ms) [Parameters=[], CommandType='"Text"', CommandTimeout='30']
SELECT count(*)::int
FROM "Products" AS p
WHERE NOT (p."IsDeleted") AND p."IsActive"
2026-09-24 00:55:53.770 +03:00 [INF] Executed DbCommand (3ms) [Parameters=[@p0='20', @p='0'], CommandType='"Text"', CommandTimeout='30']
SELECT p0."Id", p0."Name", p0."Description", p0."CategoryId", c."Name", p0."StoreId", s."Name", p0."SourceType", p0."SellingPrice", i."Quantity", p0."IsActive", c."Id", s."Id", i."Id", p1."ImageKey", p1."Id"
FROM (
    SELECT p."Id", p."CategoryId", p."CreatedAt", p."Description", p."IsActive", p."Name", p."SellingPrice", p."SourceType", p."StoreId"
    FROM "Products" AS p
    WHERE NOT (p."IsDeleted") AND p."IsActive"
    ORDER BY p."CreatedAt" DESC
    LIMIT @p0 OFFSET @p
) AS p0
INNER JOIN "Categories" AS c ON p0."CategoryId" = c."Id"
INNER JOIN "Stores" AS s ON p0."StoreId" = s."Id"
LEFT JOIN "Inventories" AS i ON p0."Id" = i."ProductId"
LEFT JOIN "ProductImages" AS p1 ON p0."Id" = p1."ProductId"
ORDER BY p0."CreatedAt" DESC, p0."Id", c."Id", s."Id", i."Id", p1."SortOrder"
2026-09-24 00:55:53.812 +03:00 [INF] HTTP GET /api/products responded 200 in 140.6009 ms
2026-09-24 00:55:53.864 +03:00 [INF] Executed DbCommand (1ms) [Parameters=[@request_ProductId='a5bca912-95f7-4828-af15-481b84acb5ff'], CommandType='"Text"', CommandTimeout='30']
SELECT p."Id", p."CategoryId", p."CreatedAt", p."Description", p."ExpectedPurchasePrice", p."IsActive", p."IsDeleted", p."Name", p."SellingPrice", p."SourceType", p."StoreId", p."UpdatedAt"
FROM "Products" AS p
WHERE NOT (p."IsDeleted") AND p."Id" = @request_ProductId AND p."IsActive"
LIMIT 1
2026-09-24 00:55:53.917 +03:00 [INF] Executed DbCommand (3ms) [Parameters=[@userId='fc97c853-7ee4-449b-b3e0-1f5c1efe77a8'], CommandType='"Text"', CommandTimeout='30']
SELECT s0."Id", s0."CreatedAt", s0."FullName", s0."ProfileImageKey", s0."UpdatedAt", s0."UserId", s0."Id0", s0."CreatedAt0", s0."CustomerId", s0."UpdatedAt0", s1."Id", s1."AddedAt", s1."CartId", s1."CreatedAt", s1."Notes", s1."ProductId", s1."Quantity", s1."UpdatedAt", s1."Id0", s1."CategoryId", s1."CreatedAt0", s1."Description", s1."ExpectedPurchasePrice", s1."IsActive", s1."IsDeleted", s1."Name", s1."SellingPrice", s1."SourceType", s1."StoreId", s1."UpdatedAt0", s1."Id1", s1."Address", s1."CreatedAt1", s1."ImageKey", s1."IsActive0", s1."Latitude", s1."Longitude", s1."Name0", s1."Phone", s1."UpdatedAt1"
FROM (
    SELECT c."Id", c."CreatedAt", c."FullName", c."ProfileImageKey", c."UpdatedAt", c."UserId", c0."Id" AS "Id0", c0."CreatedAt" AS "CreatedAt0", c0."CustomerId", c0."UpdatedAt" AS "UpdatedAt0"
    FROM "Customers" AS c
    LEFT JOIN "Carts" AS c0 ON c."Id" = c0."CustomerId"
    WHERE c."UserId" = @userId
    LIMIT 1
) AS s0
LEFT JOIN (
    SELECT c1."Id", c1."AddedAt", c1."CartId", c1."CreatedAt", c1."Notes", c1."ProductId", c1."Quantity", c1."UpdatedAt", p0."Id" AS "Id0", p0."CategoryId", p0."CreatedAt" AS "CreatedAt0", p0."Description", p0."ExpectedPurchasePrice", p0."IsActive", p0."IsDeleted", p0."Name", p0."SellingPrice", p0."SourceType", p0."StoreId", p0."UpdatedAt" AS "UpdatedAt0", s."Id" AS "Id1", s."Address", s."CreatedAt" AS "CreatedAt1", s."ImageKey", s."IsActive" AS "IsActive0", s."Latitude", s."Longitude", s."Name" AS "Name0", s."Phone", s."UpdatedAt" AS "UpdatedAt1"
    FROM "CartItems" AS c1
    INNER JOIN (
        SELECT p."Id", p."CategoryId", p."CreatedAt", p."Description", p."ExpectedPurchasePrice", p."IsActive", p."IsDeleted", p."Name", p."SellingPrice", p."SourceType", p."StoreId", p."UpdatedAt"
        FROM "Products" AS p
        WHERE NOT (p."IsDeleted")
    ) AS p0 ON c1."ProductId" = p0."Id"
    INNER JOIN "Stores" AS s ON p0."StoreId" = s."Id"
) AS s1 ON s0."Id0" = s1."CartId"
ORDER BY s0."Id", s0."Id0", s1."Id", s1."Id0"
2026-09-24 00:55:53.976 +03:00 [INF] Executed DbCommand (2ms) [Parameters=[@p0='01a0d044-a1da-7289-9fbf-c3c68f4b6394', @p1='2026-09-23T21:55:53.9416657Z' (DbType = DateTime), @p2='af682ed6-e856-4a4c-b402-fe447fe6e415', @p3='2026-09-23T21:55:53.9416661Z' (DbType = DateTime), @p4=NULL, @p5='a5bca912-95f7-4828-af15-481b84acb5ff', @p6='1', @p7='2026-09-23T21:55:53.9416661Z' (DbType = DateTime)], CommandType='"Text"', CommandTimeout='30']
INSERT INTO "CartItems" ("Id", "AddedAt", "CartId", "CreatedAt", "Notes", "ProductId", "Quantity", "UpdatedAt")
VALUES (@p0, @p1, @p2, @p3, @p4, @p5, @p6, @p7);
2026-09-24 00:55:54.004 +03:00 [INF] Executed DbCommand (24ms) [Parameters=[@userId='fc97c853-7ee4-449b-b3e0-1f5c1efe77a8'], CommandType='"Text"', CommandTimeout='30']
SELECT s0."Id", s0."CreatedAt", s0."FullName", s0."ProfileImageKey", s0."UpdatedAt", s0."UserId", s0."Id0", s0."CreatedAt0", s0."CustomerId", s0."UpdatedAt0", s1."Id", s1."AddedAt", s1."CartId", s1."CreatedAt", s1."Notes", s1."ProductId", s1."Quantity", s1."UpdatedAt", s1."Id0", s1."CategoryId", s1."CreatedAt0", s1."Description", s1."ExpectedPurchasePrice", s1."IsActive", s1."IsDeleted", s1."Name", s1."SellingPrice", s1."SourceType", s1."StoreId", s1."UpdatedAt0", s1."Id1", s1."Address", s1."CreatedAt1", s1."ImageKey", s1."IsActive0", s1."Latitude", s1."Longitude", s1."Name0", s1."Phone", s1."UpdatedAt1"
FROM (
    SELECT c."Id", c."CreatedAt", c."FullName", c."ProfileImageKey", c."UpdatedAt", c."UserId", c0."Id" AS "Id0", c0."CreatedAt" AS "CreatedAt0", c0."CustomerId", c0."UpdatedAt" AS "UpdatedAt0"
    FROM "Customers" AS c
    LEFT JOIN "Carts" AS c0 ON c."Id" = c0."CustomerId"
    WHERE c."UserId" = @userId
    LIMIT 1
) AS s0
LEFT JOIN (
    SELECT c1."Id", c1."AddedAt", c1."CartId", c1."CreatedAt", c1."Notes", c1."ProductId", c1."Quantity", c1."UpdatedAt", p0."Id" AS "Id0", p0."CategoryId", p0."CreatedAt" AS "CreatedAt0", p0."Description", p0."ExpectedPurchasePrice", p0."IsActive", p0."IsDeleted", p0."Name", p0."SellingPrice", p0."SourceType", p0."StoreId", p0."UpdatedAt" AS "UpdatedAt0", s."Id" AS "Id1", s."Address", s."CreatedAt" AS "CreatedAt1", s."ImageKey", s."IsActive" AS "IsActive0", s."Latitude", s."Longitude", s."Name" AS "Name0", s."Phone", s."UpdatedAt" AS "UpdatedAt1"
    FROM "CartItems" AS c1
    INNER JOIN (
        SELECT p."Id", p."CategoryId", p."CreatedAt", p."Description", p."ExpectedPurchasePrice", p."IsActive", p."IsDeleted", p."Name", p."SellingPrice", p."SourceType", p."StoreId", p."UpdatedAt"
        FROM "Products" AS p
        WHERE NOT (p."IsDeleted")
    ) AS p0 ON c1."ProductId" = p0."Id"
    INNER JOIN "Stores" AS s ON p0."StoreId" = s."Id"
) AS s1 ON s0."Id0" = s1."CartId"
ORDER BY s0."Id", s0."Id0", s1."Id", s1."Id0"
2026-09-24 00:55:54.022 +03:00 [INF] HTTP POST /api/cart/items responded 200 in 191.6771 ms
2026-09-24 00:55:54.091 +03:00 [WRN] Compiling a query which loads related collections for more than one collection navigation, either via 'Include' or through projection, but no 'QuerySplittingBehavior' has been configured. By default, Entity Framework will use 'QuerySplittingBehavior.SingleQuery', which can potentially result in slow query performance. See https://go.microsoft.com/fwlink/?linkid=2134277 for more information. To identify the query that's triggering this warning call 'ConfigureWarnings(w => w.Throw(RelationalEventId.MultipleCollectionIncludeWarning))'.
2026-09-24 00:55:54.146 +03:00 [INF] Executed DbCommand (3ms) [Parameters=[@userId='fc97c853-7ee4-449b-b3e0-1f5c1efe77a8'], CommandType='"Text"', CommandTimeout='30']
SELECT s0."Id", s0."CreatedAt", s0."FullName", s0."ProfileImageKey", s0."UpdatedAt", s0."UserId", s0."Id0", a."Id", a."Building", a."City", a."CreatedAt", a."CustomerId", a."Description", a."District", a."IsDefault", a."Label", a."Latitude", a."Longitude", a."Street", a."UpdatedAt", s0."CreatedAt0", s0."CustomerId", s0."UpdatedAt0", s1."Id", s1."AddedAt", s1."CartId", s1."CreatedAt", s1."Notes", s1."ProductId", s1."Quantity", s1."UpdatedAt", s1."Id0", s1."CategoryId", s1."CreatedAt0", s1."Description", s1."ExpectedPurchasePrice", s1."IsActive", s1."IsDeleted", s1."Name", s1."SellingPrice", s1."SourceType", s1."StoreId", s1."UpdatedAt0", s1."Id1", s1."Address", s1."CreatedAt1", s1."ImageKey", s1."IsActive0", s1."Latitude", s1."Longitude", s1."Name0", s1."Phone", s1."UpdatedAt1", s1."Id2", s1."CreatedAt2", s1."ProductId0", s1."Quantity0", s1."UpdatedAt2"
FROM (
    SELECT c."Id", c."CreatedAt", c."FullName", c."ProfileImageKey", c."UpdatedAt", c."UserId", c0."Id" AS "Id0", c0."CreatedAt" AS "CreatedAt0", c0."CustomerId", c0."UpdatedAt" AS "UpdatedAt0"
    FROM "Customers" AS c
    LEFT JOIN "Carts" AS c0 ON c."Id" = c0."CustomerId"
    WHERE c."UserId" = @userId
    LIMIT 1
) AS s0
LEFT JOIN "Addresses" AS a ON s0."Id" = a."CustomerId"
LEFT JOIN (
    SELECT c1."Id", c1."AddedAt", c1."CartId", c1."CreatedAt", c1."Notes", c1."ProductId", c1."Quantity", c1."UpdatedAt", p0."Id" AS "Id0", p0."CategoryId", p0."CreatedAt" AS "CreatedAt0", p0."Description", p0."ExpectedPurchasePrice", p0."IsActive", p0."IsDeleted", p0."Name", p0."SellingPrice", p0."SourceType", p0."StoreId", p0."UpdatedAt" AS "UpdatedAt0", s."Id" AS "Id1", s."Address", s."CreatedAt" AS "CreatedAt1", s."ImageKey", s."IsActive" AS "IsActive0", s."Latitude", s."Longitude", s."Name" AS "Name0", s."Phone", s."UpdatedAt" AS "UpdatedAt1", i."Id" AS "Id2", i."CreatedAt" AS "CreatedAt2", i."ProductId" AS "ProductId0", i."Quantity" AS "Quantity0", i."UpdatedAt" AS "UpdatedAt2"
    FROM "CartItems" AS c1
    INNER JOIN (
        SELECT p."Id", p."CategoryId", p."CreatedAt", p."Description", p."ExpectedPurchasePrice", p."IsActive", p."IsDeleted", p."Name", p."SellingPrice", p."SourceType", p."StoreId", p."UpdatedAt"
        FROM "Products" AS p
        WHERE NOT (p."IsDeleted")
    ) AS p0 ON c1."ProductId" = p0."Id"
    INNER JOIN "Stores" AS s ON p0."StoreId" = s."Id"
    LEFT JOIN "Inventories" AS i ON p0."Id" = i."ProductId"
) AS s1 ON s0."Id0" = s1."CartId"
ORDER BY s0."Id", s0."Id0", a."Id", s1."Id", s1."Id0", s1."Id1"
2026-09-24 00:55:54.186 +03:00 [WRN] Compiling a query which loads related collections for more than one collection navigation, either via 'Include' or through projection, but no 'QuerySplittingBehavior' has been configured. By default, Entity Framework will use 'QuerySplittingBehavior.SingleQuery', which can potentially result in slow query performance. See https://go.microsoft.com/fwlink/?linkid=2134277 for more information. To identify the query that's triggering this warning call 'ConfigureWarnings(w => w.Throw(RelationalEventId.MultipleCollectionIncludeWarning))'.
2026-09-24 00:55:54.228 +03:00 [INF] Executed DbCommand (3ms) [Parameters=[@request_IdempotencyKey='ec2ea67e-3426-4959-8ff0-664f6d80d5de'], CommandType='"Text"', CommandTimeout='30']
SELECT s1."Id", s1."AddressId", s1."CreatedAt", s1."CustomerId", s1."DeliveryFee", s1."Discount", s1."DriverId", s1."IdempotencyKey", s1."Notes", s1."OrderNumber", s1."PaymentMethod", s1."PaymentStatus", s1."Status", s1."SubTotal", s1."TotalAmount", s1."UpdatedAt", s1."Id0", s2."Id", s2."ActualPurchaseCost", s2."CreatedAt", s2."ExpectedPurchaseCost", s2."Notes", s2."OrderId", s2."Status", s2."StoreId", s2."SubTotal", s2."UpdatedAt", s2."Id0", s2."Id1", s2."ActualPurchasePrice", s2."CreatedAt0", s2."ExpectedProfitSnapshot", s2."ExpectedPurchasePriceSnapshot", s2."ProductId", s2."ProductNameSnapshot", s2."Quantity", s2."SellingPriceSnapshot", s2."SubOrderId", s2."TotalSellingPrice", s2."UpdatedAt0", s2."Address", s2."CreatedAt1", s2."ImageKey", s2."IsActive", s2."Latitude", s2."Longitude", s2."Name", s2."Phone", s2."UpdatedAt1", s1."Building", s1."City", s1."CreatedAt0", s1."CustomerId0", s1."Description", s1."District", s1."IsDefault", s1."Label", s1."Latitude", s1."Longitude", s1."Street", s1."UpdatedAt0"
FROM (
    SELECT o."Id", o."AddressId", o."CreatedAt", o."CustomerId", o."DeliveryFee", o."Discount", o."DriverId", o."IdempotencyKey", o."Notes", o."OrderNumber", o."PaymentMethod", o."PaymentStatus", o."Status", o."SubTotal", o."TotalAmount", o."UpdatedAt", a."Id" AS "Id0", a."Building", a."City", a."CreatedAt" AS "CreatedAt0", a."CustomerId" AS "CustomerId0", a."Description", a."District", a."IsDefault", a."Label", a."Latitude", a."Longitude", a."Street", a."UpdatedAt" AS "UpdatedAt0"
    FROM "Orders" AS o
    INNER JOIN "Addresses" AS a ON o."AddressId" = a."Id"
    WHERE o."IdempotencyKey" = @request_IdempotencyKey
    LIMIT 1
) AS s1
LEFT JOIN (
    SELECT s."Id", s."ActualPurchaseCost", s."CreatedAt", s."ExpectedPurchaseCost", s."Notes", s."OrderId", s."Status", s."StoreId", s."SubTotal", s."UpdatedAt", s0."Id" AS "Id0", o0."Id" AS "Id1", o0."ActualPurchasePrice", o0."CreatedAt" AS "CreatedAt0", o0."ExpectedProfitSnapshot", o0."ExpectedPurchasePriceSnapshot", o0."ProductId", o0."ProductNameSnapshot", o0."Quantity", o0."SellingPriceSnapshot", o0."SubOrderId", o0."TotalSellingPrice", o0."UpdatedAt" AS "UpdatedAt0", s0."Address", s0."CreatedAt" AS "CreatedAt1", s0."ImageKey", s0."IsActive", s0."Latitude", s0."Longitude", s0."Name", s0."Phone", s0."UpdatedAt" AS "UpdatedAt1"
    FROM "SubOrders" AS s
    INNER JOIN "Stores" AS s0 ON s."StoreId" = s0."Id"
    LEFT JOIN "OrderItems" AS o0 ON s."Id" = o0."SubOrderId"
) AS s2 ON s1."Id" = s2."OrderId"
ORDER BY s1."Id", s1."Id0", s2."Id", s2."Id0"
2026-09-24 00:55:54.235 +03:00 [WRN] The query uses the 'First'/'FirstOrDefault' operator without 'OrderBy' and filter operators. This may lead to unpredictable results.
2026-09-24 00:55:54.243 +03:00 [INF] Executed DbCommand (1ms) [Parameters=[], CommandType='"Text"', CommandTimeout='30']
SELECT d."Id", d."BaseFee", d."FreeDeliveryRadius", d."IsEnabled", d."PerKmFee", d."UpdatedAt", d."UpdatedBy"
FROM "DeliverySettings" AS d
LIMIT 1
2026-09-24 00:55:54.268 +03:00 [WRN] The query uses the 'First'/'FirstOrDefault' operator without 'OrderBy' and filter operators. This may lead to unpredictable results.
2026-09-24 00:55:54.278 +03:00 [INF] Executed DbCommand (1ms) [Parameters=[], CommandType='"Text"', CommandTimeout='30']
SELECT p."Id", p."CashOnDeliveryLimit", p."TransferAccountName", p."TransferAccountNumber", p."TransferBankName", p."UpdatedAt"
FROM "PaymentSettings" AS p
LIMIT 1
2026-09-24 00:55:54.437 +03:00 [INF] Executed DbCommand (5ms) [Parameters=[@p0='01a0d044-a2f7-7578-bb74-e31f05914886', @p1=NULL, @p2='?????' (Nullable = false), @p3='2026-09-23T21:55:54.2299363Z' (DbType = DateTime), @p4='18330a21-2b6d-4a20-bfa9-ff5eb2aaa778', @p5=NULL, @p6='???????' (Nullable = false), @p7='False', @p8='Work' (Nullable = false), @p9='15.34', @p10='44.21', @p11='???? ????' (Nullable = false), @p12='2026-09-23T21:55:54.2299368Z' (DbType = DateTime), @p13='01a0d044-a1da-7289-9fbf-c3c68f4b6394', @p16='ba6cac95-d519-49a4-80f3-284951c35326', @p14='79', @p15='2026-09-23T21:55:54.4016286Z' (DbType = DateTime), @p17='01a0d044-a349-7430-a242-c9a5b832ffd1', @p18='2026-09-23T21:55:54.3052964Z' (DbType = DateTime), @p19='00000000-0000-0000-0000-000000000000', @p20=NULL (DbType = Guid), @p21='حجز كمية للطلب الجديد', @p22=NULL (DbType = Guid), @p23='a5bca912-95f7-4828-af15-481b84acb5ff', @p24='1', @p25=NULL, @p26='Reservation' (Nullable = false), @p27='2026-09-23T21:55:54.3052968Z' (DbType = DateTime), @p28='01a0d044-a367-7976-9460-e1a94e55708c', @p29='01a0d044-a2f7-7578-bb74-e31f05914886', @p30='2026-09-23T21:55:54.3390247Z' (DbType = DateTime), @p31='18330a21-2b6d-4a20-bfa9-ff5eb2aaa778', @p32='500', @p33='0', @p34=NULL (DbType = Guid), @p35='ec2ea67e-3426-4959-8ff0-664f6d80d5de', @p36=NULL, @p37='BS-20260923-9349' (Nullable = false), @p38='ManualTransfer' (Nullable = false), @p39='Pending' (Nullable = false), @p40='PendingPayment' (Nullable = false), @p41='3300.00', @p42='3800.00', @p43='2026-09-23T21:55:54.3390249Z' (DbType = DateTime), @p44='01a0d044-a387-79f6-a53f-f59b3e0dab05', @p45='fc97c853-7ee4-449b-b3e0-1f5c1efe77a8' (Nullable = true), @p46='Customer' (Nullable = false), @p47='2026-09-23T21:55:54.3573923Z' (DbType = DateTime), @p48='0', @p49='0', @p50='01a0d044-a367-7976-9460-e1a94e55708c', @p51='إنشاء الطلب', @p52='2026-09-23T21:55:54.3573927Z' (DbType = DateTime), @p53='01a0d044-a366-7343-b33f-8ed436946d8a', @p54='3800.00', @p55='2026-09-23T21:55:54.3399293Z' (DbType = DateTime), @p56='ManualTransfer' (Nullable = false), @p57='01a0d044-a367-7976-9460-e1a94e55708c', @p58=NULL, @p59='Pending' (Nullable = false), @p60='2026-09-23T21:55:54.3399294Z' (DbType = DateTime), @p61=NULL (DbType = DateTime), @p62=NULL (DbType = Guid), @p63='01a0d044-a36f-7b32-b800-1c3881565fed', @p64=NULL (DbType = Decimal), @p65='2026-09-23T21:55:54.3378488Z' (DbType = DateTime), @p66='2800.00', @p67=NULL, @p68='01a0d044-a367-7976-9460-e1a94e55708c', @p69='Confirmed' (Nullable = false), @p70='8b62ec41-444d-4fbb-ada7-195da81e77d8', @p71='3300.00', @p72='2026-09-23T21:55:54.3378490Z' (DbType = DateTime), @p73='01a0d044-a373-7c94-b5bc-55c181858593', @p74=NULL (DbType = Decimal), @p75='2026-09-23T21:55:54.3372448Z' (DbType = DateTime), @p76='500.00', @p77='2800.00', @p78='a5bca912-95f7-4828-af15-481b84acb5ff' (Nullable = true), @p79='زيت طبخ نقي 1.5 لتر' (Nullable = false), @p80='1', @p81='3300.00', @p82='01a0d044-a36f-7b32-b800-1c3881565fed', @p83='3300.00', @p84='2026-09-23T21:55:54.3372451Z' (DbType = DateTime)], CommandType='"Text"', CommandTimeout='30']
INSERT INTO "Addresses" ("Id", "Building", "City", "CreatedAt", "CustomerId", "Description", "District", "IsDefault", "Label", "Latitude", "Longitude", "Street", "UpdatedAt")
VALUES (@p0, @p1, @p2, @p3, @p4, @p5, @p6, @p7, @p8, @p9, @p10, @p11, @p12);
DELETE FROM "CartItems"
WHERE "Id" = @p13;
UPDATE "Inventories" SET "Quantity" = @p14, "UpdatedAt" = @p15
WHERE "Id" = @p16;
INSERT INTO "InventoryTransactions" ("Id", "CreatedAt", "CreatedBy", "InventoryId", "Note", "OrderId", "ProductId", "Quantity", "Reference", "Type", "UpdatedAt")
VALUES (@p17, @p18, @p19, @p20, @p21, @p22, @p23, @p24, @p25, @p26, @p27);
INSERT INTO "Orders" ("Id", "AddressId", "CreatedAt", "CustomerId", "DeliveryFee", "Discount", "DriverId", "IdempotencyKey", "Notes", "OrderNumber", "PaymentMethod", "PaymentStatus", "Status", "SubTotal", "TotalAmount", "UpdatedAt")
VALUES (@p28, @p29, @p30, @p31, @p32, @p33, @p34, @p35, @p36, @p37, @p38, @p39, @p40, @p41, @p42, @p43);
INSERT INTO "OrderStatusHistories" ("Id", "ActorId", "ActorType", "CreatedAt", "NewStatus", "OldStatus", "OrderId", "Reason", "UpdatedAt")
VALUES (@p44, @p45, @p46, @p47, @p48, @p49, @p50, @p51, @p52);
INSERT INTO "Payments" ("Id", "Amount", "CreatedAt", "Method", "OrderId", "RejectionReason", "Status", "UpdatedAt", "VerifiedAt", "VerifiedBy")
VALUES (@p53, @p54, @p55, @p56, @p57, @p58, @p59, @p60, @p61, @p62);
INSERT INTO "SubOrders" ("Id", "ActualPurchaseCost", "CreatedAt", "ExpectedPurchaseCost", "Notes", "OrderId", "Status", "StoreId", "SubTotal", "UpdatedAt")
VALUES (@p63, @p64, @p65, @p66, @p67, @p68, @p69, @p70, @p71, @p72);
INSERT INTO "OrderItems" ("Id", "ActualPurchasePrice", "CreatedAt", "ExpectedProfitSnapshot", "ExpectedPurchasePriceSnapshot", "ProductId", "ProductNameSnapshot", "Quantity", "SellingPriceSnapshot", "SubOrderId", "TotalSellingPrice", "UpdatedAt")
VALUES (@p73, @p74, @p75, @p76, @p77, @p78, @p79, @p80, @p81, @p82, @p83, @p84);
2026-09-24 00:55:54.482 +03:00 [INF] Executed DbCommand (1ms) [Parameters=[@p='01a0d044-a367-7976-9460-e1a94e55708c' (Nullable = true)], CommandType='"Text"', CommandTimeout='30']
SELECT s."Id", s."ActualPurchaseCost", s."CreatedAt", s."ExpectedPurchaseCost", s."Notes", s."OrderId", s."Status", s."StoreId", s."SubTotal", s."UpdatedAt", s0."Id", s0."Address", s0."CreatedAt", s0."ImageKey", s0."IsActive", s0."Latitude", s0."Longitude", s0."Name", s0."Phone", s0."UpdatedAt"
FROM "SubOrders" AS s
INNER JOIN "Stores" AS s0 ON s."StoreId" = s0."Id"
WHERE s."OrderId" = @p
2026-09-24 00:55:54.487 +03:00 [INF] HTTP POST /api/checkout/place-order responded 200 in 454.8674 ms
2026-09-24 00:55:54.702 +03:00 [INF] Executed DbCommand (1ms) [Parameters=[@orderId='01a0d044-a367-7976-9460-e1a94e55708c'], CommandType='"Text"', CommandTimeout='30']
SELECT o."Id", o."AddressId", o."CreatedAt", o."CustomerId", o."DeliveryFee", o."Discount", o."DriverId", o."IdempotencyKey", o."Notes", o."OrderNumber", o."PaymentMethod", o."PaymentStatus", o."Status", o."SubTotal", o."TotalAmount", o."UpdatedAt", p."Id", p."Amount", p."CreatedAt", p."Method", p."OrderId", p."RejectionReason", p."Status", p."UpdatedAt", p."VerifiedAt", p."VerifiedBy"
FROM "Orders" AS o
LEFT JOIN "Payments" AS p ON o."Id" = p."OrderId"
WHERE o."Id" = @orderId
LIMIT 1
2026-09-24 00:55:54.704 +03:00 [INF] Executed DbCommand (1ms) [Parameters=[], CommandType='"Text"', CommandTimeout='30']
SELECT p."Id", p."CashOnDeliveryLimit", p."TransferAccountName", p."TransferAccountNumber", p."TransferBankName", p."UpdatedAt"
FROM "PaymentSettings" AS p
LIMIT 1
2026-09-24 00:55:54.711 +03:00 [INF] HTTP GET /api/payments/01a0d044-a367-7976-9460-e1a94e55708c/transfer-info responded 200 in 39.4481 ms
2026-09-24 00:55:54.728 +03:00 [INF] Executed DbCommand (2ms) [Parameters=[@request_Phone='777000000'], CommandType='"Text"', CommandTimeout='30']
SELECT u."Id", u."CreatedAt", u."Email", u."FcmToken", u."IsActive", u."PasswordHash", u."Phone", u."Role", u."UpdatedAt", c."Id", c."CreatedAt", c."FullName", c."ProfileImageKey", c."UpdatedAt", c."UserId", d."Id", d."CreatedAt", d."FullName", d."Phone", d."Status", d."UpdatedAt", d."UserId"
FROM "Users" AS u
LEFT JOIN "Customers" AS c ON u."Id" = c."UserId"
LEFT JOIN "Drivers" AS d ON u."Id" = d."UserId"
WHERE u."Phone" = @request_Phone
LIMIT 1
2026-09-24 00:55:55.255 +03:00 [INF] Executed DbCommand (1ms) [Parameters=[@p0='01a0d044-a6f5-75e4-ad0b-d3ce819ce636', @p1='2026-09-23T21:55:55.2534156Z' (DbType = DateTime), @p2='2026-10-23T21:55:55.2533979Z' (DbType = DateTime), @p3='False', @p4='zZqehfv5PCnNQsFRtC7F6jDJrPHNO9Xx0+V4ewXJgLQ=' (Nullable = false), @p5='2026-09-23T21:55:55.2534157Z' (DbType = DateTime), @p6='4c39b4c4-f51d-4fad-a42c-d03db9ef7d62'], CommandType='"Text"', CommandTimeout='30']
INSERT INTO "RefreshTokens" ("Id", "CreatedAt", "ExpiresAt", "IsRevoked", "TokenHash", "UpdatedAt", "UserId")
VALUES (@p0, @p1, @p2, @p3, @p4, @p5, @p6);
2026-09-24 00:55:55.255 +03:00 [INF] HTTP POST /api/auth/login responded 200 in 530.9362 ms
2026-09-24 00:55:55.455 +03:00 [INF] Executed DbCommand (4ms) [Parameters=[], CommandType='"Text"', CommandTimeout='30']
SELECT o."Id", o."AddressId", o."CreatedAt", o."CustomerId", o."DeliveryFee", o."Discount", o."DriverId", o."IdempotencyKey", o."Notes", o."OrderNumber", o."PaymentMethod", o."PaymentStatus", o."Status", o."SubTotal", o."TotalAmount", o."UpdatedAt", d."Id", d."CreatedAt", d."FullName", d."Phone", d."Status", d."UpdatedAt", d."UserId", a."Id", a."Building", a."City", a."CreatedAt", a."CustomerId", a."Description", a."District", a."IsDefault", a."Label", a."Latitude", a."Longitude", a."Street", a."UpdatedAt", s1."Id", s1."ActualPurchaseCost", s1."CreatedAt", s1."ExpectedPurchaseCost", s1."Notes", s1."OrderId", s1."Status", s1."StoreId", s1."SubTotal", s1."UpdatedAt", s1."Id0", s1."Address", s1."CreatedAt0", s1."ImageKey", s1."IsActive", s1."Latitude", s1."Longitude", s1."Name", s1."Phone", s1."UpdatedAt0", s1."Id1", s1."ActualPurchasePrice", s1."CreatedAt1", s1."ExpectedProfitSnapshot", s1."ExpectedPurchasePriceSnapshot", s1."ProductId", s1."ProductNameSnapshot", s1."Quantity", s1."SellingPriceSnapshot", s1."SubOrderId", s1."TotalSellingPrice", s1."UpdatedAt1"
FROM "Orders" AS o
LEFT JOIN "Drivers" AS d ON o."DriverId" = d."Id"
INNER JOIN "Addresses" AS a ON o."AddressId" = a."Id"
LEFT JOIN (
    SELECT s."Id", s."ActualPurchaseCost", s."CreatedAt", s."ExpectedPurchaseCost", s."Notes", s."OrderId", s."Status", s."StoreId", s."SubTotal", s."UpdatedAt", s0."Id" AS "Id0", s0."Address", s0."CreatedAt" AS "CreatedAt0", s0."ImageKey", s0."IsActive", s0."Latitude", s0."Longitude", s0."Name", s0."Phone", s0."UpdatedAt" AS "UpdatedAt0", o0."Id" AS "Id1", o0."ActualPurchasePrice", o0."CreatedAt" AS "CreatedAt1", o0."ExpectedProfitSnapshot", o0."ExpectedPurchasePriceSnapshot", o0."ProductId", o0."ProductNameSnapshot", o0."Quantity", o0."SellingPriceSnapshot", o0."SubOrderId", o0."TotalSellingPrice", o0."UpdatedAt" AS "UpdatedAt1"
    FROM "SubOrders" AS s
    INNER JOIN "Stores" AS s0 ON s."StoreId" = s0."Id"
    LEFT JOIN "OrderItems" AS o0 ON s."Id" = o0."SubOrderId"
) AS s1 ON o."Id" = s1."OrderId"
ORDER BY o."CreatedAt" DESC, o."Id", d."Id", a."Id", s1."Id", s1."Id0"
2026-09-24 00:55:55.459 +03:00 [INF] HTTP GET /api/admin/orders responded 200 in 9.4158 ms
2026-09-24 00:56:20.910 +03:00 [INF] Executed DbCommand (2ms) [Parameters=[@request_Phone='777000111'], CommandType='"Text"', CommandTimeout='30']
SELECT u."Id", u."CreatedAt", u."Email", u."FcmToken", u."IsActive", u."PasswordHash", u."Phone", u."Role", u."UpdatedAt", c."Id", c."CreatedAt", c."FullName", c."ProfileImageKey", c."UpdatedAt", c."UserId", d."Id", d."CreatedAt", d."FullName", d."Phone", d."Status", d."UpdatedAt", d."UserId"
FROM "Users" AS u
LEFT JOIN "Customers" AS c ON u."Id" = c."UserId"
LEFT JOIN "Drivers" AS d ON u."Id" = d."UserId"
WHERE u."Phone" = @request_Phone
LIMIT 1
2026-09-24 00:56:21.396 +03:00 [INF] Executed DbCommand (1ms) [Parameters=[@p0='01a0d045-0d12-7d60-81f8-847127541a65', @p1='2026-09-23T21:56:21.3946893Z' (DbType = DateTime), @p2='2026-10-23T21:56:21.3946625Z' (DbType = DateTime), @p3='False', @p4='QO3N+mO/065FYeZWV1Rm69l5oL5XYonTgcqkpn94mcQ=' (Nullable = false), @p5='2026-09-23T21:56:21.3946894Z' (DbType = DateTime), @p6='fc97c853-7ee4-449b-b3e0-1f5c1efe77a8'], CommandType='"Text"', CommandTimeout='30']
INSERT INTO "RefreshTokens" ("Id", "CreatedAt", "ExpiresAt", "IsRevoked", "TokenHash", "UpdatedAt", "UserId")
VALUES (@p0, @p1, @p2, @p3, @p4, @p5, @p6);
2026-09-24 00:56:21.397 +03:00 [INF] HTTP POST /api/auth/login responded 200 in 492.8436 ms
2026-09-24 00:56:21.561 +03:00 [INF] Executed DbCommand (1ms) [Parameters=[@userId='fc97c853-7ee4-449b-b3e0-1f5c1efe77a8'], CommandType='"Text"', CommandTimeout='30']
SELECT c."Id", c."CreatedAt", c."FullName", c."ProfileImageKey", c."UpdatedAt", c."UserId"
FROM "Customers" AS c
WHERE c."UserId" = @userId
LIMIT 1
2026-09-24 00:56:21.570 +03:00 [WRN] Compiling a query which loads related collections for more than one collection navigation, either via 'Include' or through projection, but no 'QuerySplittingBehavior' has been configured. By default, Entity Framework will use 'QuerySplittingBehavior.SingleQuery', which can potentially result in slow query performance. See https://go.microsoft.com/fwlink/?linkid=2134277 for more information. To identify the query that's triggering this warning call 'ConfigureWarnings(w => w.Throw(RelationalEventId.MultipleCollectionIncludeWarning))'.
2026-09-24 00:56:21.616 +03:00 [INF] Executed DbCommand (3ms) [Parameters=[@customer_Id='18330a21-2b6d-4a20-bfa9-ff5eb2aaa778'], CommandType='"Text"', CommandTimeout='30']
SELECT o."Id", o."AddressId", o."CreatedAt", o."CustomerId", o."DeliveryFee", o."Discount", o."DriverId", o."IdempotencyKey", o."Notes", o."OrderNumber", o."PaymentMethod", o."PaymentStatus", o."Status", o."SubTotal", o."TotalAmount", o."UpdatedAt", d."Id", d."CreatedAt", d."FullName", d."Phone", d."Status", d."UpdatedAt", d."UserId", a."Id", a."Building", a."City", a."CreatedAt", a."CustomerId", a."Description", a."District", a."IsDefault", a."Label", a."Latitude", a."Longitude", a."Street", a."UpdatedAt", s1."Id", s1."ActualPurchaseCost", s1."CreatedAt", s1."ExpectedPurchaseCost", s1."Notes", s1."OrderId", s1."Status", s1."StoreId", s1."SubTotal", s1."UpdatedAt", s1."Id0", s1."Address", s1."CreatedAt0", s1."ImageKey", s1."IsActive", s1."Latitude", s1."Longitude", s1."Name", s1."Phone", s1."UpdatedAt0", s1."Id1", s1."ActualPurchasePrice", s1."CreatedAt1", s1."ExpectedProfitSnapshot", s1."ExpectedPurchasePriceSnapshot", s1."ProductId", s1."ProductNameSnapshot", s1."Quantity", s1."SellingPriceSnapshot", s1."SubOrderId", s1."TotalSellingPrice", s1."UpdatedAt1"
FROM "Orders" AS o
LEFT JOIN "Drivers" AS d ON o."DriverId" = d."Id"
INNER JOIN "Addresses" AS a ON o."AddressId" = a."Id"
LEFT JOIN (
    SELECT s."Id", s."ActualPurchaseCost", s."CreatedAt", s."ExpectedPurchaseCost", s."Notes", s."OrderId", s."Status", s."StoreId", s."SubTotal", s."UpdatedAt", s0."Id" AS "Id0", s0."Address", s0."CreatedAt" AS "CreatedAt0", s0."ImageKey", s0."IsActive", s0."Latitude", s0."Longitude", s0."Name", s0."Phone", s0."UpdatedAt" AS "UpdatedAt0", o0."Id" AS "Id1", o0."ActualPurchasePrice", o0."CreatedAt" AS "CreatedAt1", o0."ExpectedProfitSnapshot", o0."ExpectedPurchasePriceSnapshot", o0."ProductId", o0."ProductNameSnapshot", o0."Quantity", o0."SellingPriceSnapshot", o0."SubOrderId", o0."TotalSellingPrice", o0."UpdatedAt" AS "UpdatedAt1"
    FROM "SubOrders" AS s
    INNER JOIN "Stores" AS s0 ON s."StoreId" = s0."Id"
    LEFT JOIN "OrderItems" AS o0 ON s."Id" = o0."SubOrderId"
) AS s1 ON o."Id" = s1."OrderId"
WHERE o."CustomerId" = @customer_Id
ORDER BY o."CreatedAt" DESC, o."Id", d."Id", a."Id", s1."Id", s1."Id0"
2026-09-24 00:56:21.635 +03:00 [INF] HTTP GET /api/orders responded 200 in 92.1317 ms
2026-09-24 00:56:23.156 +03:00 [INF] Executed DbCommand (1ms) [Parameters=[@orderId='01a0d044-a367-7976-9460-e1a94e55708c'], CommandType='"Text"', CommandTimeout='30']
SELECT o."Id", o."AddressId", o."CreatedAt", o."CustomerId", o."DeliveryFee", o."Discount", o."DriverId", o."IdempotencyKey", o."Notes", o."OrderNumber", o."PaymentMethod", o."PaymentStatus", o."Status", o."SubTotal", o."TotalAmount", o."UpdatedAt", p."Id", p."Amount", p."CreatedAt", p."Method", p."OrderId", p."RejectionReason", p."Status", p."UpdatedAt", p."VerifiedAt", p."VerifiedBy"
FROM "Orders" AS o
LEFT JOIN "Payments" AS p ON o."Id" = p."OrderId"
WHERE o."Id" = @orderId
LIMIT 1
2026-09-24 00:56:23.202 +03:00 [INF] Executed DbCommand (5ms) [Parameters=[@p2='01a0d044-a367-7976-9460-e1a94e55708c', @p0='PaymentPendingVerification' (Nullable = false), @p1='2026-09-23T21:56:23.1957499Z' (DbType = DateTime), @p3='01a0d045-13fe-7aa2-9738-1a55f8900e8a', @p4='2026-09-23T21:56:23.1618877Z' (DbType = DateTime), @p5='70', @p6='image/png' (Nullable = false), @p7='01a0d044-a366-7343-b33f-8ed436946d8a', @p8='receipts/42f062801deb47b9bd7bc2f069adc06c.png' (Nullable = false), @p9='2026-09-23T21:56:23.1618878Z' (DbType = DateTime), @p10='2026-09-23T21:56:23.1618871Z' (DbType = DateTime), @p11='http://localhost:5295/uploads/receipts/42f062801deb47b9bd7bc2f069adc06c.png', @p14='01a0d044-a366-7343-b33f-8ed436946d8a', @p12='PendingVerification' (Nullable = false), @p13='2026-09-23T21:56:23.1957503Z' (DbType = DateTime)], CommandType='"Text"', CommandTimeout='30']
UPDATE "Orders" SET "Status" = @p0, "UpdatedAt" = @p1
WHERE "Id" = @p2;
INSERT INTO "PaymentReceipts" ("Id", "CreatedAt", "FileSize", "MimeType", "PaymentId", "StorageKey", "UpdatedAt", "UploadedAt", "Url")
VALUES (@p3, @p4, @p5, @p6, @p7, @p8, @p9, @p10, @p11);
UPDATE "Payments" SET "Status" = @p12, "UpdatedAt" = @p13
WHERE "Id" = @p14;
2026-09-24 00:56:23.213 +03:00 [INF] HTTP POST /api/payments/01a0d044-a367-7976-9460-e1a94e55708c/upload-receipt responded 200 in 92.3907 ms
2026-09-24 00:56:23.232 +03:00 [INF] Executed DbCommand (2ms) [Parameters=[@request_Phone='777000000'], CommandType='"Text"', CommandTimeout='30']
SELECT u."Id", u."CreatedAt", u."Email", u."FcmToken", u."IsActive", u."PasswordHash", u."Phone", u."Role", u."UpdatedAt", c."Id", c."CreatedAt", c."FullName", c."ProfileImageKey", c."UpdatedAt", c."UserId", d."Id", d."CreatedAt", d."FullName", d."Phone", d."Status", d."UpdatedAt", d."UserId"
FROM "Users" AS u
LEFT JOIN "Customers" AS c ON u."Id" = c."UserId"
LEFT JOIN "Drivers" AS d ON u."Id" = d."UserId"
WHERE u."Phone" = @request_Phone
LIMIT 1
2026-09-24 00:56:23.743 +03:00 [INF] Executed DbCommand (1ms) [Parameters=[@p0='01a0d045-163d-7827-a02d-458a4990749d', @p1='2026-09-23T21:56:23.7412787Z' (DbType = DateTime), @p2='2026-10-23T21:56:23.7412618Z' (DbType = DateTime), @p3='False', @p4='/Gjk/ykUMFkzokwZNPp3m0zwH4GjVZEdMzv3XEngteU=' (Nullable = false), @p5='2026-09-23T21:56:23.7412788Z' (DbType = DateTime), @p6='4c39b4c4-f51d-4fad-a42c-d03db9ef7d62'], CommandType='"Text"', CommandTimeout='30']
INSERT INTO "RefreshTokens" ("Id", "CreatedAt", "ExpiresAt", "IsRevoked", "TokenHash", "UpdatedAt", "UserId")
VALUES (@p0, @p1, @p2, @p3, @p4, @p5, @p6);
2026-09-24 00:56:23.743 +03:00 [INF] HTTP POST /api/auth/login responded 200 in 515.6221 ms
2026-09-24 00:56:23.914 +03:00 [INF] Executed DbCommand (1ms) [Parameters=[], CommandType='"Text"', CommandTimeout='30']
SELECT p."Id", p."OrderId", o."OrderNumber", p."Amount", p."Method", p."Status", o."Id", p0."Id", p0."Url", p0."StorageKey", p0."UploadedAt"
FROM "Payments" AS p
INNER JOIN "Orders" AS o ON p."OrderId" = o."Id"
LEFT JOIN "PaymentReceipts" AS p0 ON p."Id" = p0."PaymentId"
WHERE p."Status" = 'PendingVerification'
ORDER BY p."CreatedAt" DESC, p."Id", o."Id"
2026-09-24 00:56:23.927 +03:00 [INF] HTTP GET /api/admin/payments/pending responded 200 in 51.7992 ms
2026-09-24 00:56:23.968 +03:00 [INF] Executed DbCommand (1ms) [Parameters=[@id='01a0d044-a366-7343-b33f-8ed436946d8a'], CommandType='"Text"', CommandTimeout='30']
SELECT p."Id", p."Amount", p."CreatedAt", p."Method", p."OrderId", p."RejectionReason", p."Status", p."UpdatedAt", p."VerifiedAt", p."VerifiedBy", o."Id", o."AddressId", o."CreatedAt", o."CustomerId", o."DeliveryFee", o."Discount", o."DriverId", o."IdempotencyKey", o."Notes", o."OrderNumber", o."PaymentMethod", o."PaymentStatus", o."Status", o."SubTotal", o."TotalAmount", o."UpdatedAt"
FROM "Payments" AS p
INNER JOIN "Orders" AS o ON p."OrderId" = o."Id"
WHERE p."Id" = @id
LIMIT 1
2026-09-24 00:56:23.972 +03:00 [INF] Executed DbCommand (2ms) [Parameters=[@p3='01a0d044-a367-7976-9460-e1a94e55708c', @p0='Verified' (Nullable = false), @p1='Confirmed' (Nullable = false), @p2='2026-09-23T21:56:23.9700544Z' (DbType = DateTime), @p8='01a0d044-a366-7343-b33f-8ed436946d8a', @p4='Verified' (Nullable = false), @p5='2026-09-23T21:56:23.9700541Z' (DbType = DateTime), @p6='2026-09-23T21:56:23.9697763Z' (Nullable = true) (DbType = DateTime), @p7='4c39b4c4-f51d-4fad-a42c-d03db9ef7d62' (Nullable = true)], CommandType='"Text"', CommandTimeout='30']
UPDATE "Orders" SET "PaymentStatus" = @p0, "Status" = @p1, "UpdatedAt" = @p2
WHERE "Id" = @p3;
UPDATE "Payments" SET "Status" = @p4, "UpdatedAt" = @p5, "VerifiedAt" = @p6, "VerifiedBy" = @p7
WHERE "Id" = @p8;
2026-09-24 00:56:23.975 +03:00 [INF] HTTP POST /api/admin/payments/01a0d044-a366-7343-b33f-8ed436946d8a/approve responded 200 in 36.4051 ms
2026-09-24 00:56:24.118 +03:00 [INF] Executed DbCommand (1ms) [Parameters=[@userId='fc97c853-7ee4-449b-b3e0-1f5c1efe77a8'], CommandType='"Text"', CommandTimeout='30']
SELECT c."Id", c."CreatedAt", c."FullName", c."ProfileImageKey", c."UpdatedAt", c."UserId"
FROM "Customers" AS c
WHERE c."UserId" = @userId
LIMIT 1
2026-09-24 00:56:24.131 +03:00 [WRN] Compiling a query which loads related collections for more than one collection navigation, either via 'Include' or through projection, but no 'QuerySplittingBehavior' has been configured. By default, Entity Framework will use 'QuerySplittingBehavior.SingleQuery', which can potentially result in slow query performance. See https://go.microsoft.com/fwlink/?linkid=2134277 for more information. To identify the query that's triggering this warning call 'ConfigureWarnings(w => w.Throw(RelationalEventId.MultipleCollectionIncludeWarning))'.
2026-09-24 00:56:24.190 +03:00 [INF] Executed DbCommand (3ms) [Parameters=[@id='01a0d044-a367-7976-9460-e1a94e55708c'], CommandType='"Text"', CommandTimeout='30']
SELECT s1."Id", s1."AddressId", s1."CreatedAt", s1."CustomerId", s1."DeliveryFee", s1."Discount", s1."DriverId", s1."IdempotencyKey", s1."Notes", s1."OrderNumber", s1."PaymentMethod", s1."PaymentStatus", s1."Status", s1."SubTotal", s1."TotalAmount", s1."UpdatedAt", s1."Id0", s1."CreatedAt0", s1."FullName", s1."Phone", s1."Status0", s1."UpdatedAt0", s1."UserId", s1."Id1", s1."Building", s1."City", s1."CreatedAt1", s1."CustomerId0", s1."Description", s1."District", s1."IsDefault", s1."Label", s1."Latitude", s1."Longitude", s1."Street", s1."UpdatedAt1", s2."Id", s2."ActualPurchaseCost", s2."CreatedAt", s2."ExpectedPurchaseCost", s2."Notes", s2."OrderId", s2."Status", s2."StoreId", s2."SubTotal", s2."UpdatedAt", s2."Id0", s2."Address", s2."CreatedAt0", s2."ImageKey", s2."IsActive", s2."Latitude", s2."Longitude", s2."Name", s2."Phone", s2."UpdatedAt0", s2."Id1", s2."ActualPurchasePrice", s2."CreatedAt1", s2."ExpectedProfitSnapshot", s2."ExpectedPurchasePriceSnapshot", s2."ProductId", s2."ProductNameSnapshot", s2."Quantity", s2."SellingPriceSnapshot", s2."SubOrderId", s2."TotalSellingPrice", s2."UpdatedAt1"
FROM (
    SELECT o."Id", o."AddressId", o."CreatedAt", o."CustomerId", o."DeliveryFee", o."Discount", o."DriverId", o."IdempotencyKey", o."Notes", o."OrderNumber", o."PaymentMethod", o."PaymentStatus", o."Status", o."SubTotal", o."TotalAmount", o."UpdatedAt", d."Id" AS "Id0", d."CreatedAt" AS "CreatedAt0", d."FullName", d."Phone", d."Status" AS "Status0", d."UpdatedAt" AS "UpdatedAt0", d."UserId", a."Id" AS "Id1", a."Building", a."City", a."CreatedAt" AS "CreatedAt1", a."CustomerId" AS "CustomerId0", a."Description", a."District", a."IsDefault", a."Label", a."Latitude", a."Longitude", a."Street", a."UpdatedAt" AS "UpdatedAt1"
    FROM "Orders" AS o
    LEFT JOIN "Drivers" AS d ON o."DriverId" = d."Id"
    INNER JOIN "Addresses" AS a ON o."AddressId" = a."Id"
    WHERE o."Id" = @id
    LIMIT 1
) AS s1
LEFT JOIN (
    SELECT s."Id", s."ActualPurchaseCost", s."CreatedAt", s."ExpectedPurchaseCost", s."Notes", s."OrderId", s."Status", s."StoreId", s."SubTotal", s."UpdatedAt", s0."Id" AS "Id0", s0."Address", s0."CreatedAt" AS "CreatedAt0", s0."ImageKey", s0."IsActive", s0."Latitude", s0."Longitude", s0."Name", s0."Phone", s0."UpdatedAt" AS "UpdatedAt0", o0."Id" AS "Id1", o0."ActualPurchasePrice", o0."CreatedAt" AS "CreatedAt1", o0."ExpectedProfitSnapshot", o0."ExpectedPurchasePriceSnapshot", o0."ProductId", o0."ProductNameSnapshot", o0."Quantity", o0."SellingPriceSnapshot", o0."SubOrderId", o0."TotalSellingPrice", o0."UpdatedAt" AS "UpdatedAt1"
    FROM "SubOrders" AS s
    INNER JOIN "Stores" AS s0 ON s."StoreId" = s0."Id"
    LEFT JOIN "OrderItems" AS o0 ON s."Id" = o0."SubOrderId"
) AS s2 ON s1."Id" = s2."OrderId"
ORDER BY s1."Id", s1."Id0", s1."Id1", s2."Id", s2."Id0"
2026-09-24 00:56:24.206 +03:00 [INF] HTTP GET /api/orders/01a0d044-a367-7976-9460-e1a94e55708c responded 200 in 101.7721 ms
2026-09-24 03:12:01.683 +03:00 [WRN] Entity 'Product' has a global query filter defined and is the required end of a relationship with the entity 'CartItem'. This may lead to unexpected results when the required entity is filtered out. Either configure the navigation as optional, or define matching query filters for both entities in the navigation. See https://go.microsoft.com/fwlink/?linkid=2131316 for more information.
2026-09-24 03:12:01.738 +03:00 [WRN] Entity 'Product' has a global query filter defined and is the required end of a relationship with the entity 'InventoryTransaction'. This may lead to unexpected results when the required entity is filtered out. Either configure the navigation as optional, or define matching query filters for both entities in the navigation. See https://go.microsoft.com/fwlink/?linkid=2131316 for more information.
2026-09-24 03:12:01.739 +03:00 [WRN] Entity 'Product' has a global query filter defined and is the required end of a relationship with the entity 'ProductImage'. This may lead to unexpected results when the required entity is filtered out. Either configure the navigation as optional, or define matching query filters for both entities in the navigation. See https://go.microsoft.com/fwlink/?linkid=2131316 for more information.
2026-09-24 03:12:01.751 +03:00 [WRN] Sensitive data logging is enabled. Log entries and exception messages may include sensitive application data; this mode should only be enabled during development.
2026-09-24 03:12:02.507 +03:00 [INF] Executed DbCommand (50ms) [Parameters=[], CommandType='"Text"', CommandTimeout='30']
SELECT "MigrationId", "ProductVersion"
FROM "__EFMigrationsHistory"
ORDER BY "MigrationId";
2026-09-24 03:12:03.201 +03:00 [INF] Executed DbCommand (12ms) [Parameters=[], CommandType='"Text"', CommandTimeout='30']
SELECT 1
2026-09-24 03:12:03.296 +03:00 [INF] Executed DbCommand (6ms) [Parameters=[], CommandType='"Text"', CommandTimeout='30']
CREATE TABLE IF NOT EXISTS "__EFMigrationsHistory" (
    "MigrationId" character varying(150) NOT NULL,
    "ProductVersion" character varying(32) NOT NULL,
    CONSTRAINT "PK___EFMigrationsHistory" PRIMARY KEY ("MigrationId")
);
2026-09-24 03:12:03.323 +03:00 [INF] Executed DbCommand (1ms) [Parameters=[], CommandType='"Text"', CommandTimeout='30']
LOCK TABLE "__EFMigrationsHistory" IN ACCESS EXCLUSIVE MODE
2026-09-24 03:12:03.329 +03:00 [INF] Executed DbCommand (3ms) [Parameters=[], CommandType='"Text"', CommandTimeout='30']
SELECT "MigrationId", "ProductVersion"
FROM "__EFMigrationsHistory"
ORDER BY "MigrationId";
2026-09-24 03:12:03.341 +03:00 [INF] Database migration applied successfully.
2026-09-24 03:12:03.643 +03:00 [INF] Executed DbCommand (1ms) [Parameters=[], CommandType='"Text"', CommandTimeout='30']
SELECT EXISTS (
    SELECT 1
    FROM "DeliverySettings" AS d)
2026-09-24 03:12:03.657 +03:00 [INF] Executed DbCommand (1ms) [Parameters=[], CommandType='"Text"', CommandTimeout='30']
SELECT EXISTS (
    SELECT 1
    FROM "PaymentSettings" AS p)
2026-09-24 03:12:03.662 +03:00 [INF] Executed DbCommand (1ms) [Parameters=[], CommandType='"Text"', CommandTimeout='30']
SELECT EXISTS (
    SELECT 1
    FROM "CancellationReasons" AS c)
2026-09-24 03:12:03.733 +03:00 [INF] Executed DbCommand (9ms) [Parameters=[@adminPhone='777000000'], CommandType='"Text"', CommandTimeout='30']
SELECT EXISTS (
    SELECT 1
    FROM "Users" AS u
    WHERE u."Phone" = @adminPhone)
2026-09-24 03:12:03.738 +03:00 [INF] Executed DbCommand (1ms) [Parameters=[@driverPhone='777000222'], CommandType='"Text"', CommandTimeout='30']
SELECT EXISTS (
    SELECT 1
    FROM "Users" AS u
    WHERE u."Phone" = @driverPhone)
2026-09-24 03:12:03.742 +03:00 [INF] Executed DbCommand (1ms) [Parameters=[], CommandType='"Text"', CommandTimeout='30']
SELECT EXISTS (
    SELECT 1
    FROM "Categories" AS c)
2026-09-24 03:12:03.748 +03:00 [INF] BS Store API starting on Development
2026-09-24 03:24:47.370 +03:00 [INF] Executed DbCommand (8ms) [Parameters=[], CommandType='"Text"', CommandTimeout='30']
SELECT c."Id", c."Name", c."IconName", c."SortOrder", (
    SELECT count(*)::int
    FROM "Products" AS p
    WHERE NOT (p."IsDeleted") AND p."CategoryId" = c."Id" AND p."IsActive")
FROM "Categories" AS c
WHERE c."IsActive"
ORDER BY c."SortOrder"
2026-09-24 03:24:47.469 +03:00 [INF] HTTP GET /api/categories responded 200 in 545.0931 ms
2026-09-24 03:24:54.926 +03:00 [INF] Executed DbCommand (4ms) [Parameters=[], CommandType='"Text"', CommandTimeout='30']
SELECT s."Id", s."Name", s."Phone", s."Address", s."Latitude", s."Longitude", s."ImageKey", s."IsActive"
FROM "Stores" AS s
WHERE s."IsActive"
ORDER BY s."Name"
2026-09-24 03:24:54.954 +03:00 [INF] HTTP GET /api/stores responded 200 in 179.9407 ms
2026-09-24 03:25:02.953 +03:00 [INF] Executed DbCommand (1ms) [Parameters=[], CommandType='"Text"', CommandTimeout='30']
SELECT count(*)::int
FROM "Products" AS p
WHERE NOT (p."IsDeleted") AND p."IsActive"
2026-09-24 03:25:03.227 +03:00 [INF] Executed DbCommand (12ms) [Parameters=[@p0='20', @p='0'], CommandType='"Text"', CommandTimeout='30']
SELECT p0."Id", p0."Name", p0."Description", p0."CategoryId", c."Name", p0."StoreId", s."Name", p0."SourceType", p0."SellingPrice", i."Quantity", p0."IsActive", c."Id", s."Id", i."Id", p1."ImageKey", p1."Id"
FROM (
    SELECT p."Id", p."CategoryId", p."CreatedAt", p."Description", p."IsActive", p."Name", p."SellingPrice", p."SourceType", p."StoreId"
    FROM "Products" AS p
    WHERE NOT (p."IsDeleted") AND p."IsActive"
    ORDER BY p."CreatedAt" DESC
    LIMIT @p0 OFFSET @p
) AS p0
INNER JOIN "Categories" AS c ON p0."CategoryId" = c."Id"
INNER JOIN "Stores" AS s ON p0."StoreId" = s."Id"
LEFT JOIN "Inventories" AS i ON p0."Id" = i."ProductId"
LEFT JOIN "ProductImages" AS p1 ON p0."Id" = p1."ProductId"
ORDER BY p0."CreatedAt" DESC, p0."Id", c."Id", s."Id", i."Id", p1."SortOrder"
2026-09-24 03:25:03.292 +03:00 [INF] HTTP GET /api/products responded 200 in 381.4475 ms
2026-09-24 03:25:11.963 +03:00 [INF] HTTP POST /api/auth/login responded 400 in 55.9733 ms
2026-09-24 03:25:24.687 +03:00 [INF] Executed DbCommand (7ms) [Parameters=[@request_Phone='777000000'], CommandType='"Text"', CommandTimeout='30']
SELECT u."Id", u."CreatedAt", u."Email", u."FcmToken", u."IsActive", u."PasswordHash", u."Phone", u."Role", u."UpdatedAt", c."Id", c."CreatedAt", c."FullName", c."ProfileImageKey", c."UpdatedAt", c."UserId", d."Id", d."CreatedAt", d."FullName", d."Phone", d."Status", d."UpdatedAt", d."UserId"
FROM "Users" AS u
LEFT JOIN "Customers" AS c ON u."Id" = c."UserId"
LEFT JOIN "Drivers" AS d ON u."Id" = d."UserId"
WHERE u."Phone" = @request_Phone
LIMIT 1
2026-09-24 03:25:26.104 +03:00 [INF] Executed DbCommand (13ms) [Parameters=[@p0='01a0d0cd-8895-734e-8f78-b15c3cd360d5', @p1='2026-09-24T00:25:25.8824342Z' (DbType = DateTime), @p2='2026-10-24T00:25:25.8815703Z' (DbType = DateTime), @p3='False', @p4='YlQ/ikqBzG2cwdJajpCgQnwPNn12MgJaUQn1vGGc+WY=' (Nullable = false), @p5='2026-09-24T00:25:25.8824350Z' (DbType = DateTime), @p6='4c39b4c4-f51d-4fad-a42c-d03db9ef7d62'], CommandType='"Text"', CommandTimeout='30']
INSERT INTO "RefreshTokens" ("Id", "CreatedAt", "ExpiresAt", "IsRevoked", "TokenHash", "UpdatedAt", "UserId")
VALUES (@p0, @p1, @p2, @p3, @p4, @p5, @p6);
2026-09-24 03:25:26.129 +03:00 [INF] HTTP POST /api/auth/login responded 200 in 1539.7601 ms
2026-09-24 03:25:37.154 +03:00 [INF] Executed DbCommand (2ms) [Parameters=[@request_Phone='777000222'], CommandType='"Text"', CommandTimeout='30']
SELECT u."Id", u."CreatedAt", u."Email", u."FcmToken", u."IsActive", u."PasswordHash", u."Phone", u."Role", u."UpdatedAt", c."Id", c."CreatedAt", c."FullName", c."ProfileImageKey", c."UpdatedAt", c."UserId", d."Id", d."CreatedAt", d."FullName", d."Phone", d."Status", d."UpdatedAt", d."UserId"
FROM "Users" AS u
LEFT JOIN "Customers" AS c ON u."Id" = c."UserId"
LEFT JOIN "Drivers" AS d ON u."Id" = d."UserId"
WHERE u."Phone" = @request_Phone
LIMIT 1
2026-09-24 03:25:37.761 +03:00 [INF] Executed DbCommand (4ms) [Parameters=[@p0='01a0d0cd-b6ca-759e-9f32-a7a07a18fec4', @p1='2026-09-24T00:25:37.7378905Z' (DbType = DateTime), @p2='2026-10-24T00:25:37.7378626Z' (DbType = DateTime), @p3='False', @p4='rufime0JyN3FLLHCkJy6F+iQpVTWScyoN8Q/xJMbvrQ=' (Nullable = false), @p5='2026-09-24T00:25:37.7378906Z' (DbType = DateTime), @p6='59da3500-6778-4c0a-aea5-50b46cf4745e'], CommandType='"Text"', CommandTimeout='30']
INSERT INTO "RefreshTokens" ("Id", "CreatedAt", "ExpiresAt", "IsRevoked", "TokenHash", "UpdatedAt", "UserId")
VALUES (@p0, @p1, @p2, @p3, @p4, @p5, @p6);
2026-09-24 03:25:37.763 +03:00 [INF] HTTP POST /api/auth/login responded 200 in 622.4014 ms
2026-09-24 03:25:49.312 +03:00 [INF] Executed DbCommand (2ms) [Parameters=[@request_Phone='777000111'], CommandType='"Text"', CommandTimeout='30']
SELECT u."Id", u."CreatedAt", u."Email", u."FcmToken", u."IsActive", u."PasswordHash", u."Phone", u."Role", u."UpdatedAt", c."Id", c."CreatedAt", c."FullName", c."ProfileImageKey", c."UpdatedAt", c."UserId", d."Id", d."CreatedAt", d."FullName", d."Phone", d."Status", d."UpdatedAt", d."UserId"
FROM "Users" AS u
LEFT JOIN "Customers" AS c ON u."Id" = c."UserId"
LEFT JOIN "Drivers" AS d ON u."Id" = d."UserId"
WHERE u."Phone" = @request_Phone
LIMIT 1
2026-09-24 03:25:49.947 +03:00 [INF] Executed DbCommand (1ms) [Parameters=[@p0='01a0d0cd-e66a-78b7-8045-e69662d7cf66', @p1='2026-09-24T00:25:49.9308360Z' (DbType = DateTime), @p2='2026-10-24T00:25:49.9308165Z' (DbType = DateTime), @p3='False', @p4='bOItsJusgijKKnsnaNSK54nmZw+3gUwlBcT2JxWcx3I=' (Nullable = false), @p5='2026-09-24T00:25:49.9308360Z' (DbType = DateTime), @p6='fc97c853-7ee4-449b-b3e0-1f5c1efe77a8'], CommandType='"Text"', CommandTimeout='30']
INSERT INTO "RefreshTokens" ("Id", "CreatedAt", "ExpiresAt", "IsRevoked", "TokenHash", "UpdatedAt", "UserId")
VALUES (@p0, @p1, @p2, @p3, @p4, @p5, @p6);
2026-09-24 03:25:49.947 +03:00 [INF] HTTP POST /api/auth/login responded 200 in 639.0940 ms
2026-09-24 03:26:06.724 +03:00 [INF] Executed DbCommand (1ms) [Parameters=[@request_ProductId='a5bca912-95f7-4828-af15-481b84acb5ff'], CommandType='"Text"', CommandTimeout='30']
SELECT p."Id", p."CategoryId", p."CreatedAt", p."Description", p."ExpectedPurchasePrice", p."IsActive", p."IsDeleted", p."Name", p."SellingPrice", p."SourceType", p."StoreId", p."UpdatedAt"
FROM "Products" AS p
WHERE NOT (p."IsDeleted") AND p."Id" = @request_ProductId AND p."IsActive"
LIMIT 1
2026-09-24 03:26:06.839 +03:00 [INF] Executed DbCommand (4ms) [Parameters=[@userId='fc97c853-7ee4-449b-b3e0-1f5c1efe77a8'], CommandType='"Text"', CommandTimeout='30']
SELECT s0."Id", s0."CreatedAt", s0."FullName", s0."ProfileImageKey", s0."UpdatedAt", s0."UserId", s0."Id0", s0."CreatedAt0", s0."CustomerId", s0."UpdatedAt0", s1."Id", s1."AddedAt", s1."CartId", s1."CreatedAt", s1."Notes", s1."ProductId", s1."Quantity", s1."UpdatedAt", s1."Id0", s1."CategoryId", s1."CreatedAt0", s1."Description", s1."ExpectedPurchasePrice", s1."IsActive", s1."IsDeleted", s1."Name", s1."SellingPrice", s1."SourceType", s1."StoreId", s1."UpdatedAt0", s1."Id1", s1."Address", s1."CreatedAt1", s1."ImageKey", s1."IsActive0", s1."Latitude", s1."Longitude", s1."Name0", s1."Phone", s1."UpdatedAt1"
FROM (
    SELECT c."Id", c."CreatedAt", c."FullName", c."ProfileImageKey", c."UpdatedAt", c."UserId", c0."Id" AS "Id0", c0."CreatedAt" AS "CreatedAt0", c0."CustomerId", c0."UpdatedAt" AS "UpdatedAt0"
    FROM "Customers" AS c
    LEFT JOIN "Carts" AS c0 ON c."Id" = c0."CustomerId"
    WHERE c."UserId" = @userId
    LIMIT 1
) AS s0
LEFT JOIN (
    SELECT c1."Id", c1."AddedAt", c1."CartId", c1."CreatedAt", c1."Notes", c1."ProductId", c1."Quantity", c1."UpdatedAt", p0."Id" AS "Id0", p0."CategoryId", p0."CreatedAt" AS "CreatedAt0", p0."Description", p0."ExpectedPurchasePrice", p0."IsActive", p0."IsDeleted", p0."Name", p0."SellingPrice", p0."SourceType", p0."StoreId", p0."UpdatedAt" AS "UpdatedAt0", s."Id" AS "Id1", s."Address", s."CreatedAt" AS "CreatedAt1", s."ImageKey", s."IsActive" AS "IsActive0", s."Latitude", s."Longitude", s."Name" AS "Name0", s."Phone", s."UpdatedAt" AS "UpdatedAt1"
    FROM "CartItems" AS c1
    INNER JOIN (
        SELECT p."Id", p."CategoryId", p."CreatedAt", p."Description", p."ExpectedPurchasePrice", p."IsActive", p."IsDeleted", p."Name", p."SellingPrice", p."SourceType", p."StoreId", p."UpdatedAt"
        FROM "Products" AS p
        WHERE NOT (p."IsDeleted")
    ) AS p0 ON c1."ProductId" = p0."Id"
    INNER JOIN "Stores" AS s ON p0."StoreId" = s."Id"
) AS s1 ON s0."Id0" = s1."CartId"
ORDER BY s0."Id", s0."Id0", s1."Id", s1."Id0"
2026-09-24 03:26:06.939 +03:00 [INF] Executed DbCommand (2ms) [Parameters=[@p0='01a0d0ce-289a-72fa-9948-f965ca7361ba', @p1='2026-09-24T00:26:06.8689781Z' (DbType = DateTime), @p2='af682ed6-e856-4a4c-b402-fe447fe6e415', @p3='2026-09-24T00:26:06.8689787Z' (DbType = DateTime), @p4='يرجى التأكد من التغليف', @p5='a5bca912-95f7-4828-af15-481b84acb5ff', @p6='2', @p7='2026-09-24T00:26:06.8689787Z' (DbType = DateTime)], CommandType='"Text"', CommandTimeout='30']
INSERT INTO "CartItems" ("Id", "AddedAt", "CartId", "CreatedAt", "Notes", "ProductId", "Quantity", "UpdatedAt")
VALUES (@p0, @p1, @p2, @p3, @p4, @p5, @p6, @p7);
2026-09-24 03:26:06.944 +03:00 [INF] Executed DbCommand (2ms) [Parameters=[@userId='fc97c853-7ee4-449b-b3e0-1f5c1efe77a8'], CommandType='"Text"', CommandTimeout='30']
SELECT s0."Id", s0."CreatedAt", s0."FullName", s0."ProfileImageKey", s0."UpdatedAt", s0."UserId", s0."Id0", s0."CreatedAt0", s0."CustomerId", s0."UpdatedAt0", s1."Id", s1."AddedAt", s1."CartId", s1."CreatedAt", s1."Notes", s1."ProductId", s1."Quantity", s1."UpdatedAt", s1."Id0", s1."CategoryId", s1."CreatedAt0", s1."Description", s1."ExpectedPurchasePrice", s1."IsActive", s1."IsDeleted", s1."Name", s1."SellingPrice", s1."SourceType", s1."StoreId", s1."UpdatedAt0", s1."Id1", s1."Address", s1."CreatedAt1", s1."ImageKey", s1."IsActive0", s1."Latitude", s1."Longitude", s1."Name0", s1."Phone", s1."UpdatedAt1"
FROM (
    SELECT c."Id", c."CreatedAt", c."FullName", c."ProfileImageKey", c."UpdatedAt", c."UserId", c0."Id" AS "Id0", c0."CreatedAt" AS "CreatedAt0", c0."CustomerId", c0."UpdatedAt" AS "UpdatedAt0"
    FROM "Customers" AS c
    LEFT JOIN "Carts" AS c0 ON c."Id" = c0."CustomerId"
    WHERE c."UserId" = @userId
    LIMIT 1
) AS s0
LEFT JOIN (
    SELECT c1."Id", c1."AddedAt", c1."CartId", c1."CreatedAt", c1."Notes", c1."ProductId", c1."Quantity", c1."UpdatedAt", p0."Id" AS "Id0", p0."CategoryId", p0."CreatedAt" AS "CreatedAt0", p0."Description", p0."ExpectedPurchasePrice", p0."IsActive", p0."IsDeleted", p0."Name", p0."SellingPrice", p0."SourceType", p0."StoreId", p0."UpdatedAt" AS "UpdatedAt0", s."Id" AS "Id1", s."Address", s."CreatedAt" AS "CreatedAt1", s."ImageKey", s."IsActive" AS "IsActive0", s."Latitude", s."Longitude", s."Name" AS "Name0", s."Phone", s."UpdatedAt" AS "UpdatedAt1"
    FROM "CartItems" AS c1
    INNER JOIN (
        SELECT p."Id", p."CategoryId", p."CreatedAt", p."Description", p."ExpectedPurchasePrice", p."IsActive", p."IsDeleted", p."Name", p."SellingPrice", p."SourceType", p."StoreId", p."UpdatedAt"
        FROM "Products" AS p
        WHERE NOT (p."IsDeleted")
    ) AS p0 ON c1."ProductId" = p0."Id"
    INNER JOIN "Stores" AS s ON p0."StoreId" = s."Id"
) AS s1 ON s0."Id0" = s1."CartId"
ORDER BY s0."Id", s0."Id0", s1."Id", s1."Id0"
2026-09-24 03:26:06.974 +03:00 [INF] HTTP POST /api/cart/items responded 200 in 360.6728 ms
2026-09-24 03:26:20.459 +03:00 [WRN] Compiling a query which loads related collections for more than one collection navigation, either via 'Include' or through projection, but no 'QuerySplittingBehavior' has been configured. By default, Entity Framework will use 'QuerySplittingBehavior.SingleQuery', which can potentially result in slow query performance. See https://go.microsoft.com/fwlink/?linkid=2134277 for more information. To identify the query that's triggering this warning call 'ConfigureWarnings(w => w.Throw(RelationalEventId.MultipleCollectionIncludeWarning))'.
2026-09-24 03:26:20.506 +03:00 [INF] Executed DbCommand (5ms) [Parameters=[@userId='fc97c853-7ee4-449b-b3e0-1f5c1efe77a8'], CommandType='"Text"', CommandTimeout='30']
SELECT s0."Id", s0."CreatedAt", s0."FullName", s0."ProfileImageKey", s0."UpdatedAt", s0."UserId", s0."Id0", a."Id", a."Building", a."City", a."CreatedAt", a."CustomerId", a."Description", a."District", a."IsDefault", a."Label", a."Latitude", a."Longitude", a."Street", a."UpdatedAt", s0."CreatedAt0", s0."CustomerId", s0."UpdatedAt0", s1."Id", s1."AddedAt", s1."CartId", s1."CreatedAt", s1."Notes", s1."ProductId", s1."Quantity", s1."UpdatedAt", s1."Id0", s1."CategoryId", s1."CreatedAt0", s1."Description", s1."ExpectedPurchasePrice", s1."IsActive", s1."IsDeleted", s1."Name", s1."SellingPrice", s1."SourceType", s1."StoreId", s1."UpdatedAt0", s1."Id1", s1."Address", s1."CreatedAt1", s1."ImageKey", s1."IsActive0", s1."Latitude", s1."Longitude", s1."Name0", s1."Phone", s1."UpdatedAt1", s1."Id2", s1."CreatedAt2", s1."ProductId0", s1."Quantity0", s1."UpdatedAt2"
FROM (
    SELECT c."Id", c."CreatedAt", c."FullName", c."ProfileImageKey", c."UpdatedAt", c."UserId", c0."Id" AS "Id0", c0."CreatedAt" AS "CreatedAt0", c0."CustomerId", c0."UpdatedAt" AS "UpdatedAt0"
    FROM "Customers" AS c
    LEFT JOIN "Carts" AS c0 ON c."Id" = c0."CustomerId"
    WHERE c."UserId" = @userId
    LIMIT 1
) AS s0
LEFT JOIN "Addresses" AS a ON s0."Id" = a."CustomerId"
LEFT JOIN (
    SELECT c1."Id", c1."AddedAt", c1."CartId", c1."CreatedAt", c1."Notes", c1."ProductId", c1."Quantity", c1."UpdatedAt", p0."Id" AS "Id0", p0."CategoryId", p0."CreatedAt" AS "CreatedAt0", p0."Description", p0."ExpectedPurchasePrice", p0."IsActive", p0."IsDeleted", p0."Name", p0."SellingPrice", p0."SourceType", p0."StoreId", p0."UpdatedAt" AS "UpdatedAt0", s."Id" AS "Id1", s."Address", s."CreatedAt" AS "CreatedAt1", s."ImageKey", s."IsActive" AS "IsActive0", s."Latitude", s."Longitude", s."Name" AS "Name0", s."Phone", s."UpdatedAt" AS "UpdatedAt1", i."Id" AS "Id2", i."CreatedAt" AS "CreatedAt2", i."ProductId" AS "ProductId0", i."Quantity" AS "Quantity0", i."UpdatedAt" AS "UpdatedAt2"
    FROM "CartItems" AS c1
    INNER JOIN (
        SELECT p."Id", p."CategoryId", p."CreatedAt", p."Description", p."ExpectedPurchasePrice", p."IsActive", p."IsDeleted", p."Name", p."SellingPrice", p."SourceType", p."StoreId", p."UpdatedAt"
        FROM "Products" AS p
        WHERE NOT (p."IsDeleted")
    ) AS p0 ON c1."ProductId" = p0."Id"
    INNER JOIN "Stores" AS s ON p0."StoreId" = s."Id"
    LEFT JOIN "Inventories" AS i ON p0."Id" = i."ProductId"
) AS s1 ON s0."Id0" = s1."CartId"
ORDER BY s0."Id", s0."Id0", a."Id", s1."Id", s1."Id0", s1."Id1"
2026-09-24 03:26:20.604 +03:00 [WRN] Compiling a query which loads related collections for more than one collection navigation, either via 'Include' or through projection, but no 'QuerySplittingBehavior' has been configured. By default, Entity Framework will use 'QuerySplittingBehavior.SingleQuery', which can potentially result in slow query performance. See https://go.microsoft.com/fwlink/?linkid=2134277 for more information. To identify the query that's triggering this warning call 'ConfigureWarnings(w => w.Throw(RelationalEventId.MultipleCollectionIncludeWarning))'.
2026-09-24 03:26:20.649 +03:00 [INF] Executed DbCommand (6ms) [Parameters=[@request_IdempotencyKey='test-key-1001'], CommandType='"Text"', CommandTimeout='30']
SELECT s1."Id", s1."AddressId", s1."CreatedAt", s1."CustomerId", s1."DeliveryFee", s1."Discount", s1."DriverId", s1."IdempotencyKey", s1."Notes", s1."OrderNumber", s1."PaymentMethod", s1."PaymentStatus", s1."Status", s1."SubTotal", s1."TotalAmount", s1."UpdatedAt", s1."Id0", s2."Id", s2."ActualPurchaseCost", s2."CreatedAt", s2."ExpectedPurchaseCost", s2."Notes", s2."OrderId", s2."Status", s2."StoreId", s2."SubTotal", s2."UpdatedAt", s2."Id0", s2."Id1", s2."ActualPurchasePrice", s2."CreatedAt0", s2."ExpectedProfitSnapshot", s2."ExpectedPurchasePriceSnapshot", s2."ProductId", s2."ProductNameSnapshot", s2."Quantity", s2."SellingPriceSnapshot", s2."SubOrderId", s2."TotalSellingPrice", s2."UpdatedAt0", s2."Address", s2."CreatedAt1", s2."ImageKey", s2."IsActive", s2."Latitude", s2."Longitude", s2."Name", s2."Phone", s2."UpdatedAt1", s1."Building", s1."City", s1."CreatedAt0", s1."CustomerId0", s1."Description", s1."District", s1."IsDefault", s1."Label", s1."Latitude", s1."Longitude", s1."Street", s1."UpdatedAt0"
FROM (
    SELECT o."Id", o."AddressId", o."CreatedAt", o."CustomerId", o."DeliveryFee", o."Discount", o."DriverId", o."IdempotencyKey", o."Notes", o."OrderNumber", o."PaymentMethod", o."PaymentStatus", o."Status", o."SubTotal", o."TotalAmount", o."UpdatedAt", a."Id" AS "Id0", a."Building", a."City", a."CreatedAt" AS "CreatedAt0", a."CustomerId" AS "CustomerId0", a."Description", a."District", a."IsDefault", a."Label", a."Latitude", a."Longitude", a."Street", a."UpdatedAt" AS "UpdatedAt0"
    FROM "Orders" AS o
    INNER JOIN "Addresses" AS a ON o."AddressId" = a."Id"
    WHERE o."IdempotencyKey" = @request_IdempotencyKey
    LIMIT 1
) AS s1
LEFT JOIN (
    SELECT s."Id", s."ActualPurchaseCost", s."CreatedAt", s."ExpectedPurchaseCost", s."Notes", s."OrderId", s."Status", s."StoreId", s."SubTotal", s."UpdatedAt", s0."Id" AS "Id0", o0."Id" AS "Id1", o0."ActualPurchasePrice", o0."CreatedAt" AS "CreatedAt0", o0."ExpectedProfitSnapshot", o0."ExpectedPurchasePriceSnapshot", o0."ProductId", o0."ProductNameSnapshot", o0."Quantity", o0."SellingPriceSnapshot", o0."SubOrderId", o0."TotalSellingPrice", o0."UpdatedAt" AS "UpdatedAt0", s0."Address", s0."CreatedAt" AS "CreatedAt1", s0."ImageKey", s0."IsActive", s0."Latitude", s0."Longitude", s0."Name", s0."Phone", s0."UpdatedAt" AS "UpdatedAt1"
    FROM "SubOrders" AS s
    INNER JOIN "Stores" AS s0 ON s."StoreId" = s0."Id"
    LEFT JOIN "OrderItems" AS o0 ON s."Id" = o0."SubOrderId"
) AS s2 ON s1."Id" = s2."OrderId"
ORDER BY s1."Id", s1."Id0", s2."Id", s2."Id0"
2026-09-24 03:26:20.660 +03:00 [WRN] The query uses the 'First'/'FirstOrDefault' operator without 'OrderBy' and filter operators. This may lead to unpredictable results.
2026-09-24 03:26:20.668 +03:00 [INF] Executed DbCommand (1ms) [Parameters=[], CommandType='"Text"', CommandTimeout='30']
SELECT d."Id", d."BaseFee", d."FreeDeliveryRadius", d."IsEnabled", d."PerKmFee", d."UpdatedAt", d."UpdatedBy"
FROM "DeliverySettings" AS d
LIMIT 1
2026-09-24 03:26:20.685 +03:00 [WRN] The query uses the 'First'/'FirstOrDefault' operator without 'OrderBy' and filter operators. This may lead to unpredictable results.
2026-09-24 03:26:20.692 +03:00 [INF] Executed DbCommand (1ms) [Parameters=[], CommandType='"Text"', CommandTimeout='30']
SELECT p."Id", p."CashOnDeliveryLimit", p."TransferAccountName", p."TransferAccountNumber", p."TransferBankName", p."UpdatedAt"
FROM "PaymentSettings" AS p
LIMIT 1
2026-09-24 03:26:21.145 +03:00 [INF] Executed DbCommand (21ms) [Parameters=[@p0='01a0d0ce-5e70-7d23-8c46-0bd5b9486acb', @p1=NULL, @p2='صنعاء' (Nullable = false), @p3='2026-09-24T00:26:20.6514466Z' (DbType = DateTime), @p4='18330a21-2b6d-4a20-bfa9-ff5eb2aaa778', @p5=NULL, @p6='حدة' (Nullable = false), @p7='False', @p8='Home' (Nullable = false), @p9='15.35', @p10='44.20', @p11='شارع بيروت' (Nullable = false), @p12='2026-09-24T00:26:20.6514468Z' (DbType = DateTime), @p13='01a0d0ce-289a-72fa-9948-f965ca7361ba', @p16='ba6cac95-d519-49a4-80f3-284951c35326', @p14='77', @p15='2026-09-24T00:26:21.0701510Z' (DbType = DateTime), @p17='01a0d0ce-5ead-788e-afff-69f04fbf2e42', @p18='2026-09-24T00:26:20.7083301Z' (DbType = DateTime), @p19='00000000-0000-0000-0000-000000000000', @p20=NULL (DbType = Guid), @p21='حجز كمية للطلب الجديد', @p22=NULL (DbType = Guid), @p23='a5bca912-95f7-4828-af15-481b84acb5ff', @p24='2', @p25=NULL, @p26='Reservation' (Nullable = false), @p27='2026-09-24T00:26:20.7083304Z' (DbType = DateTime), @p28='01a0d0ce-5ef2-7964-a0e3-434085936c75', @p29='01a0d0ce-5e70-7d23-8c46-0bd5b9486acb', @p30='2026-09-24T00:26:20.7416885Z' (DbType = DateTime), @p31='18330a21-2b6d-4a20-bfa9-ff5eb2aaa778', @p32='500', @p33='0', @p34=NULL (DbType = Guid), @p35='test-key-1001', @p36='الدفع عند الاستلام نقداً', @p37='BS-20260924-2571' (Nullable = false), @p38='CashOnDelivery' (Nullable = false), @p39='Pending' (Nullable = false), @p40='Confirmed' (Nullable = false), @p41='6600.00', @p42='7100.00', @p43='2026-09-24T00:26:20.7416886Z' (DbType = DateTime), @p44='01a0d0ce-5fb8-7ad6-8d23-a004dea1a57d', @p45='fc97c853-7ee4-449b-b3e0-1f5c1efe77a8' (Nullable = true), @p46='Customer' (Nullable = false), @p47='2026-09-24T00:26:20.9120173Z' (DbType = DateTime), @p48='2', @p49='0', @p50='01a0d0ce-5ef2-7964-a0e3-434085936c75', @p51='إنشاء الطلب', @p52='2026-09-24T00:26:20.9120176Z' (DbType = DateTime), @p53='01a0d0ce-5ecc-798b-991a-c613cf9999c2', @p54='7100.00', @p55='2026-09-24T00:26:20.7427833Z' (DbType = DateTime), @p56='CashOnDelivery' (Nullable = false), @p57='01a0d0ce-5ef2-7964-a0e3-434085936c75', @p58=NULL, @p59='Pending' (Nullable = false), @p60='2026-09-24T00:26:20.7427833Z' (DbType = DateTime), @p61=NULL (DbType = DateTime), @p62=NULL (DbType = Guid), @p63='01a0d0ce-5f39-7ef8-abcd-8d0401ee301a', @p64=NULL (DbType = Decimal), @p65='2026-09-24T00:26:20.7404583Z' (DbType = DateTime), @p66='5600.00', @p67=NULL, @p68='01a0d0ce-5ef2-7964-a0e3-434085936c75', @p69='Confirmed' (Nullable = false), @p70='8b62ec41-444d-4fbb-ada7-195da81e77d8', @p71='6600.00', @p72='2026-09-24T00:26:20.7404586Z' (DbType = DateTime), @p73='01a0d0ce-5f5a-7491-a43d-fdce82dd03e7', @p74=NULL (DbType = Decimal), @p75='2026-09-24T00:26:20.7394922Z' (DbType = DateTime), @p76='1000.00', @p77='2800.00', @p78='a5bca912-95f7-4828-af15-481b84acb5ff' (Nullable = true), @p79='زيت طبخ نقي 1.5 لتر' (Nullable = false), @p80='2', @p81='3300.00', @p82='01a0d0ce-5f39-7ef8-abcd-8d0401ee301a', @p83='6600.00', @p84='2026-09-24T00:26:20.7394925Z' (DbType = DateTime)], CommandType='"Text"', CommandTimeout='30']
INSERT INTO "Addresses" ("Id", "Building", "City", "CreatedAt", "CustomerId", "Description", "District", "IsDefault", "Label", "Latitude", "Longitude", "Street", "UpdatedAt")
VALUES (@p0, @p1, @p2, @p3, @p4, @p5, @p6, @p7, @p8, @p9, @p10, @p11, @p12);
DELETE FROM "CartItems"
WHERE "Id" = @p13;
UPDATE "Inventories" SET "Quantity" = @p14, "UpdatedAt" = @p15
WHERE "Id" = @p16;
INSERT INTO "InventoryTransactions" ("Id", "CreatedAt", "CreatedBy", "InventoryId", "Note", "OrderId", "ProductId", "Quantity", "Reference", "Type", "UpdatedAt")
VALUES (@p17, @p18, @p19, @p20, @p21, @p22, @p23, @p24, @p25, @p26, @p27);
INSERT INTO "Orders" ("Id", "AddressId", "CreatedAt", "CustomerId", "DeliveryFee", "Discount", "DriverId", "IdempotencyKey", "Notes", "OrderNumber", "PaymentMethod", "PaymentStatus", "Status", "SubTotal", "TotalAmount", "UpdatedAt")
VALUES (@p28, @p29, @p30, @p31, @p32, @p33, @p34, @p35, @p36, @p37, @p38, @p39, @p40, @p41, @p42, @p43);
INSERT INTO "OrderStatusHistories" ("Id", "ActorId", "ActorType", "CreatedAt", "NewStatus", "OldStatus", "OrderId", "Reason", "UpdatedAt")
VALUES (@p44, @p45, @p46, @p47, @p48, @p49, @p50, @p51, @p52);
INSERT INTO "Payments" ("Id", "Amount", "CreatedAt", "Method", "OrderId", "RejectionReason", "Status", "UpdatedAt", "VerifiedAt", "VerifiedBy")
VALUES (@p53, @p54, @p55, @p56, @p57, @p58, @p59, @p60, @p61, @p62);
INSERT INTO "SubOrders" ("Id", "ActualPurchaseCost", "CreatedAt", "ExpectedPurchaseCost", "Notes", "OrderId", "Status", "StoreId", "SubTotal", "UpdatedAt")
VALUES (@p63, @p64, @p65, @p66, @p67, @p68, @p69, @p70, @p71, @p72);
INSERT INTO "OrderItems" ("Id", "ActualPurchasePrice", "CreatedAt", "ExpectedProfitSnapshot", "ExpectedPurchasePriceSnapshot", "ProductId", "ProductNameSnapshot", "Quantity", "SellingPriceSnapshot", "SubOrderId", "TotalSellingPrice", "UpdatedAt")
VALUES (@p73, @p74, @p75, @p76, @p77, @p78, @p79, @p80, @p81, @p82, @p83, @p84);
2026-09-24 03:26:21.201 +03:00 [INF] Executed DbCommand (1ms) [Parameters=[@p='01a0d0ce-5ef2-7964-a0e3-434085936c75' (Nullable = true)], CommandType='"Text"', CommandTimeout='30']
SELECT s."Id", s."ActualPurchaseCost", s."CreatedAt", s."ExpectedPurchaseCost", s."Notes", s."OrderId", s."Status", s."StoreId", s."SubTotal", s."UpdatedAt", s0."Id", s0."Address", s0."CreatedAt", s0."ImageKey", s0."IsActive", s0."Latitude", s0."Longitude", s0."Name", s0."Phone", s0."UpdatedAt"
FROM "SubOrders" AS s
INNER JOIN "Stores" AS s0 ON s."StoreId" = s0."Id"
WHERE s."OrderId" = @p
2026-09-24 03:26:21.277 +03:00 [INF] HTTP POST /api/checkout/place-order responded 200 in 911.8549 ms
2026-09-24 03:26:31.368 +03:00 [INF] Executed DbCommand (3ms) [Parameters=[@id='a5bca912-95f7-4828-af15-481b84acb5ff'], CommandType='"Text"', CommandTimeout='30']
SELECT s0."Id", s0."CategoryId", s0."CreatedAt", s0."Description", s0."ExpectedPurchasePrice", s0."IsActive", s0."IsDeleted", s0."Name", s0."SellingPrice", s0."SourceType", s0."StoreId", s0."UpdatedAt", s0."Id0", s0."CreatedAt0", s0."IconName", s0."IsActive0", s0."Name0", s0."SortOrder", s0."UpdatedAt0", s0."Id1", s0."Address", s0."CreatedAt1", s0."ImageKey", s0."IsActive1", s0."Latitude", s0."Longitude", s0."Name1", s0."Phone", s0."UpdatedAt1", s0."Id2", s0."CreatedAt2", s0."ProductId", s0."Quantity", s0."UpdatedAt2", p0."Id", p0."CreatedAt", p0."ImageKey", p0."ProductId", p0."SortOrder", p0."UpdatedAt", p0."Url"
FROM (
    SELECT p."Id", p."CategoryId", p."CreatedAt", p."Description", p."ExpectedPurchasePrice", p."IsActive", p."IsDeleted", p."Name", p."SellingPrice", p."SourceType", p."StoreId", p."UpdatedAt", c."Id" AS "Id0", c."CreatedAt" AS "CreatedAt0", c."IconName", c."IsActive" AS "IsActive0", c."Name" AS "Name0", c."SortOrder", c."UpdatedAt" AS "UpdatedAt0", s."Id" AS "Id1", s."Address", s."CreatedAt" AS "CreatedAt1", s."ImageKey", s."IsActive" AS "IsActive1", s."Latitude", s."Longitude", s."Name" AS "Name1", s."Phone", s."UpdatedAt" AS "UpdatedAt1", i."Id" AS "Id2", i."CreatedAt" AS "CreatedAt2", i."ProductId", i."Quantity", i."UpdatedAt" AS "UpdatedAt2"
    FROM "Products" AS p
    INNER JOIN "Categories" AS c ON p."CategoryId" = c."Id"
    INNER JOIN "Stores" AS s ON p."StoreId" = s."Id"
    LEFT JOIN "Inventories" AS i ON p."Id" = i."ProductId"
    WHERE NOT (p."IsDeleted") AND p."Id" = @id
    LIMIT 1
) AS s0
LEFT JOIN "ProductImages" AS p0 ON s0."Id" = p0."ProductId"
ORDER BY s0."Id", s0."Id0", s0."Id1", s0."Id2"
2026-09-24 03:26:31.385 +03:00 [INF] HTTP GET /api/products/a5bca912-95f7-4828-af15-481b84acb5ff responded 200 in 74.0332 ms
2026-09-24 03:26:39.961 +03:00 [WRN] Compiling a query which loads related collections for more than one collection navigation, either via 'Include' or through projection, but no 'QuerySplittingBehavior' has been configured. By default, Entity Framework will use 'QuerySplittingBehavior.SingleQuery', which can potentially result in slow query performance. See https://go.microsoft.com/fwlink/?linkid=2134277 for more information. To identify the query that's triggering this warning call 'ConfigureWarnings(w => w.Throw(RelationalEventId.MultipleCollectionIncludeWarning))'.
2026-09-24 03:26:40.014 +03:00 [INF] Executed DbCommand (23ms) [Parameters=[], CommandType='"Text"', CommandTimeout='30']
SELECT o."Id", o."AddressId", o."CreatedAt", o."CustomerId", o."DeliveryFee", o."Discount", o."DriverId", o."IdempotencyKey", o."Notes", o."OrderNumber", o."PaymentMethod", o."PaymentStatus", o."Status", o."SubTotal", o."TotalAmount", o."UpdatedAt", d."Id", d."CreatedAt", d."FullName", d."Phone", d."Status", d."UpdatedAt", d."UserId", a."Id", a."Building", a."City", a."CreatedAt", a."CustomerId", a."Description", a."District", a."IsDefault", a."Label", a."Latitude", a."Longitude", a."Street", a."UpdatedAt", s1."Id", s1."ActualPurchaseCost", s1."CreatedAt", s1."ExpectedPurchaseCost", s1."Notes", s1."OrderId", s1."Status", s1."StoreId", s1."SubTotal", s1."UpdatedAt", s1."Id0", s1."Address", s1."CreatedAt0", s1."ImageKey", s1."IsActive", s1."Latitude", s1."Longitude", s1."Name", s1."Phone", s1."UpdatedAt0", s1."Id1", s1."ActualPurchasePrice", s1."CreatedAt1", s1."ExpectedProfitSnapshot", s1."ExpectedPurchasePriceSnapshot", s1."ProductId", s1."ProductNameSnapshot", s1."Quantity", s1."SellingPriceSnapshot", s1."SubOrderId", s1."TotalSellingPrice", s1."UpdatedAt1"
FROM "Orders" AS o
LEFT JOIN "Drivers" AS d ON o."DriverId" = d."Id"
INNER JOIN "Addresses" AS a ON o."AddressId" = a."Id"
LEFT JOIN (
    SELECT s."Id", s."ActualPurchaseCost", s."CreatedAt", s."ExpectedPurchaseCost", s."Notes", s."OrderId", s."Status", s."StoreId", s."SubTotal", s."UpdatedAt", s0."Id" AS "Id0", s0."Address", s0."CreatedAt" AS "CreatedAt0", s0."ImageKey", s0."IsActive", s0."Latitude", s0."Longitude", s0."Name", s0."Phone", s0."UpdatedAt" AS "UpdatedAt0", o0."Id" AS "Id1", o0."ActualPurchasePrice", o0."CreatedAt" AS "CreatedAt1", o0."ExpectedProfitSnapshot", o0."ExpectedPurchasePriceSnapshot", o0."ProductId", o0."ProductNameSnapshot", o0."Quantity", o0."SellingPriceSnapshot", o0."SubOrderId", o0."TotalSellingPrice", o0."UpdatedAt" AS "UpdatedAt1"
    FROM "SubOrders" AS s
    INNER JOIN "Stores" AS s0 ON s."StoreId" = s0."Id"
    LEFT JOIN "OrderItems" AS o0 ON s."Id" = o0."SubOrderId"
) AS s1 ON o."Id" = s1."OrderId"
ORDER BY o."CreatedAt" DESC, o."Id", d."Id", a."Id", s1."Id", s1."Id0"
2026-09-24 03:26:40.042 +03:00 [INF] HTTP GET /api/admin/orders responded 200 in 104.8008 ms
2026-09-24 03:26:47.744 +03:00 [INF] Executed DbCommand (2ms) [Parameters=[], CommandType='"Text"', CommandTimeout='30']
SELECT d."Id", d."CreatedAt", d."FullName", d."Phone", d."Status", d."UpdatedAt", d."UserId", d0."Id", d0."Amount", d0."CreatedAt", d0."CreatedBy", d0."Description", d0."Direction", d0."DriverId", d0."OrderId", d0."Reference", d0."Type", d0."UpdatedAt"
FROM "Drivers" AS d
LEFT JOIN "DriverTransactions" AS d0 ON d."Id" = d0."DriverId"
ORDER BY d."Id"
2026-09-24 03:26:47.795 +03:00 [INF] HTTP GET /api/admin/drivers responded 200 in 80.4750 ms
2026-09-24 03:27:01.486 +03:00 [WRN] Compiling a query which loads related collections for more than one collection navigation, either via 'Include' or through projection, but no 'QuerySplittingBehavior' has been configured. By default, Entity Framework will use 'QuerySplittingBehavior.SingleQuery', which can potentially result in slow query performance. See https://go.microsoft.com/fwlink/?linkid=2134277 for more information. To identify the query that's triggering this warning call 'ConfigureWarnings(w => w.Throw(RelationalEventId.MultipleCollectionIncludeWarning))'.
2026-09-24 03:27:01.537 +03:00 [INF] Executed DbCommand (3ms) [Parameters=[@id='01a0d0ce-5ef2-7964-a0e3-434085936c75'], CommandType='"Text"', CommandTimeout='30']
SELECT s1."Id", s1."AddressId", s1."CreatedAt", s1."CustomerId", s1."DeliveryFee", s1."Discount", s1."DriverId", s1."IdempotencyKey", s1."Notes", s1."OrderNumber", s1."PaymentMethod", s1."PaymentStatus", s1."Status", s1."SubTotal", s1."TotalAmount", s1."UpdatedAt", s1."Id0", s1."CreatedAt0", s1."FullName", s1."Phone", s1."Status0", s1."UpdatedAt0", s1."UserId", s1."Id1", s1."Building", s1."City", s1."CreatedAt1", s1."CustomerId0", s1."Description", s1."District", s1."IsDefault", s1."Label", s1."Latitude", s1."Longitude", s1."Street", s1."UpdatedAt1", s2."Id", s2."ActualPurchaseCost", s2."CreatedAt", s2."ExpectedPurchaseCost", s2."Notes", s2."OrderId", s2."Status", s2."StoreId", s2."SubTotal", s2."UpdatedAt", s2."Id0", s2."Address", s2."CreatedAt0", s2."ImageKey", s2."IsActive", s2."Latitude", s2."Longitude", s2."Name", s2."Phone", s2."UpdatedAt0", s2."Id1", s2."ActualPurchasePrice", s2."CreatedAt1", s2."ExpectedProfitSnapshot", s2."ExpectedPurchasePriceSnapshot", s2."ProductId", s2."ProductNameSnapshot", s2."Quantity", s2."SellingPriceSnapshot", s2."SubOrderId", s2."TotalSellingPrice", s2."UpdatedAt1"
FROM (
    SELECT o."Id", o."AddressId", o."CreatedAt", o."CustomerId", o."DeliveryFee", o."Discount", o."DriverId", o."IdempotencyKey", o."Notes", o."OrderNumber", o."PaymentMethod", o."PaymentStatus", o."Status", o."SubTotal", o."TotalAmount", o."UpdatedAt", d."Id" AS "Id0", d."CreatedAt" AS "CreatedAt0", d."FullName", d."Phone", d."Status" AS "Status0", d."UpdatedAt" AS "UpdatedAt0", d."UserId", a."Id" AS "Id1", a."Building", a."City", a."CreatedAt" AS "CreatedAt1", a."CustomerId" AS "CustomerId0", a."Description", a."District", a."IsDefault", a."Label", a."Latitude", a."Longitude", a."Street", a."UpdatedAt" AS "UpdatedAt1"
    FROM "Orders" AS o
    LEFT JOIN "Drivers" AS d ON o."DriverId" = d."Id"
    INNER JOIN "Addresses" AS a ON o."AddressId" = a."Id"
    WHERE o."Id" = @id
    LIMIT 1
) AS s1
LEFT JOIN (
    SELECT s."Id", s."ActualPurchaseCost", s."CreatedAt", s."ExpectedPurchaseCost", s."Notes", s."OrderId", s."Status", s."StoreId", s."SubTotal", s."UpdatedAt", s0."Id" AS "Id0", s0."Address", s0."CreatedAt" AS "CreatedAt0", s0."ImageKey", s0."IsActive", s0."Latitude", s0."Longitude", s0."Name", s0."Phone", s0."UpdatedAt" AS "UpdatedAt0", o0."Id" AS "Id1", o0."ActualPurchasePrice", o0."CreatedAt" AS "CreatedAt1", o0."ExpectedProfitSnapshot", o0."ExpectedPurchasePriceSnapshot", o0."ProductId", o0."ProductNameSnapshot", o0."Quantity", o0."SellingPriceSnapshot", o0."SubOrderId", o0."TotalSellingPrice", o0."UpdatedAt" AS "UpdatedAt1"
    FROM "SubOrders" AS s
    INNER JOIN "Stores" AS s0 ON s."StoreId" = s0."Id"
    LEFT JOIN "OrderItems" AS o0 ON s."Id" = o0."SubOrderId"
) AS s2 ON s1."Id" = s2."OrderId"
ORDER BY s1."Id", s1."Id0", s1."Id1", s2."Id", s2."Id0"
2026-09-24 03:27:01.556 +03:00 [INF] Executed DbCommand (1ms) [Parameters=[@request_DriverId='81d5cbd2-d1d2-4d87-a9a8-021465f5c326'], CommandType='"Text"', CommandTimeout='30']
SELECT d."Id", d."CreatedAt", d."FullName", d."Phone", d."Status", d."UpdatedAt", d."UserId"
FROM "Drivers" AS d
WHERE d."Id" = @request_DriverId
LIMIT 1
2026-09-24 03:27:01.565 +03:00 [INF] Executed DbCommand (3ms) [Parameters=[@p0='01a0d0ce-fe37-7054-bd0f-12c3871489f8', @p1='4c39b4c4-f51d-4fad-a42c-d03db9ef7d62' (Nullable = true), @p2='Admin' (Nullable = false), @p3='2026-09-24T00:27:01.5568001Z' (DbType = DateTime), @p4='4', @p5='4', @p6='01a0d0ce-5ef2-7964-a0e3-434085936c75', @p7='تعيين الكابتن الكابتن أحمد المحمدي', @p8='2026-09-24T00:27:01.5568001Z' (DbType = DateTime), @p12='01a0d0ce-5ef2-7964-a0e3-434085936c75', @p9='81d5cbd2-d1d2-4d87-a9a8-021465f5c326' (Nullable = true), @p10='DriverAssigned' (Nullable = false), @p11='2026-09-24T00:27:01.5599171Z' (DbType = DateTime)], CommandType='"Text"', CommandTimeout='30']
INSERT INTO "OrderStatusHistories" ("Id", "ActorId", "ActorType", "CreatedAt", "NewStatus", "OldStatus", "OrderId", "Reason", "UpdatedAt")
VALUES (@p0, @p1, @p2, @p3, @p4, @p5, @p6, @p7, @p8);
UPDATE "Orders" SET "DriverId" = @p9, "Status" = @p10, "UpdatedAt" = @p11
WHERE "Id" = @p12;
2026-09-24 03:27:01.566 +03:00 [INF] HTTP POST /api/admin/orders/01a0d0ce-5ef2-7964-a0e3-434085936c75/assign-driver responded 200 in 105.3363 ms
2026-09-24 03:27:10.637 +03:00 [INF] Executed DbCommand (1ms) [Parameters=[@userId='59da3500-6778-4c0a-aea5-50b46cf4745e'], CommandType='"Text"', CommandTimeout='30']
SELECT d."Id", d."CreatedAt", d."FullName", d."Phone", d."Status", d."UpdatedAt", d."UserId"
FROM "Drivers" AS d
WHERE d."UserId" = @userId
LIMIT 1
2026-09-24 03:27:10.650 +03:00 [WRN] Compiling a query which loads related collections for more than one collection navigation, either via 'Include' or through projection, but no 'QuerySplittingBehavior' has been configured. By default, Entity Framework will use 'QuerySplittingBehavior.SingleQuery', which can potentially result in slow query performance. See https://go.microsoft.com/fwlink/?linkid=2134277 for more information. To identify the query that's triggering this warning call 'ConfigureWarnings(w => w.Throw(RelationalEventId.MultipleCollectionIncludeWarning))'.
2026-09-24 03:27:10.700 +03:00 [INF] Executed DbCommand (4ms) [Parameters=[@driver_Id='81d5cbd2-d1d2-4d87-a9a8-021465f5c326' (Nullable = true)], CommandType='"Text"', CommandTimeout='30']
SELECT s1."Id", s1."AddressId", s1."CreatedAt", s1."CustomerId", s1."DeliveryFee", s1."Discount", s1."DriverId", s1."IdempotencyKey", s1."Notes", s1."OrderNumber", s1."PaymentMethod", s1."PaymentStatus", s1."Status", s1."SubTotal", s1."TotalAmount", s1."UpdatedAt", s1."Id0", s1."Building", s1."City", s1."CreatedAt0", s1."CustomerId0", s1."Description", s1."District", s1."IsDefault", s1."Label", s1."Latitude", s1."Longitude", s1."Street", s1."UpdatedAt0", s2."Id", s2."ActualPurchaseCost", s2."CreatedAt", s2."ExpectedPurchaseCost", s2."Notes", s2."OrderId", s2."Status", s2."StoreId", s2."SubTotal", s2."UpdatedAt", s2."Id0", s2."Address", s2."CreatedAt0", s2."ImageKey", s2."IsActive", s2."Latitude", s2."Longitude", s2."Name", s2."Phone", s2."UpdatedAt0", s2."Id1", s2."ActualPurchasePrice", s2."CreatedAt1", s2."ExpectedProfitSnapshot", s2."ExpectedPurchasePriceSnapshot", s2."ProductId", s2."ProductNameSnapshot", s2."Quantity", s2."SellingPriceSnapshot", s2."SubOrderId", s2."TotalSellingPrice", s2."UpdatedAt1"
FROM (
    SELECT o."Id", o."AddressId", o."CreatedAt", o."CustomerId", o."DeliveryFee", o."Discount", o."DriverId", o."IdempotencyKey", o."Notes", o."OrderNumber", o."PaymentMethod", o."PaymentStatus", o."Status", o."SubTotal", o."TotalAmount", o."UpdatedAt", a."Id" AS "Id0", a."Building", a."City", a."CreatedAt" AS "CreatedAt0", a."CustomerId" AS "CustomerId0", a."Description", a."District", a."IsDefault", a."Label", a."Latitude", a."Longitude", a."Street", a."UpdatedAt" AS "UpdatedAt0"
    FROM "Orders" AS o
    INNER JOIN "Addresses" AS a ON o."AddressId" = a."Id"
    WHERE o."DriverId" = @driver_Id AND o."Status" <> 'Delivered' AND o."Status" <> 'Cancelled' AND o."Status" <> 'Returned'
    ORDER BY o."CreatedAt" DESC
    LIMIT 1
) AS s1
LEFT JOIN (
    SELECT s."Id", s."ActualPurchaseCost", s."CreatedAt", s."ExpectedPurchaseCost", s."Notes", s."OrderId", s."Status", s."StoreId", s."SubTotal", s."UpdatedAt", s0."Id" AS "Id0", s0."Address", s0."CreatedAt" AS "CreatedAt0", s0."ImageKey", s0."IsActive", s0."Latitude", s0."Longitude", s0."Name", s0."Phone", s0."UpdatedAt" AS "UpdatedAt0", o0."Id" AS "Id1", o0."ActualPurchasePrice", o0."CreatedAt" AS "CreatedAt1", o0."ExpectedProfitSnapshot", o0."ExpectedPurchasePriceSnapshot", o0."ProductId", o0."ProductNameSnapshot", o0."Quantity", o0."SellingPriceSnapshot", o0."SubOrderId", o0."TotalSellingPrice", o0."UpdatedAt" AS "UpdatedAt1"
    FROM "SubOrders" AS s
    INNER JOIN "Stores" AS s0 ON s."StoreId" = s0."Id"
    LEFT JOIN "OrderItems" AS o0 ON s."Id" = o0."SubOrderId"
) AS s2 ON s1."Id" = s2."OrderId"
ORDER BY s1."CreatedAt" DESC, s1."Id", s1."Id0", s2."Id", s2."Id0"
2026-09-24 03:27:10.716 +03:00 [INF] HTTP GET /api/driver/current-order responded 200 in 103.5364 ms
2026-09-24 03:27:18.015 +03:00 [INF] Executed DbCommand (2ms) [Parameters=[@userId='59da3500-6778-4c0a-aea5-50b46cf4745e'], CommandType='"Text"', CommandTimeout='30']
SELECT d."Id", d."CreatedAt", d."FullName", d."Phone", d."Status", d."UpdatedAt", d."UserId"
FROM "Drivers" AS d
WHERE d."UserId" = @userId
LIMIT 1
2026-09-24 03:27:18.037 +03:00 [WRN] Compiling a query which loads related collections for more than one collection navigation, either via 'Include' or through projection, but no 'QuerySplittingBehavior' has been configured. By default, Entity Framework will use 'QuerySplittingBehavior.SingleQuery', which can potentially result in slow query performance. See https://go.microsoft.com/fwlink/?linkid=2134277 for more information. To identify the query that's triggering this warning call 'ConfigureWarnings(w => w.Throw(RelationalEventId.MultipleCollectionIncludeWarning))'.
2026-09-24 03:27:18.104 +03:00 [INF] Executed DbCommand (5ms) [Parameters=[@id='01a0d0ce-5ef2-7964-a0e3-434085936c75', @driver_Id='81d5cbd2-d1d2-4d87-a9a8-021465f5c326' (Nullable = true)], CommandType='"Text"', CommandTimeout='30']
SELECT s1."Id", s1."AddressId", s1."CreatedAt", s1."CustomerId", s1."DeliveryFee", s1."Discount", s1."DriverId", s1."IdempotencyKey", s1."Notes", s1."OrderNumber", s1."PaymentMethod", s1."PaymentStatus", s1."Status", s1."SubTotal", s1."TotalAmount", s1."UpdatedAt", s1."Id0", s1."Id1", s2."Id", s2."ActualPurchaseCost", s2."CreatedAt", s2."ExpectedPurchaseCost", s2."Notes", s2."OrderId", s2."Status", s2."StoreId", s2."SubTotal", s2."UpdatedAt", s2."Id0", s2."Id1", s2."ActualPurchasePrice", s2."CreatedAt0", s2."ExpectedProfitSnapshot", s2."ExpectedPurchasePriceSnapshot", s2."ProductId", s2."ProductNameSnapshot", s2."Quantity", s2."SellingPriceSnapshot", s2."SubOrderId", s2."TotalSellingPrice", s2."UpdatedAt0", s2."Address", s2."CreatedAt1", s2."ImageKey", s2."IsActive", s2."Latitude", s2."Longitude", s2."Name", s2."Phone", s2."UpdatedAt1", s1."Amount", s1."CreatedAt0", s1."Method", s1."OrderId", s1."RejectionReason", s1."Status0", s1."UpdatedAt0", s1."VerifiedAt", s1."VerifiedBy", s1."Building", s1."City", s1."CreatedAt1", s1."CustomerId0", s1."Description", s1."District", s1."IsDefault", s1."Label", s1."Latitude", s1."Longitude", s1."Street", s1."UpdatedAt1"
FROM (
    SELECT o."Id", o."AddressId", o."CreatedAt", o."CustomerId", o."DeliveryFee", o."Discount", o."DriverId", o."IdempotencyKey", o."Notes", o."OrderNumber", o."PaymentMethod", o."PaymentStatus", o."Status", o."SubTotal", o."TotalAmount", o."UpdatedAt", p."Id" AS "Id0", p."Amount", p."CreatedAt" AS "CreatedAt0", p."Method", p."OrderId", p."RejectionReason", p."Status" AS "Status0", p."UpdatedAt" AS "UpdatedAt0", p."VerifiedAt", p."VerifiedBy", a."Id" AS "Id1", a."Building", a."City", a."CreatedAt" AS "CreatedAt1", a."CustomerId" AS "CustomerId0", a."Description", a."District", a."IsDefault", a."Label", a."Latitude", a."Longitude", a."Street", a."UpdatedAt" AS "UpdatedAt1"
    FROM "Orders" AS o
    LEFT JOIN "Payments" AS p ON o."Id" = p."OrderId"
    INNER JOIN "Addresses" AS a ON o."AddressId" = a."Id"
    WHERE o."Id" = @id AND o."DriverId" = @driver_Id
    LIMIT 1
) AS s1
LEFT JOIN (
    SELECT s."Id", s."ActualPurchaseCost", s."CreatedAt", s."ExpectedPurchaseCost", s."Notes", s."OrderId", s."Status", s."StoreId", s."SubTotal", s."UpdatedAt", s0."Id" AS "Id0", o0."Id" AS "Id1", o0."ActualPurchasePrice", o0."CreatedAt" AS "CreatedAt0", o0."ExpectedProfitSnapshot", o0."ExpectedPurchasePriceSnapshot", o0."ProductId", o0."ProductNameSnapshot", o0."Quantity", o0."SellingPriceSnapshot", o0."SubOrderId", o0."TotalSellingPrice", o0."UpdatedAt" AS "UpdatedAt0", s0."Address", s0."CreatedAt" AS "CreatedAt1", s0."ImageKey", s0."IsActive", s0."Latitude", s0."Longitude", s0."Name", s0."Phone", s0."UpdatedAt" AS "UpdatedAt1"
    FROM "SubOrders" AS s
    INNER JOIN "Stores" AS s0 ON s."StoreId" = s0."Id"
    LEFT JOIN "OrderItems" AS o0 ON s."Id" = o0."SubOrderId"
) AS s2 ON s1."Id" = s2."OrderId"
ORDER BY s1."Id", s1."Id0", s1."Id1", s2."Id", s2."Id0"
2026-09-24 03:27:18.161 +03:00 [INF] Executed DbCommand (2ms) [Parameters=[@p0='01a0d0cf-3eef-7db6-ae5a-6632d5696a3a', @p1='7100.00', @p2='2026-09-24T00:27:18.1214364Z' (DbType = DateTime), @p3='59da3500-6778-4c0a-aea5-50b46cf4745e', @p4='تحصيل مبلغ الطلب نقداً من العميل' (Nullable = false), @p5='1', @p6='81d5cbd2-d1d2-4d87-a9a8-021465f5c326', @p7='01a0d0ce-5ef2-7964-a0e3-434085936c75' (Nullable = true), @p8='BS-20260924-2571', @p9='0', @p10='2026-09-24T00:27:18.1214366Z' (DbType = DateTime), @p11='01a0d0cf-3f09-7745-9954-7c2f456939fa', @p12='59da3500-6778-4c0a-aea5-50b46cf4745e' (Nullable = true), @p13='Driver' (Nullable = false), @p14='2026-09-24T00:27:18.1328332Z' (DbType = DateTime), @p15='9', @p16='8', @p17='01a0d0ce-5ef2-7964-a0e3-434085936c75', @p18='تم تسليم الطلب للعميل بنجاح', @p19='2026-09-24T00:27:18.1328337Z' (DbType = DateTime), @p22='01a0d0ce-5ef2-7964-a0e3-434085936c75', @p20='Delivered' (Nullable = false), @p21='2026-09-24T00:27:18.1542255Z' (DbType = DateTime), @p25='01a0d0ce-5ecc-798b-991a-c613cf9999c2', @p23='Verified' (Nullable = false), @p24='2026-09-24T00:27:18.1542260Z' (DbType = DateTime)], CommandType='"Text"', CommandTimeout='30']
INSERT INTO "DriverTransactions" ("Id", "Amount", "CreatedAt", "CreatedBy", "Description", "Direction", "DriverId", "OrderId", "Reference", "Type", "UpdatedAt")
VALUES (@p0, @p1, @p2, @p3, @p4, @p5, @p6, @p7, @p8, @p9, @p10);
INSERT INTO "OrderStatusHistories" ("Id", "ActorId", "ActorType", "CreatedAt", "NewStatus", "OldStatus", "OrderId", "Reason", "UpdatedAt")
VALUES (@p11, @p12, @p13, @p14, @p15, @p16, @p17, @p18, @p19);
UPDATE "Orders" SET "Status" = @p20, "UpdatedAt" = @p21
WHERE "Id" = @p22;
UPDATE "Payments" SET "Status" = @p23, "UpdatedAt" = @p24
WHERE "Id" = @p25;
2026-09-24 03:27:18.162 +03:00 [INF] HTTP PUT /api/driver/orders/01a0d0ce-5ef2-7964-a0e3-434085936c75/delivered responded 200 in 173.7438 ms
2026-09-24 03:27:26.256 +03:00 [INF] Executed DbCommand (1ms) [Parameters=[@userId='59da3500-6778-4c0a-aea5-50b46cf4745e'], CommandType='"Text"', CommandTimeout='30']
SELECT d."Id", d."CreatedAt", d."FullName", d."Phone", d."Status", d."UpdatedAt", d."UserId"
FROM "Drivers" AS d
WHERE d."UserId" = @userId
LIMIT 1
2026-09-24 03:27:26.267 +03:00 [INF] Executed DbCommand (1ms) [Parameters=[@driver_Id='81d5cbd2-d1d2-4d87-a9a8-021465f5c326'], CommandType='"Text"', CommandTimeout='30']
SELECT d."Id", d."Amount", d."CreatedAt", d."CreatedBy", d."Description", d."Direction", d."DriverId", d."OrderId", d."Reference", d."Type", d."UpdatedAt"
FROM "DriverTransactions" AS d
WHERE d."DriverId" = @driver_Id
2026-09-24 03:27:26.273 +03:00 [INF] HTTP GET /api/driver/financial/summary responded 200 in 31.1368 ms
2026-09-24 03:42:12.263 +03:00 [INF] Executed DbCommand (2ms) [Parameters=[], CommandType='"Text"', CommandTimeout='30']
SELECT d."Id", d."BaseFee", d."FreeDeliveryRadius", d."IsEnabled", d."PerKmFee", d."UpdatedAt", d."UpdatedBy"
FROM "DeliverySettings" AS d
LIMIT 1
2026-09-24 03:42:12.268 +03:00 [INF] HTTP GET /api/admin/settings/delivery responded 200 in 61.8234 ms
2026-09-24 03:54:48.458 +03:00 [WRN] Entity 'Product' has a global query filter defined and is the required end of a relationship with the entity 'CartItem'. This may lead to unexpected results when the required entity is filtered out. Either configure the navigation as optional, or define matching query filters for both entities in the navigation. See https://go.microsoft.com/fwlink/?linkid=2131316 for more information.
2026-09-24 03:54:48.506 +03:00 [WRN] Entity 'Product' has a global query filter defined and is the required end of a relationship with the entity 'InventoryTransaction'. This may lead to unexpected results when the required entity is filtered out. Either configure the navigation as optional, or define matching query filters for both entities in the navigation. See https://go.microsoft.com/fwlink/?linkid=2131316 for more information.
2026-09-24 03:54:48.506 +03:00 [WRN] Entity 'Product' has a global query filter defined and is the required end of a relationship with the entity 'ProductImage'. This may lead to unexpected results when the required entity is filtered out. Either configure the navigation as optional, or define matching query filters for both entities in the navigation. See https://go.microsoft.com/fwlink/?linkid=2131316 for more information.
2026-09-24 03:54:48.517 +03:00 [WRN] Sensitive data logging is enabled. Log entries and exception messages may include sensitive application data; this mode should only be enabled during development.
2026-09-24 03:54:49.007 +03:00 [INF] Executed DbCommand (26ms) [Parameters=[], CommandType='"Text"', CommandTimeout='30']
SELECT "MigrationId", "ProductVersion"
FROM "__EFMigrationsHistory"
ORDER BY "MigrationId";
2026-09-24 03:54:49.337 +03:00 [INF] Executed DbCommand (13ms) [Parameters=[], CommandType='"Text"', CommandTimeout='30']
SELECT 1
2026-09-24 03:54:49.440 +03:00 [INF] Executed DbCommand (5ms) [Parameters=[], CommandType='"Text"', CommandTimeout='30']
CREATE TABLE IF NOT EXISTS "__EFMigrationsHistory" (
    "MigrationId" character varying(150) NOT NULL,
    "ProductVersion" character varying(32) NOT NULL,
    CONSTRAINT "PK___EFMigrationsHistory" PRIMARY KEY ("MigrationId")
);
2026-09-24 03:54:49.457 +03:00 [INF] Executed DbCommand (1ms) [Parameters=[], CommandType='"Text"', CommandTimeout='30']
LOCK TABLE "__EFMigrationsHistory" IN ACCESS EXCLUSIVE MODE
2026-09-24 03:54:49.461 +03:00 [INF] Executed DbCommand (2ms) [Parameters=[], CommandType='"Text"', CommandTimeout='30']
SELECT "MigrationId", "ProductVersion"
FROM "__EFMigrationsHistory"
ORDER BY "MigrationId";
2026-09-24 03:54:49.471 +03:00 [INF] Database migration applied successfully.
2026-09-24 03:54:49.710 +03:00 [WRN] The query uses the 'First'/'FirstOrDefault' operator without 'OrderBy' and filter operators. This may lead to unpredictable results.
2026-09-24 03:54:49.908 +03:00 [INF] Executed DbCommand (2ms) [Parameters=[], CommandType='"Text"', CommandTimeout='30']
SELECT d."Id", d."BaseDistanceKm", d."BaseFee", d."FreeDeliveryRadius", d."IsEnabled", d."PerKmFee", d."UpdatedAt", d."UpdatedBy"
FROM "DeliverySettings" AS d
LIMIT 1
2026-09-24 03:54:50.142 +03:00 [INF] Executed DbCommand (13ms) [Parameters=[@p3='1', @p0='1.0', @p1='400', @p2='50'], CommandType='"Text"', CommandTimeout='30']
UPDATE "DeliverySettings" SET "BaseDistanceKm" = @p0, "BaseFee" = @p1, "PerKmFee" = @p2
WHERE "Id" = @p3;
2026-09-24 03:54:50.168 +03:00 [INF] Executed DbCommand (1ms) [Parameters=[], CommandType='"Text"', CommandTimeout='30']
SELECT EXISTS (
    SELECT 1
    FROM "PaymentSettings" AS p)
2026-09-24 03:54:50.178 +03:00 [INF] Executed DbCommand (2ms) [Parameters=[], CommandType='"Text"', CommandTimeout='30']
SELECT EXISTS (
    SELECT 1
    FROM "CancellationReasons" AS c)
2026-09-24 03:54:50.235 +03:00 [INF] Executed DbCommand (3ms) [Parameters=[@adminPhone='777000000'], CommandType='"Text"', CommandTimeout='30']
SELECT EXISTS (
    SELECT 1
    FROM "Users" AS u
    WHERE u."Phone" = @adminPhone)
2026-09-24 03:54:50.241 +03:00 [INF] Executed DbCommand (1ms) [Parameters=[@driverPhone='777000222'], CommandType='"Text"', CommandTimeout='30']
SELECT EXISTS (
    SELECT 1
    FROM "Users" AS u
    WHERE u."Phone" = @driverPhone)
2026-09-24 03:54:50.247 +03:00 [INF] Executed DbCommand (2ms) [Parameters=[], CommandType='"Text"', CommandTimeout='30']
SELECT EXISTS (
    SELECT 1
    FROM "Categories" AS c)
2026-09-24 03:54:50.254 +03:00 [INF] BS Store API starting on Development
2026-09-24 03:55:12.452 +03:00 [INF] Executed DbCommand (2ms) [Parameters=[], CommandType='"Text"', CommandTimeout='30']
SELECT c."Id", c."Name", c."IconName", c."SortOrder", (
    SELECT count(*)::int
    FROM "Products" AS p
    WHERE NOT (p."IsDeleted") AND p."CategoryId" = c."Id" AND p."IsActive")
FROM "Categories" AS c
WHERE c."IsActive"
ORDER BY c."SortOrder"
2026-09-24 03:55:12.507 +03:00 [INF] HTTP GET /api/categories responded 200 in 194.3924 ms
2026-09-24 03:55:24.374 +03:00 [INF] Executed DbCommand (1ms) [Parameters=[], CommandType='"Text"', CommandTimeout='30']
SELECT d."Id", d."BaseDistanceKm", d."BaseFee", d."FreeDeliveryRadius", d."IsEnabled", d."PerKmFee", d."UpdatedAt", d."UpdatedBy"
FROM "DeliverySettings" AS d
LIMIT 1
2026-09-24 03:55:24.391 +03:00 [INF] HTTP GET /api/admin/settings/delivery responded 200 in 184.8139 ms
2026-09-24 03:55:44.799 +03:00 [INF] Executed DbCommand (1ms) [Parameters=[@request_Phone='777999888'], CommandType='"Text"', CommandTimeout='30']
SELECT EXISTS (
    SELECT 1
    FROM "Users" AS u
    WHERE u."Phone" = @request_Phone)
2026-09-24 03:55:45.764 +03:00 [INF] Executed DbCommand (5ms) [Parameters=[@p0='01a0d0e9-4ca5-75cd-8e47-a524741f46c1', @p1='2026-09-24T00:55:45.5610580Z' (DbType = DateTime), @p2=NULL, @p3=NULL, @p4='True', @p5='$2a$12$3DJ1wKL5eM9FizWpxf4DhOgpX6aGA6KLK1GBW7Vb/r1MzK8ED3cAa' (Nullable = false), @p6='777999888' (Nullable = false), @p7='Customer' (Nullable = false), @p8='2026-09-24T00:55:45.5610583Z' (DbType = DateTime), @p9='01a0d0e9-4cd0-7025-86e5-f22629ad2c5c', @p10='2026-09-24T00:55:45.6135708Z' (DbType = DateTime), @p11='محمد الحارثي' (Nullable = false), @p12=NULL, @p13='2026-09-24T00:55:45.6135711Z' (DbType = DateTime), @p14='01a0d0e9-4ca5-75cd-8e47-a524741f46c1', @p15='01a0d0e9-4cf1-7773-a21e-2ea23fd33c34', @p16='عمارة الأمل - الدور 3', @p17='صنعاء' (Nullable = false), @p18='2026-09-24T00:55:45.6442006Z' (DbType = DateTime), @p19='01a0d0e9-4cd0-7025-86e5-f22629ad2c5c', @p20='بجوار سوبرماركت الهدى', @p21='حدة' (Nullable = false), @p22='True', @p23='Home' (Nullable = false), @p24='15.3400', @p25='44.2050', @p26='شارع عمان' (Nullable = false), @p27='2026-09-24T00:55:45.6442010Z' (DbType = DateTime), @p28='01a0d0e9-4d19-70db-ac09-a1a658ef1ed4', @p29='2026-09-24T00:55:45.6840286Z' (DbType = DateTime), @p30='01a0d0e9-4cd0-7025-86e5-f22629ad2c5c', @p31='2026-09-24T00:55:45.6840289Z' (DbType = DateTime)], CommandType='"Text"', CommandTimeout='30']
INSERT INTO "Users" ("Id", "CreatedAt", "Email", "FcmToken", "IsActive", "PasswordHash", "Phone", "Role", "UpdatedAt")
VALUES (@p0, @p1, @p2, @p3, @p4, @p5, @p6, @p7, @p8);
INSERT INTO "Customers" ("Id", "CreatedAt", "FullName", "ProfileImageKey", "UpdatedAt", "UserId")
VALUES (@p9, @p10, @p11, @p12, @p13, @p14);
INSERT INTO "Addresses" ("Id", "Building", "City", "CreatedAt", "CustomerId", "Description", "District", "IsDefault", "Label", "Latitude", "Longitude", "Street", "UpdatedAt")
VALUES (@p15, @p16, @p17, @p18, @p19, @p20, @p21, @p22, @p23, @p24, @p25, @p26, @p27);
INSERT INTO "Carts" ("Id", "CreatedAt", "CustomerId", "UpdatedAt")
VALUES (@p28, @p29, @p30, @p31);
2026-09-24 03:55:45.817 +03:00 [INF] Executed DbCommand (2ms) [Parameters=[@p0='01a0d0e9-4d7d-701f-a590-9938ea84fa6f', @p1='2026-09-24T00:55:45.7848379Z' (DbType = DateTime), @p2='2026-10-24T00:55:45.7843361Z' (DbType = DateTime), @p3='False', @p4='oq8VixsyqmLApm9SfKUbqmSfPQbBX6DlKMI0cRt/qS8=' (Nullable = false), @p5='2026-09-24T00:55:45.7848380Z' (DbType = DateTime), @p6='01a0d0e9-4ca5-75cd-8e47-a524741f46c1'], CommandType='"Text"', CommandTimeout='30']
INSERT INTO "RefreshTokens" ("Id", "CreatedAt", "ExpiresAt", "IsRevoked", "TokenHash", "UpdatedAt", "UserId")
VALUES (@p0, @p1, @p2, @p3, @p4, @p5, @p6);
2026-09-24 03:55:45.826 +03:00 [INF] HTTP POST /api/auth/register responded 200 in 1079.2749 ms
2026-09-24 03:55:56.094 +03:00 [INF] Executed DbCommand (2ms) [Parameters=[@userId='01a0d0e9-4ca5-75cd-8e47-a524741f46c1'], CommandType='"Text"', CommandTimeout='30']
SELECT c0."Id", c0."CreatedAt", c0."FullName", c0."ProfileImageKey", c0."UpdatedAt", c0."UserId", a."Id", a."Building", a."City", a."CreatedAt", a."CustomerId", a."Description", a."District", a."IsDefault", a."Label", a."Latitude", a."Longitude", a."Street", a."UpdatedAt"
FROM (
    SELECT c."Id", c."CreatedAt", c."FullName", c."ProfileImageKey", c."UpdatedAt", c."UserId"
    FROM "Customers" AS c
    WHERE c."UserId" = @userId
    LIMIT 1
) AS c0
LEFT JOIN "Addresses" AS a ON c0."Id" = a."CustomerId"
ORDER BY c0."Id"
2026-09-24 03:55:56.135 +03:00 [INF] HTTP GET /api/customers/addresses responded 200 in 156.9354 ms
2026-09-24 03:56:16.252 +03:00 [INF] Executed DbCommand (2ms) [Parameters=[@userId='01a0d0e9-4ca5-75cd-8e47-a524741f46c1'], CommandType='"Text"', CommandTimeout='30']
SELECT c0."Id", c0."CreatedAt", c0."FullName", c0."ProfileImageKey", c0."UpdatedAt", c0."UserId", a."Id", a."Building", a."City", a."CreatedAt", a."CustomerId", a."Description", a."District", a."IsDefault", a."Label", a."Latitude", a."Longitude", a."Street", a."UpdatedAt"
FROM (
    SELECT c."Id", c."CreatedAt", c."FullName", c."ProfileImageKey", c."UpdatedAt", c."UserId"
    FROM "Customers" AS c
    WHERE c."UserId" = @userId
    LIMIT 1
) AS c0
LEFT JOIN "Addresses" AS a ON c0."Id" = a."CustomerId"
ORDER BY c0."Id"
2026-09-24 03:56:16.258 +03:00 [INF] Executed DbCommand (1ms) [Parameters=[@p0='01a0d0e9-c47e-7889-ba36-3931735985fc', @p1='مكتب العمل', @p2='صنعاء' (Nullable = false), @p3='2026-09-24T00:56:16.2531102Z' (DbType = DateTime), @p4='01a0d0e9-4cd0-7025-86e5-f22629ad2c5c', @p5='العنوان بعيد 5 كم عن المتجر', @p6='الحصبة' (Nullable = false), @p7='False', @p8='Work' (Nullable = false), @p9='15.3850', @p10='44.2000', @p11='شارع مازدا' (Nullable = false), @p12='2026-09-24T00:56:16.2531103Z' (DbType = DateTime)], CommandType='"Text"', CommandTimeout='30']
INSERT INTO "Addresses" ("Id", "Building", "City", "CreatedAt", "CustomerId", "Description", "District", "IsDefault", "Label", "Latitude", "Longitude", "Street", "UpdatedAt")
VALUES (@p0, @p1, @p2, @p3, @p4, @p5, @p6, @p7, @p8, @p9, @p10, @p11, @p12);
2026-09-24 03:56:16.260 +03:00 [INF] HTTP POST /api/customers/addresses responded 200 in 37.4908 ms
2026-09-24 03:56:35.169 +03:00 [INF] Executed DbCommand (81ms) [Parameters=[@productIds={ 'a5bca912-95f7-4828-af15-481b84acb5ff' } (DbType = Object)], CommandType='"Text"', CommandTimeout='30']
SELECT p."Id", p."CategoryId", p."CreatedAt", p."Description", p."ExpectedPurchasePrice", p."IsActive", p."IsDeleted", p."Name", p."SellingPrice", p."SourceType", p."StoreId", p."UpdatedAt", i."Id", i."CreatedAt", i."ProductId", i."Quantity", i."UpdatedAt"
FROM "Products" AS p
LEFT JOIN "Inventories" AS i ON p."Id" = i."ProductId"
WHERE NOT (p."IsDeleted") AND p."Id" = ANY (@productIds)
2026-09-24 03:56:35.226 +03:00 [INF] Executed DbCommand (1ms) [Parameters=[], CommandType='"Text"', CommandTimeout='30']
SELECT d."Id", d."BaseDistanceKm", d."BaseFee", d."FreeDeliveryRadius", d."IsEnabled", d."PerKmFee", d."UpdatedAt", d."UpdatedBy"
FROM "DeliverySettings" AS d
LIMIT 1
2026-09-24 03:56:35.227 +03:00 [WRN] The query uses the 'First'/'FirstOrDefault' operator without 'OrderBy' and filter operators. This may lead to unpredictable results.
2026-09-24 03:56:35.235 +03:00 [INF] Executed DbCommand (1ms) [Parameters=[], CommandType='"Text"', CommandTimeout='30']
SELECT p."Id", p."CashOnDeliveryLimit", p."TransferAccountName", p."TransferAccountNumber", p."TransferBankName", p."UpdatedAt"
FROM "PaymentSettings" AS p
LIMIT 1
2026-09-24 03:56:35.260 +03:00 [INF] Executed DbCommand (1ms) [Parameters=[@request_AddressId_Value='01a0d0e9-4cf1-7773-a21e-2ea23fd33c34'], CommandType='"Text"', CommandTimeout='30']
SELECT a."Id", a."Building", a."City", a."CreatedAt", a."CustomerId", a."Description", a."District", a."IsDefault", a."Label", a."Latitude", a."Longitude", a."Street", a."UpdatedAt"
FROM "Addresses" AS a
WHERE a."Id" = @request_AddressId_Value
LIMIT 1
2026-09-24 03:56:35.273 +03:00 [INF] Executed DbCommand (2ms) [Parameters=[@storeIds={ '8b62ec41-444d-4fbb-ada7-195da81e77d8' } (DbType = Object)], CommandType='"Text"', CommandTimeout='30']
SELECT s."Id", s."Address", s."CreatedAt", s."ImageKey", s."IsActive", s."Latitude", s."Longitude", s."Name", s."Phone", s."UpdatedAt"
FROM "Stores" AS s
WHERE s."Id" = ANY (@storeIds)
2026-09-24 03:56:35.305 +03:00 [INF] HTTP POST /api/checkout/validate responded 200 in 312.2942 ms
2026-09-24 03:56:56.685 +03:00 [INF] Executed DbCommand (1ms) [Parameters=[@productIds={ 'a5bca912-95f7-4828-af15-481b84acb5ff' } (DbType = Object)], CommandType='"Text"', CommandTimeout='30']
SELECT p."Id", p."CategoryId", p."CreatedAt", p."Description", p."ExpectedPurchasePrice", p."IsActive", p."IsDeleted", p."Name", p."SellingPrice", p."SourceType", p."StoreId", p."UpdatedAt", i."Id", i."CreatedAt", i."ProductId", i."Quantity", i."UpdatedAt"
FROM "Products" AS p
LEFT JOIN "Inventories" AS i ON p."Id" = i."ProductId"
WHERE NOT (p."IsDeleted") AND p."Id" = ANY (@productIds)
2026-09-24 03:56:56.687 +03:00 [INF] Executed DbCommand (1ms) [Parameters=[], CommandType='"Text"', CommandTimeout='30']
SELECT d."Id", d."BaseDistanceKm", d."BaseFee", d."FreeDeliveryRadius", d."IsEnabled", d."PerKmFee", d."UpdatedAt", d."UpdatedBy"
FROM "DeliverySettings" AS d
LIMIT 1
2026-09-24 03:56:56.688 +03:00 [INF] Executed DbCommand (1ms) [Parameters=[], CommandType='"Text"', CommandTimeout='30']
SELECT p."Id", p."CashOnDeliveryLimit", p."TransferAccountName", p."TransferAccountNumber", p."TransferBankName", p."UpdatedAt"
FROM "PaymentSettings" AS p
LIMIT 1
2026-09-24 03:56:56.690 +03:00 [INF] Executed DbCommand (1ms) [Parameters=[@request_AddressId_Value='01a0d0e9-c47e-7889-ba36-3931735985fc'], CommandType='"Text"', CommandTimeout='30']
SELECT a."Id", a."Building", a."City", a."CreatedAt", a."CustomerId", a."Description", a."District", a."IsDefault", a."Label", a."Latitude", a."Longitude", a."Street", a."UpdatedAt"
FROM "Addresses" AS a
WHERE a."Id" = @request_AddressId_Value
LIMIT 1
2026-09-24 03:56:56.693 +03:00 [INF] Executed DbCommand (1ms) [Parameters=[@storeIds={ '8b62ec41-444d-4fbb-ada7-195da81e77d8' } (DbType = Object)], CommandType='"Text"', CommandTimeout='30']
SELECT s."Id", s."Address", s."CreatedAt", s."ImageKey", s."IsActive", s."Latitude", s."Longitude", s."Name", s."Phone", s."UpdatedAt"
FROM "Stores" AS s
WHERE s."Id" = ANY (@storeIds)
2026-09-24 03:56:56.694 +03:00 [INF] HTTP POST /api/checkout/validate responded 200 in 11.8737 ms
2026-09-24 04:13:01.888 +03:00 [INF] HTTP GET /api/admin/settings/delivery responded 401 in 7.2697 ms
2026-09-24 04:14:57.217 +03:00 [INF] Executed DbCommand (4ms) [Parameters=[@request_Phone='778000000'], CommandType='"Text"', CommandTimeout='30']
SELECT u."Id", u."CreatedAt", u."Email", u."FcmToken", u."IsActive", u."PasswordHash", u."Phone", u."Role", u."UpdatedAt", c."Id", c."CreatedAt", c."FullName", c."ProfileImageKey", c."UpdatedAt", c."UserId", d."Id", d."CreatedAt", d."FullName", d."Phone", d."Status", d."UpdatedAt", d."UserId"
FROM "Users" AS u
LEFT JOIN "Customers" AS c ON u."Id" = c."UserId"
LEFT JOIN "Drivers" AS d ON u."Id" = d."UserId"
WHERE u."Phone" = @request_Phone
LIMIT 1
2026-09-24 04:14:57.220 +03:00 [ERR] HTTP POST /api/auth/login responded 500 in 97.8375 ms
BSStore.Domain.Exceptions.BusinessRuleException: رقم الهاتف أو كلمة المرور غير صحيحة.
   at BSStore.Infrastructure.Services.AuthService.LoginAsync(LoginRequest request, CancellationToken ct) in D:\MyProjects\BS_Store\backend\src\BSStore.Infrastructure\Services\AuthService.cs:line 86
   at BSStore.API.Controllers.AuthController.Login(LoginRequest request, CancellationToken ct) in D:\MyProjects\BS_Store\backend\src\BSStore.API\Controllers\AuthController.cs:line 38
   at Microsoft.AspNetCore.Mvc.Infrastructure.ActionMethodExecutor.TaskOfIActionResultExecutor.Execute(ActionContext actionContext, IActionResultTypeMapper mapper, ObjectMethodExecutor executor, Object controller, Object[] arguments)
   at Microsoft.AspNetCore.Mvc.Infrastructure.ControllerActionInvoker.<InvokeActionMethodAsync>g__Awaited|12_0(ControllerActionInvoker invoker, ValueTask`1 actionResultValueTask)
   at Microsoft.AspNetCore.Mvc.Infrastructure.ControllerActionInvoker.<InvokeNextActionFilterAsync>g__Awaited|10_0(ControllerActionInvoker invoker, Task lastTask, State next, Scope scope, Object state, Boolean isCompleted)
   at Microsoft.AspNetCore.Mvc.Infrastructure.ControllerActionInvoker.Rethrow(ActionExecutedContextSealed context)
   at Microsoft.AspNetCore.Mvc.Infrastructure.ControllerActionInvoker.Next(State& next, Scope& scope, Object& state, Boolean& isCompleted)
   at Microsoft.AspNetCore.Mvc.Infrastructure.ControllerActionInvoker.<InvokeInnerFilterAsync>g__Awaited|13_0(ControllerActionInvoker invoker, Task lastTask, State next, Scope scope, Object state, Boolean isCompleted)
   at Microsoft.AspNetCore.Mvc.Infrastructure.ResourceInvoker.<InvokeFilterPipelineAsync>g__Awaited|20_0(ResourceInvoker invoker, Task lastTask, State next, Scope scope, Object state, Boolean isCompleted)
   at Microsoft.AspNetCore.Mvc.Infrastructure.ResourceInvoker.<InvokeAsync>g__Awaited|17_0(ResourceInvoker invoker, Task task, IDisposable scope)
   at Microsoft.AspNetCore.Mvc.Infrastructure.ResourceInvoker.<InvokeAsync>g__Awaited|17_0(ResourceInvoker invoker, Task task, IDisposable scope)
   at Microsoft.AspNetCore.Authorization.AuthorizationMiddleware.Invoke(HttpContext context)
   at Microsoft.AspNetCore.Authentication.AuthenticationMiddleware.Invoke(HttpContext context)
   at Microsoft.AspNetCore.RateLimiting.RateLimitingMiddleware.InvokeInternal(HttpContext context, EnableRateLimitingAttribute enableRateLimitingAttribute)
   at Swashbuckle.AspNetCore.SwaggerUI.SwaggerUIMiddleware.Invoke(HttpContext httpContext)
   at Swashbuckle.AspNetCore.Swagger.SwaggerMiddleware.Invoke(HttpContext httpContext, ISwaggerProvider swaggerProvider)
   at Serilog.AspNetCore.RequestLoggingMiddleware.Invoke(HttpContext httpContext)
2026-09-24 04:14:57.235 +03:00 [WRN] Business exception [INVALID_CREDENTIALS]: رقم الهاتف أو كلمة المرور غير صحيحة.
2026-09-24 04:14:57.397 +03:00 [INF] HTTP GET /api/admin/settings/delivery responded 401 in 0.4203 ms
2026-09-24 04:14:57.421 +03:00 [INF] HTTP PUT /api/admin/settings/delivery responded 401 in 0.3921 ms
2026-09-24 04:15:48.034 +03:00 [INF] Executed DbCommand (3ms) [Parameters=[@request_Phone='777000000'], CommandType='"Text"', CommandTimeout='30']
SELECT u."Id", u."CreatedAt", u."Email", u."FcmToken", u."IsActive", u."PasswordHash", u."Phone", u."Role", u."UpdatedAt", c."Id", c."CreatedAt", c."FullName", c."ProfileImageKey", c."UpdatedAt", c."UserId", d."Id", d."CreatedAt", d."FullName", d."Phone", d."Status", d."UpdatedAt", d."UserId"
FROM "Users" AS u
LEFT JOIN "Customers" AS c ON u."Id" = c."UserId"
LEFT JOIN "Drivers" AS d ON u."Id" = d."UserId"
WHERE u."Phone" = @request_Phone
LIMIT 1
2026-09-24 04:15:48.559 +03:00 [INF] Executed DbCommand (4ms) [Parameters=[@p0='01a0d0fb-a7cb-7fb4-b38d-e9f7eec7a75c', @p1='2026-09-24T01:15:48.5549459Z' (DbType = DateTime), @p2='2026-10-24T01:15:48.5549238Z' (DbType = DateTime), @p3='False', @p4='8D9+PbVKiGP5lP2ZxrFuQsZDwigoH78NRrpzJurAhaE=' (Nullable = false), @p5='2026-09-24T01:15:48.5549460Z' (DbType = DateTime), @p6='4c39b4c4-f51d-4fad-a42c-d03db9ef7d62'], CommandType='"Text"', CommandTimeout='30']
INSERT INTO "RefreshTokens" ("Id", "CreatedAt", "ExpiresAt", "IsRevoked", "TokenHash", "UpdatedAt", "UserId")
VALUES (@p0, @p1, @p2, @p3, @p4, @p5, @p6);
2026-09-24 04:15:48.560 +03:00 [INF] HTTP POST /api/auth/login responded 200 in 559.5258 ms
2026-09-24 04:15:48.620 +03:00 [INF] Executed DbCommand (1ms) [Parameters=[], CommandType='"Text"', CommandTimeout='30']
SELECT d."Id", d."BaseDistanceKm", d."BaseFee", d."FreeDeliveryRadius", d."IsEnabled", d."PerKmFee", d."UpdatedAt", d."UpdatedBy"
FROM "DeliverySettings" AS d
LIMIT 1
2026-09-24 04:15:48.620 +03:00 [INF] HTTP GET /api/admin/settings/delivery responded 200 in 2.8770 ms
2026-09-24 04:15:48.650 +03:00 [INF] Executed DbCommand (1ms) [Parameters=[], CommandType='"Text"', CommandTimeout='30']
SELECT d."Id", d."BaseDistanceKm", d."BaseFee", d."FreeDeliveryRadius", d."IsEnabled", d."PerKmFee", d."UpdatedAt", d."UpdatedBy"
FROM "DeliverySettings" AS d
LIMIT 1
2026-09-24 04:15:48.657 +03:00 [INF] Executed DbCommand (6ms) [Parameters=[@p3='1', @p0='0', @p1='2026-09-24T01:15:48.6511687Z' (DbType = DateTime), @p2='4c39b4c4-f51d-4fad-a42c-d03db9ef7d62' (Nullable = true)], CommandType='"Text"', CommandTimeout='30']
UPDATE "DeliverySettings" SET "FreeDeliveryRadius" = @p0, "UpdatedAt" = @p1, "UpdatedBy" = @p2
WHERE "Id" = @p3;
2026-09-24 04:15:48.660 +03:00 [INF] HTTP PUT /api/admin/settings/delivery responded 200 in 25.1009 ms
2026-09-24 04:16:46.590 +03:00 [INF] Executed DbCommand (1ms) [Parameters=[@request_Phone='779266659'], CommandType='"Text"', CommandTimeout='30']
SELECT EXISTS (
    SELECT 1
    FROM "Users" AS u
    WHERE u."Phone" = @request_Phone)
2026-09-24 04:16:46.987 +03:00 [INF] Executed DbCommand (3ms) [Parameters=[@p0='01a0d0fc-8c07-768b-8db1-f2243dd85b58', @p1='2026-09-24T01:16:46.9835890Z' (DbType = DateTime), @p2=NULL, @p3=NULL, @p4='True', @p5='$2a$12$wKV0/Jb2YrCnfc2MhPxrMuicH834YJ6/dFZf2oo7CnZ2HXtXxUhmS' (Nullable = false), @p6='779266659' (Nullable = false), @p7='Customer' (Nullable = false), @p8='2026-09-24T01:16:46.9835893Z' (DbType = DateTime), @p9='01a0d0fc-8c08-717e-912a-8ec222c3e25b', @p10='2026-09-24T01:16:46.9839754Z' (DbType = DateTime), @p11='E2E Customer Test' (Nullable = false), @p12=NULL, @p13='2026-09-24T01:16:46.9839754Z' (DbType = DateTime), @p14='01a0d0fc-8c07-768b-8db1-f2243dd85b58', @p15='01a0d0fc-8c08-7cd0-a96b-0c79be856ff8', @p16='Tower 4', @p17='Sanaa' (Nullable = false), @p18='2026-09-24T01:16:46.9841213Z' (DbType = DateTime), @p19='01a0d0fc-8c08-717e-912a-8ec222c3e25b', @p20=NULL, @p21='Hadda' (Nullable = false), @p22='True', @p23='Home' (Nullable = false), @p24='15.334', @p25='44.185', @p26='Zero Street' (Nullable = false), @p27='2026-09-24T01:16:46.9841214Z' (DbType = DateTime), @p28='01a0d0fc-8c08-7294-ac0e-67bf10072ea8', @p29='2026-09-24T01:16:46.9844351Z' (DbType = DateTime), @p30='01a0d0fc-8c08-717e-912a-8ec222c3e25b', @p31='2026-09-24T01:16:46.9844352Z' (DbType = DateTime)], CommandType='"Text"', CommandTimeout='30']
INSERT INTO "Users" ("Id", "CreatedAt", "Email", "FcmToken", "IsActive", "PasswordHash", "Phone", "Role", "UpdatedAt")
VALUES (@p0, @p1, @p2, @p3, @p4, @p5, @p6, @p7, @p8);
INSERT INTO "Customers" ("Id", "CreatedAt", "FullName", "ProfileImageKey", "UpdatedAt", "UserId")
VALUES (@p9, @p10, @p11, @p12, @p13, @p14);
INSERT INTO "Addresses" ("Id", "Building", "City", "CreatedAt", "CustomerId", "Description", "District", "IsDefault", "Label", "Latitude", "Longitude", "Street", "UpdatedAt")
VALUES (@p15, @p16, @p17, @p18, @p19, @p20, @p21, @p22, @p23, @p24, @p25, @p26, @p27);
INSERT INTO "Carts" ("Id", "CreatedAt", "CustomerId", "UpdatedAt")
VALUES (@p28, @p29, @p30, @p31);
2026-09-24 04:16:46.994 +03:00 [INF] Executed DbCommand (2ms) [Parameters=[@p0='01a0d0fc-8c0f-788f-96ee-af95b5200bed', @p1='2026-09-24T01:16:46.9914046Z' (DbType = DateTime), @p2='2026-10-24T01:16:46.9913821Z' (DbType = DateTime), @p3='False', @p4='LgFZt67rg+InpZNQ4xJvIUm7hznY1C3nKnZ5LpMAzcE=' (Nullable = false), @p5='2026-09-24T01:16:46.9914047Z' (DbType = DateTime), @p6='01a0d0fc-8c07-768b-8db1-f2243dd85b58'], CommandType='"Text"', CommandTimeout='30']
INSERT INTO "RefreshTokens" ("Id", "CreatedAt", "ExpiresAt", "IsRevoked", "TokenHash", "UpdatedAt", "UserId")
VALUES (@p0, @p1, @p2, @p3, @p4, @p5, @p6);
2026-09-24 04:16:46.994 +03:00 [INF] HTTP POST /api/auth/register responded 200 in 406.9590 ms
2026-09-24 04:16:47.020 +03:00 [INF] Executed DbCommand (2ms) [Parameters=[@userId='01a0d0fc-8c07-768b-8db1-f2243dd85b58'], CommandType='"Text"', CommandTimeout='30']
SELECT c0."Id", c0."CreatedAt", c0."FullName", c0."ProfileImageKey", c0."UpdatedAt", c0."UserId", a."Id", a."Building", a."City", a."CreatedAt", a."CustomerId", a."Description", a."District", a."IsDefault", a."Label", a."Latitude", a."Longitude", a."Street", a."UpdatedAt"
FROM (
    SELECT c."Id", c."CreatedAt", c."FullName", c."ProfileImageKey", c."UpdatedAt", c."UserId"
    FROM "Customers" AS c
    WHERE c."UserId" = @userId
    LIMIT 1
) AS c0
LEFT JOIN "Addresses" AS a ON c0."Id" = a."CustomerId"
ORDER BY c0."Id"
2026-09-24 04:16:47.022 +03:00 [INF] HTTP GET /api/customers/addresses responded 200 in 5.3492 ms
2026-09-24 04:16:47.031 +03:00 [INF] Executed DbCommand (1ms) [Parameters=[@userId='01a0d0fc-8c07-768b-8db1-f2243dd85b58'], CommandType='"Text"', CommandTimeout='30']
SELECT c0."Id", c0."CreatedAt", c0."FullName", c0."ProfileImageKey", c0."UpdatedAt", c0."UserId", a."Id", a."Building", a."City", a."CreatedAt", a."CustomerId", a."Description", a."District", a."IsDefault", a."Label", a."Latitude", a."Longitude", a."Street", a."UpdatedAt"
FROM (
    SELECT c."Id", c."CreatedAt", c."FullName", c."ProfileImageKey", c."UpdatedAt", c."UserId"
    FROM "Customers" AS c
    WHERE c."UserId" = @userId
    LIMIT 1
) AS c0
LEFT JOIN "Addresses" AS a ON c0."Id" = a."CustomerId"
ORDER BY c0."Id"
2026-09-24 04:16:47.035 +03:00 [INF] Executed DbCommand (2ms) [Parameters=[@p0='01a0d0fc-8c38-75aa-a2c5-7dce3cfee1fc', @p1=NULL, @p2='Sanaa' (Nullable = false), @p3='2026-09-24T01:16:47.0323911Z' (DbType = DateTime), @p4='01a0d0fc-8c08-717e-912a-8ec222c3e25b', @p5=NULL, @p6='Sixtieth West' (Nullable = false), @p7='False', @p8='Work' (Nullable = false), @p9='15.3785', @p10='44.185', @p11='Near CityMax' (Nullable = false), @p12='2026-09-24T01:16:47.0323912Z' (DbType = DateTime)], CommandType='"Text"', CommandTimeout='30']
INSERT INTO "Addresses" ("Id", "Building", "City", "CreatedAt", "CustomerId", "Description", "District", "IsDefault", "Label", "Latitude", "Longitude", "Street", "UpdatedAt")
VALUES (@p0, @p1, @p2, @p3, @p4, @p5, @p6, @p7, @p8, @p9, @p10, @p11, @p12);
2026-09-24 04:16:47.036 +03:00 [INF] HTTP POST /api/customers/addresses responded 200 in 7.2992 ms
2026-09-24 04:16:47.083 +03:00 [INF] Executed DbCommand (2ms) [Parameters=[], CommandType='"Text"', CommandTimeout='30']
SELECT count(*)::int
FROM "Products" AS p
WHERE NOT (p."IsDeleted") AND p."IsActive"
2026-09-24 04:16:47.144 +03:00 [INF] Executed DbCommand (5ms) [Parameters=[@p0='1', @p='0'], CommandType='"Text"', CommandTimeout='30']
SELECT p0."Id", p0."Name", p0."Description", p0."CategoryId", c."Name", p0."StoreId", s."Name", p0."SourceType", p0."SellingPrice", i."Quantity", p0."IsActive", c."Id", s."Id", i."Id", p1."ImageKey", p1."Id"
FROM (
    SELECT p."Id", p."CategoryId", p."CreatedAt", p."Description", p."IsActive", p."Name", p."SellingPrice", p."SourceType", p."StoreId"
    FROM "Products" AS p
    WHERE NOT (p."IsDeleted") AND p."IsActive"
    ORDER BY p."CreatedAt" DESC
    LIMIT @p0 OFFSET @p
) AS p0
INNER JOIN "Categories" AS c ON p0."CategoryId" = c."Id"
INNER JOIN "Stores" AS s ON p0."StoreId" = s."Id"
LEFT JOIN "Inventories" AS i ON p0."Id" = i."ProductId"
LEFT JOIN "ProductImages" AS p1 ON p0."Id" = p1."ProductId"
ORDER BY p0."CreatedAt" DESC, p0."Id", c."Id", s."Id", i."Id", p1."SortOrder"
2026-09-24 04:16:47.180 +03:00 [INF] HTTP GET /api/products responded 200 in 139.0348 ms
2026-09-24 04:16:47.218 +03:00 [INF] Executed DbCommand (1ms) [Parameters=[@request_ProductId='3ea94399-bbe3-4265-8ac7-6d8dc59dd62d'], CommandType='"Text"', CommandTimeout='30']
SELECT p."Id", p."CategoryId", p."CreatedAt", p."Description", p."ExpectedPurchasePrice", p."IsActive", p."IsDeleted", p."Name", p."SellingPrice", p."SourceType", p."StoreId", p."UpdatedAt"
FROM "Products" AS p
WHERE NOT (p."IsDeleted") AND p."Id" = @request_ProductId AND p."IsActive"
LIMIT 1
2026-09-24 04:16:47.284 +03:00 [INF] Executed DbCommand (4ms) [Parameters=[@userId='01a0d0fc-8c07-768b-8db1-f2243dd85b58'], CommandType='"Text"', CommandTimeout='30']
SELECT s0."Id", s0."CreatedAt", s0."FullName", s0."ProfileImageKey", s0."UpdatedAt", s0."UserId", s0."Id0", s0."CreatedAt0", s0."CustomerId", s0."UpdatedAt0", s1."Id", s1."AddedAt", s1."CartId", s1."CreatedAt", s1."Notes", s1."ProductId", s1."Quantity", s1."UpdatedAt", s1."Id0", s1."CategoryId", s1."CreatedAt0", s1."Description", s1."ExpectedPurchasePrice", s1."IsActive", s1."IsDeleted", s1."Name", s1."SellingPrice", s1."SourceType", s1."StoreId", s1."UpdatedAt0", s1."Id1", s1."Address", s1."CreatedAt1", s1."ImageKey", s1."IsActive0", s1."Latitude", s1."Longitude", s1."Name0", s1."Phone", s1."UpdatedAt1"
FROM (
    SELECT c."Id", c."CreatedAt", c."FullName", c."ProfileImageKey", c."UpdatedAt", c."UserId", c0."Id" AS "Id0", c0."CreatedAt" AS "CreatedAt0", c0."CustomerId", c0."UpdatedAt" AS "UpdatedAt0"
    FROM "Customers" AS c
    LEFT JOIN "Carts" AS c0 ON c."Id" = c0."CustomerId"
    WHERE c."UserId" = @userId
    LIMIT 1
) AS s0
LEFT JOIN (
    SELECT c1."Id", c1."AddedAt", c1."CartId", c1."CreatedAt", c1."Notes", c1."ProductId", c1."Quantity", c1."UpdatedAt", p0."Id" AS "Id0", p0."CategoryId", p0."CreatedAt" AS "CreatedAt0", p0."Description", p0."ExpectedPurchasePrice", p0."IsActive", p0."IsDeleted", p0."Name", p0."SellingPrice", p0."SourceType", p0."StoreId", p0."UpdatedAt" AS "UpdatedAt0", s."Id" AS "Id1", s."Address", s."CreatedAt" AS "CreatedAt1", s."ImageKey", s."IsActive" AS "IsActive0", s."Latitude", s."Longitude", s."Name" AS "Name0", s."Phone", s."UpdatedAt" AS "UpdatedAt1"
    FROM "CartItems" AS c1
    INNER JOIN (
        SELECT p."Id", p."CategoryId", p."CreatedAt", p."Description", p."ExpectedPurchasePrice", p."IsActive", p."IsDeleted", p."Name", p."SellingPrice", p."SourceType", p."StoreId", p."UpdatedAt"
        FROM "Products" AS p
        WHERE NOT (p."IsDeleted")
    ) AS p0 ON c1."ProductId" = p0."Id"
    INNER JOIN "Stores" AS s ON p0."StoreId" = s."Id"
) AS s1 ON s0."Id0" = s1."CartId"
ORDER BY s0."Id", s0."Id0", s1."Id", s1."Id0"
2026-09-24 04:16:47.348 +03:00 [INF] Executed DbCommand (3ms) [Parameters=[@p0='01a0d0fc-8d48-709c-b0d7-24b1b03b8e0d', @p1='2026-09-24T01:16:47.2978840Z' (DbType = DateTime), @p2='01a0d0fc-8c08-7294-ac0e-67bf10072ea8', @p3='2026-09-24T01:16:47.2978846Z' (DbType = DateTime), @p4=NULL, @p5='3ea94399-bbe3-4265-8ac7-6d8dc59dd62d', @p6='1', @p7='2026-09-24T01:16:47.2978847Z' (DbType = DateTime)], CommandType='"Text"', CommandTimeout='30']
INSERT INTO "CartItems" ("Id", "AddedAt", "CartId", "CreatedAt", "Notes", "ProductId", "Quantity", "UpdatedAt")
VALUES (@p0, @p1, @p2, @p3, @p4, @p5, @p6, @p7);
2026-09-24 04:16:47.353 +03:00 [INF] Executed DbCommand (2ms) [Parameters=[@userId='01a0d0fc-8c07-768b-8db1-f2243dd85b58'], CommandType='"Text"', CommandTimeout='30']
SELECT s0."Id", s0."CreatedAt", s0."FullName", s0."ProfileImageKey", s0."UpdatedAt", s0."UserId", s0."Id0", s0."CreatedAt0", s0."CustomerId", s0."UpdatedAt0", s1."Id", s1."AddedAt", s1."CartId", s1."CreatedAt", s1."Notes", s1."ProductId", s1."Quantity", s1."UpdatedAt", s1."Id0", s1."CategoryId", s1."CreatedAt0", s1."Description", s1."ExpectedPurchasePrice", s1."IsActive", s1."IsDeleted", s1."Name", s1."SellingPrice", s1."SourceType", s1."StoreId", s1."UpdatedAt0", s1."Id1", s1."Address", s1."CreatedAt1", s1."ImageKey", s1."IsActive0", s1."Latitude", s1."Longitude", s1."Name0", s1."Phone", s1."UpdatedAt1"
FROM (
    SELECT c."Id", c."CreatedAt", c."FullName", c."ProfileImageKey", c."UpdatedAt", c."UserId", c0."Id" AS "Id0", c0."CreatedAt" AS "CreatedAt0", c0."CustomerId", c0."UpdatedAt" AS "UpdatedAt0"
    FROM "Customers" AS c
    LEFT JOIN "Carts" AS c0 ON c."Id" = c0."CustomerId"
    WHERE c."UserId" = @userId
    LIMIT 1
) AS s0
LEFT JOIN (
    SELECT c1."Id", c1."AddedAt", c1."CartId", c1."CreatedAt", c1."Notes", c1."ProductId", c1."Quantity", c1."UpdatedAt", p0."Id" AS "Id0", p0."CategoryId", p0."CreatedAt" AS "CreatedAt0", p0."Description", p0."ExpectedPurchasePrice", p0."IsActive", p0."IsDeleted", p0."Name", p0."SellingPrice", p0."SourceType", p0."StoreId", p0."UpdatedAt" AS "UpdatedAt0", s."Id" AS "Id1", s."Address", s."CreatedAt" AS "CreatedAt1", s."ImageKey", s."IsActive" AS "IsActive0", s."Latitude", s."Longitude", s."Name" AS "Name0", s."Phone", s."UpdatedAt" AS "UpdatedAt1"
    FROM "CartItems" AS c1
    INNER JOIN (
        SELECT p."Id", p."CategoryId", p."CreatedAt", p."Description", p."ExpectedPurchasePrice", p."IsActive", p."IsDeleted", p."Name", p."SellingPrice", p."SourceType", p."StoreId", p."UpdatedAt"
        FROM "Products" AS p
        WHERE NOT (p."IsDeleted")
    ) AS p0 ON c1."ProductId" = p0."Id"
    INNER JOIN "Stores" AS s ON p0."StoreId" = s."Id"
) AS s1 ON s0."Id0" = s1."CartId"
ORDER BY s0."Id", s0."Id0", s1."Id", s1."Id0"
2026-09-24 04:16:47.364 +03:00 [INF] HTTP POST /api/cart/items responded 200 in 178.3336 ms
2026-09-24 04:16:47.371 +03:00 [INF] Executed DbCommand (1ms) [Parameters=[@productIds={ '3ea94399-bbe3-4265-8ac7-6d8dc59dd62d' } (DbType = Object)], CommandType='"Text"', CommandTimeout='30']
SELECT p."Id", p."CategoryId", p."CreatedAt", p."Description", p."ExpectedPurchasePrice", p."IsActive", p."IsDeleted", p."Name", p."SellingPrice", p."SourceType", p."StoreId", p."UpdatedAt", i."Id", i."CreatedAt", i."ProductId", i."Quantity", i."UpdatedAt"
FROM "Products" AS p
LEFT JOIN "Inventories" AS i ON p."Id" = i."ProductId"
WHERE NOT (p."IsDeleted") AND p."Id" = ANY (@productIds)
2026-09-24 04:16:47.372 +03:00 [INF] Executed DbCommand (1ms) [Parameters=[], CommandType='"Text"', CommandTimeout='30']
SELECT d."Id", d."BaseDistanceKm", d."BaseFee", d."FreeDeliveryRadius", d."IsEnabled", d."PerKmFee", d."UpdatedAt", d."UpdatedBy"
FROM "DeliverySettings" AS d
LIMIT 1
2026-09-24 04:16:47.374 +03:00 [INF] Executed DbCommand (1ms) [Parameters=[], CommandType='"Text"', CommandTimeout='30']
SELECT p."Id", p."CashOnDeliveryLimit", p."TransferAccountName", p."TransferAccountNumber", p."TransferBankName", p."UpdatedAt"
FROM "PaymentSettings" AS p
LIMIT 1
2026-09-24 04:16:47.376 +03:00 [INF] Executed DbCommand (1ms) [Parameters=[@request_AddressId_Value='01a0d0fc-8c08-7cd0-a96b-0c79be856ff8'], CommandType='"Text"', CommandTimeout='30']
SELECT a."Id", a."Building", a."City", a."CreatedAt", a."CustomerId", a."Description", a."District", a."IsDefault", a."Label", a."Latitude", a."Longitude", a."Street", a."UpdatedAt"
FROM "Addresses" AS a
WHERE a."Id" = @request_AddressId_Value
LIMIT 1
2026-09-24 04:16:47.377 +03:00 [INF] Executed DbCommand (1ms) [Parameters=[@storeIds={ '4695f5c4-79ea-4796-9a83-293acb9f35b8' } (DbType = Object)], CommandType='"Text"', CommandTimeout='30']
SELECT s."Id", s."Address", s."CreatedAt", s."ImageKey", s."IsActive", s."Latitude", s."Longitude", s."Name", s."Phone", s."UpdatedAt"
FROM "Stores" AS s
WHERE s."Id" = ANY (@storeIds)
2026-09-24 04:16:47.378 +03:00 [INF] HTTP POST /api/checkout/validate responded 200 in 10.0960 ms
2026-09-24 04:16:47.385 +03:00 [INF] Executed DbCommand (1ms) [Parameters=[@productIds={ '3ea94399-bbe3-4265-8ac7-6d8dc59dd62d' } (DbType = Object)], CommandType='"Text"', CommandTimeout='30']
SELECT p."Id", p."CategoryId", p."CreatedAt", p."Description", p."ExpectedPurchasePrice", p."IsActive", p."IsDeleted", p."Name", p."SellingPrice", p."SourceType", p."StoreId", p."UpdatedAt", i."Id", i."CreatedAt", i."ProductId", i."Quantity", i."UpdatedAt"
FROM "Products" AS p
LEFT JOIN "Inventories" AS i ON p."Id" = i."ProductId"
WHERE NOT (p."IsDeleted") AND p."Id" = ANY (@productIds)
2026-09-24 04:16:47.386 +03:00 [INF] Executed DbCommand (1ms) [Parameters=[], CommandType='"Text"', CommandTimeout='30']
SELECT d."Id", d."BaseDistanceKm", d."BaseFee", d."FreeDeliveryRadius", d."IsEnabled", d."PerKmFee", d."UpdatedAt", d."UpdatedBy"
FROM "DeliverySettings" AS d
LIMIT 1
2026-09-24 04:16:47.387 +03:00 [INF] Executed DbCommand (1ms) [Parameters=[], CommandType='"Text"', CommandTimeout='30']
SELECT p."Id", p."CashOnDeliveryLimit", p."TransferAccountName", p."TransferAccountNumber", p."TransferBankName", p."UpdatedAt"
FROM "PaymentSettings" AS p
LIMIT 1
2026-09-24 04:16:47.389 +03:00 [INF] Executed DbCommand (1ms) [Parameters=[@request_AddressId_Value='01a0d0fc-8c38-75aa-a2c5-7dce3cfee1fc'], CommandType='"Text"', CommandTimeout='30']
SELECT a."Id", a."Building", a."City", a."CreatedAt", a."CustomerId", a."Description", a."District", a."IsDefault", a."Label", a."Latitude", a."Longitude", a."Street", a."UpdatedAt"
FROM "Addresses" AS a
WHERE a."Id" = @request_AddressId_Value
LIMIT 1
2026-09-24 04:16:47.391 +03:00 [INF] Executed DbCommand (1ms) [Parameters=[@storeIds={ '4695f5c4-79ea-4796-9a83-293acb9f35b8' } (DbType = Object)], CommandType='"Text"', CommandTimeout='30']
SELECT s."Id", s."Address", s."CreatedAt", s."ImageKey", s."IsActive", s."Latitude", s."Longitude", s."Name", s."Phone", s."UpdatedAt"
FROM "Stores" AS s
WHERE s."Id" = ANY (@storeIds)
2026-09-24 04:16:47.391 +03:00 [INF] HTTP POST /api/checkout/validate responded 200 in 9.3845 ms
2026-09-24 04:16:47.445 +03:00 [WRN] Compiling a query which loads related collections for more than one collection navigation, either via 'Include' or through projection, but no 'QuerySplittingBehavior' has been configured. By default, Entity Framework will use 'QuerySplittingBehavior.SingleQuery', which can potentially result in slow query performance. See https://go.microsoft.com/fwlink/?linkid=2134277 for more information. To identify the query that's triggering this warning call 'ConfigureWarnings(w => w.Throw(RelationalEventId.MultipleCollectionIncludeWarning))'.
2026-09-24 04:16:47.494 +03:00 [INF] Executed DbCommand (3ms) [Parameters=[@userId='01a0d0fc-8c07-768b-8db1-f2243dd85b58'], CommandType='"Text"', CommandTimeout='30']
SELECT s0."Id", s0."CreatedAt", s0."FullName", s0."ProfileImageKey", s0."UpdatedAt", s0."UserId", s0."Id0", a."Id", a."Building", a."City", a."CreatedAt", a."CustomerId", a."Description", a."District", a."IsDefault", a."Label", a."Latitude", a."Longitude", a."Street", a."UpdatedAt", s0."CreatedAt0", s0."CustomerId", s0."UpdatedAt0", s1."Id", s1."AddedAt", s1."CartId", s1."CreatedAt", s1."Notes", s1."ProductId", s1."Quantity", s1."UpdatedAt", s1."Id0", s1."CategoryId", s1."CreatedAt0", s1."Description", s1."ExpectedPurchasePrice", s1."IsActive", s1."IsDeleted", s1."Name", s1."SellingPrice", s1."SourceType", s1."StoreId", s1."UpdatedAt0", s1."Id1", s1."Address", s1."CreatedAt1", s1."ImageKey", s1."IsActive0", s1."Latitude", s1."Longitude", s1."Name0", s1."Phone", s1."UpdatedAt1", s1."Id2", s1."CreatedAt2", s1."ProductId0", s1."Quantity0", s1."UpdatedAt2"
FROM (
    SELECT c."Id", c."CreatedAt", c."FullName", c."ProfileImageKey", c."UpdatedAt", c."UserId", c0."Id" AS "Id0", c0."CreatedAt" AS "CreatedAt0", c0."CustomerId", c0."UpdatedAt" AS "UpdatedAt0"
    FROM "Customers" AS c
    LEFT JOIN "Carts" AS c0 ON c."Id" = c0."CustomerId"
    WHERE c."UserId" = @userId
    LIMIT 1
) AS s0
LEFT JOIN "Addresses" AS a ON s0."Id" = a."CustomerId"
LEFT JOIN (
    SELECT c1."Id", c1."AddedAt", c1."CartId", c1."CreatedAt", c1."Notes", c1."ProductId", c1."Quantity", c1."UpdatedAt", p0."Id" AS "Id0", p0."CategoryId", p0."CreatedAt" AS "CreatedAt0", p0."Description", p0."ExpectedPurchasePrice", p0."IsActive", p0."IsDeleted", p0."Name", p0."SellingPrice", p0."SourceType", p0."StoreId", p0."UpdatedAt" AS "UpdatedAt0", s."Id" AS "Id1", s."Address", s."CreatedAt" AS "CreatedAt1", s."ImageKey", s."IsActive" AS "IsActive0", s."Latitude", s."Longitude", s."Name" AS "Name0", s."Phone", s."UpdatedAt" AS "UpdatedAt1", i."Id" AS "Id2", i."CreatedAt" AS "CreatedAt2", i."ProductId" AS "ProductId0", i."Quantity" AS "Quantity0", i."UpdatedAt" AS "UpdatedAt2"
    FROM "CartItems" AS c1
    INNER JOIN (
        SELECT p."Id", p."CategoryId", p."CreatedAt", p."Description", p."ExpectedPurchasePrice", p."IsActive", p."IsDeleted", p."Name", p."SellingPrice", p."SourceType", p."StoreId", p."UpdatedAt"
        FROM "Products" AS p
        WHERE NOT (p."IsDeleted")
    ) AS p0 ON c1."ProductId" = p0."Id"
    INNER JOIN "Stores" AS s ON p0."StoreId" = s."Id"
    LEFT JOIN "Inventories" AS i ON p0."Id" = i."ProductId"
) AS s1 ON s0."Id0" = s1."CartId"
ORDER BY s0."Id", s0."Id0", a."Id", s1."Id", s1."Id0", s1."Id1"
2026-09-24 04:16:47.534 +03:00 [WRN] Compiling a query which loads related collections for more than one collection navigation, either via 'Include' or through projection, but no 'QuerySplittingBehavior' has been configured. By default, Entity Framework will use 'QuerySplittingBehavior.SingleQuery', which can potentially result in slow query performance. See https://go.microsoft.com/fwlink/?linkid=2134277 for more information. To identify the query that's triggering this warning call 'ConfigureWarnings(w => w.Throw(RelationalEventId.MultipleCollectionIncludeWarning))'.
2026-09-24 04:16:47.592 +03:00 [INF] Executed DbCommand (5ms) [Parameters=[@request_IdempotencyKey='E2E-TEST-1790212607393'], CommandType='"Text"', CommandTimeout='30']
SELECT s1."Id", s1."AddressId", s1."CreatedAt", s1."CustomerId", s1."DeliveryFee", s1."Discount", s1."DriverId", s1."IdempotencyKey", s1."Notes", s1."OrderNumber", s1."PaymentMethod", s1."PaymentStatus", s1."Status", s1."SubTotal", s1."TotalAmount", s1."UpdatedAt", s1."Id0", s2."Id", s2."ActualPurchaseCost", s2."CreatedAt", s2."ExpectedPurchaseCost", s2."Notes", s2."OrderId", s2."Status", s2."StoreId", s2."SubTotal", s2."UpdatedAt", s2."Id0", s2."Id1", s2."ActualPurchasePrice", s2."CreatedAt0", s2."ExpectedProfitSnapshot", s2."ExpectedPurchasePriceSnapshot", s2."ProductId", s2."ProductNameSnapshot", s2."Quantity", s2."SellingPriceSnapshot", s2."SubOrderId", s2."TotalSellingPrice", s2."UpdatedAt0", s2."Address", s2."CreatedAt1", s2."ImageKey", s2."IsActive", s2."Latitude", s2."Longitude", s2."Name", s2."Phone", s2."UpdatedAt1", s1."Building", s1."City", s1."CreatedAt0", s1."CustomerId0", s1."Description", s1."District", s1."IsDefault", s1."Label", s1."Latitude", s1."Longitude", s1."Street", s1."UpdatedAt0"
FROM (
    SELECT o."Id", o."AddressId", o."CreatedAt", o."CustomerId", o."DeliveryFee", o."Discount", o."DriverId", o."IdempotencyKey", o."Notes", o."OrderNumber", o."PaymentMethod", o."PaymentStatus", o."Status", o."SubTotal", o."TotalAmount", o."UpdatedAt", a."Id" AS "Id0", a."Building", a."City", a."CreatedAt" AS "CreatedAt0", a."CustomerId" AS "CustomerId0", a."Description", a."District", a."IsDefault", a."Label", a."Latitude", a."Longitude", a."Street", a."UpdatedAt" AS "UpdatedAt0"
    FROM "Orders" AS o
    INNER JOIN "Addresses" AS a ON o."AddressId" = a."Id"
    WHERE o."IdempotencyKey" = @request_IdempotencyKey
    LIMIT 1
) AS s1
LEFT JOIN (
    SELECT s."Id", s."ActualPurchaseCost", s."CreatedAt", s."ExpectedPurchaseCost", s."Notes", s."OrderId", s."Status", s."StoreId", s."SubTotal", s."UpdatedAt", s0."Id" AS "Id0", o0."Id" AS "Id1", o0."ActualPurchasePrice", o0."CreatedAt" AS "CreatedAt0", o0."ExpectedProfitSnapshot", o0."ExpectedPurchasePriceSnapshot", o0."ProductId", o0."ProductNameSnapshot", o0."Quantity", o0."SellingPriceSnapshot", o0."SubOrderId", o0."TotalSellingPrice", o0."UpdatedAt" AS "UpdatedAt0", s0."Address", s0."CreatedAt" AS "CreatedAt1", s0."ImageKey", s0."IsActive", s0."Latitude", s0."Longitude", s0."Name", s0."Phone", s0."UpdatedAt" AS "UpdatedAt1"
    FROM "SubOrders" AS s
    INNER JOIN "Stores" AS s0 ON s."StoreId" = s0."Id"
    LEFT JOIN "OrderItems" AS o0 ON s."Id" = o0."SubOrderId"
) AS s2 ON s1."Id" = s2."OrderId"
ORDER BY s1."Id", s1."Id0", s2."Id", s2."Id0"
2026-09-24 04:16:47.595 +03:00 [INF] Executed DbCommand (1ms) [Parameters=[], CommandType='"Text"', CommandTimeout='30']
SELECT d."Id", d."BaseDistanceKm", d."BaseFee", d."FreeDeliveryRadius", d."IsEnabled", d."PerKmFee", d."UpdatedAt", d."UpdatedBy"
FROM "DeliverySettings" AS d
LIMIT 1
2026-09-24 04:16:47.596 +03:00 [INF] Executed DbCommand (1ms) [Parameters=[], CommandType='"Text"', CommandTimeout='30']
SELECT p."Id", p."CashOnDeliveryLimit", p."TransferAccountName", p."TransferAccountNumber", p."TransferBankName", p."UpdatedAt"
FROM "PaymentSettings" AS p
LIMIT 1
2026-09-24 04:16:47.614 +03:00 [INF] Executed DbCommand (1ms) [Parameters=[@distinctStoreIds={ '4695f5c4-79ea-4796-9a83-293acb9f35b8' } (DbType = Object)], CommandType='"Text"', CommandTimeout='30']
SELECT s."Id", s."Address", s."CreatedAt", s."ImageKey", s."IsActive", s."Latitude", s."Longitude", s."Name", s."Phone", s."UpdatedAt"
FROM "Stores" AS s
WHERE s."Id" = ANY (@distinctStoreIds)
2026-09-24 04:16:47.937 +03:00 [INF] Executed DbCommand (6ms) [Parameters=[@p0='01a0d0fc-8d48-709c-b0d7-24b1b03b8e0d', @p1='01a0d0fc-8eb0-7b82-bb51-2b5417d6d523', @p2='01a0d0fc-8c38-75aa-a2c5-7dce3cfee1fc', @p3='2026-09-24T01:16:47.6159583Z' (DbType = DateTime), @p4='01a0d0fc-8c08-717e-912a-8ec222c3e25b', @p5='650', @p6='0', @p7=NULL (DbType = Guid), @p8='E2E-TEST-1790212607393', @p9='E2E distance pricing test', @p10='BS-20260924-3265' (Nullable = false), @p11='CashOnDelivery' (Nullable = false), @p12='Pending' (Nullable = false), @p13='Confirmed' (Nullable = false), @p14='1600.00', @p15='2250.00', @p16='2026-09-24T01:16:47.6159586Z' (DbType = DateTime), @p17='01a0d0fc-8f61-749b-af18-124a036e1d3b', @p18='01a0d0fc-8c07-768b-8db1-f2243dd85b58' (Nullable = true), @p19='Customer' (Nullable = false), @p20='2026-09-24T01:16:47.7968540Z' (DbType = DateTime), @p21='2', @p22='0', @p23='01a0d0fc-8eb0-7b82-bb51-2b5417d6d523', @p24='إنشاء الطلب', @p25='2026-09-24T01:16:47.7968545Z' (DbType = DateTime), @p26='01a0d0fc-8e8b-7ff7-861f-a42a305907b0', @p27='2250.00', @p28='2026-09-24T01:16:47.6180101Z' (DbType = DateTime), @p29='CashOnDelivery' (Nullable = false), @p30='01a0d0fc-8eb0-7b82-bb51-2b5417d6d523', @p31=NULL, @p32='Pending' (Nullable = false), @p33='2026-09-24T01:16:47.6180106Z' (DbType = DateTime), @p34=NULL (DbType = DateTime), @p35=NULL (DbType = Guid), @p36='01a0d0fc-8ef3-7ab5-b0f0-76b59f454608', @p37=NULL (DbType = Decimal), @p38='2026-09-24T01:16:47.6070196Z' (DbType = DateTime), @p39='1200.00', @p40=NULL, @p41='01a0d0fc-8eb0-7b82-bb51-2b5417d6d523', @p42='Confirmed' (Nullable = false), @p43='4695f5c4-79ea-4796-9a83-293acb9f35b8', @p44='1600.00', @p45='2026-09-24T01:16:47.6070197Z' (DbType = DateTime), @p46='01a0d0fc-8f1e-7710-b7b5-a3f3c1ebb7e7', @p47=NULL (DbType = Decimal), @p48='2026-09-24T01:16:47.6063004Z' (DbType = DateTime), @p49='400.00', @p50='1200.00', @p51='3ea94399-bbe3-4265-8ac7-6d8dc59dd62d' (Nullable = true), @p52='فيتامين سي 1000 ملغ فوار' (Nullable = false), @p53='1', @p54='1600.00', @p55='01a0d0fc-8ef3-7ab5-b0f0-76b59f454608', @p56='1600.00', @p57='2026-09-24T01:16:47.6063008Z' (DbType = DateTime)], CommandType='"Text"', CommandTimeout='30']
DELETE FROM "CartItems"
WHERE "Id" = @p0;
INSERT INTO "Orders" ("Id", "AddressId", "CreatedAt", "CustomerId", "DeliveryFee", "Discount", "DriverId", "IdempotencyKey", "Notes", "OrderNumber", "PaymentMethod", "PaymentStatus", "Status", "SubTotal", "TotalAmount", "UpdatedAt")
VALUES (@p1, @p2, @p3, @p4, @p5, @p6, @p7, @p8, @p9, @p10, @p11, @p12, @p13, @p14, @p15, @p16);
INSERT INTO "OrderStatusHistories" ("Id", "ActorId", "ActorType", "CreatedAt", "NewStatus", "OldStatus", "OrderId", "Reason", "UpdatedAt")
VALUES (@p17, @p18, @p19, @p20, @p21, @p22, @p23, @p24, @p25);
INSERT INTO "Payments" ("Id", "Amount", "CreatedAt", "Method", "OrderId", "RejectionReason", "Status", "UpdatedAt", "VerifiedAt", "VerifiedBy")
VALUES (@p26, @p27, @p28, @p29, @p30, @p31, @p32, @p33, @p34, @p35);
INSERT INTO "SubOrders" ("Id", "ActualPurchaseCost", "CreatedAt", "ExpectedPurchaseCost", "Notes", "OrderId", "Status", "StoreId", "SubTotal", "UpdatedAt")
VALUES (@p36, @p37, @p38, @p39, @p40, @p41, @p42, @p43, @p44, @p45);
INSERT INTO "OrderItems" ("Id", "ActualPurchasePrice", "CreatedAt", "ExpectedProfitSnapshot", "ExpectedPurchasePriceSnapshot", "ProductId", "ProductNameSnapshot", "Quantity", "SellingPriceSnapshot", "SubOrderId", "TotalSellingPrice", "UpdatedAt")
VALUES (@p46, @p47, @p48, @p49, @p50, @p51, @p52, @p53, @p54, @p55, @p56, @p57);
2026-09-24 04:16:47.991 +03:00 [INF] Executed DbCommand (2ms) [Parameters=[@p='01a0d0fc-8eb0-7b82-bb51-2b5417d6d523' (Nullable = true)], CommandType='"Text"', CommandTimeout='30']
SELECT s."Id", s."ActualPurchaseCost", s."CreatedAt", s."ExpectedPurchaseCost", s."Notes", s."OrderId", s."Status", s."StoreId", s."SubTotal", s."UpdatedAt", s0."Id", s0."Address", s0."CreatedAt", s0."ImageKey", s0."IsActive", s0."Latitude", s0."Longitude", s0."Name", s0."Phone", s0."UpdatedAt"
FROM "SubOrders" AS s
INNER JOIN "Stores" AS s0 ON s."StoreId" = s0."Id"
WHERE s."OrderId" = @p
2026-09-24 04:16:48.054 +03:00 [INF] HTTP POST /api/checkout/place-order responded 200 in 658.3189 ms
2026-09-24 04:30:45.066 +03:00 [INF] Executed DbCommand (3ms) [Parameters=[@request_Phone='779531160'], CommandType='"Text"', CommandTimeout='30']
SELECT EXISTS (
    SELECT 1
    FROM "Users" AS u
    WHERE u."Phone" = @request_Phone)
2026-09-24 04:30:45.393 +03:00 [INF] Executed DbCommand (5ms) [Parameters=[@p0='01a0d109-5709-74de-8f57-aa9b34324dc7', @p1='2026-09-24T01:30:45.3852990Z' (DbType = DateTime), @p2=NULL, @p3=NULL, @p4='True', @p5='$2a$12$IJLFFMf66E5XzOxPqF/0P.QL.SYiM7TPO4.RGgtSHeld/HqU/SSLi' (Nullable = false), @p6='779531160' (Nullable = false), @p7='Customer' (Nullable = false), @p8='2026-09-24T01:30:45.3852996Z' (DbType = DateTime), @p9='01a0d109-570a-7649-b01c-4cd2ff017f64', @p10='2026-09-24T01:30:45.3859802Z' (DbType = DateTime), @p11='E2E Customer Test' (Nullable = false), @p12=NULL, @p13='2026-09-24T01:30:45.3859804Z' (DbType = DateTime), @p14='01a0d109-5709-74de-8f57-aa9b34324dc7', @p15='01a0d109-570a-7a3c-94ce-a30045acf612', @p16='Tower 4', @p17='Sanaa' (Nullable = false), @p18='2026-09-24T01:30:45.3863324Z' (DbType = DateTime), @p19='01a0d109-570a-7649-b01c-4cd2ff017f64', @p20=NULL, @p21='Hadda' (Nullable = false), @p22='True', @p23='Home' (Nullable = false), @p24='15.334', @p25='44.185', @p26='Zero Street' (Nullable = false), @p27='2026-09-24T01:30:45.3863326Z' (DbType = DateTime), @p28='01a0d109-570a-72ad-aad9-5870dc7dd3bb', @p29='2026-09-24T01:30:45.3864901Z' (DbType = DateTime), @p30='01a0d109-570a-7649-b01c-4cd2ff017f64', @p31='2026-09-24T01:30:45.3864903Z' (DbType = DateTime)], CommandType='"Text"', CommandTimeout='30']
INSERT INTO "Users" ("Id", "CreatedAt", "Email", "FcmToken", "IsActive", "PasswordHash", "Phone", "Role", "UpdatedAt")
VALUES (@p0, @p1, @p2, @p3, @p4, @p5, @p6, @p7, @p8);
INSERT INTO "Customers" ("Id", "CreatedAt", "FullName", "ProfileImageKey", "UpdatedAt", "UserId")
VALUES (@p9, @p10, @p11, @p12, @p13, @p14);
INSERT INTO "Addresses" ("Id", "Building", "City", "CreatedAt", "CustomerId", "Description", "District", "IsDefault", "Label", "Latitude", "Longitude", "Street", "UpdatedAt")
VALUES (@p15, @p16, @p17, @p18, @p19, @p20, @p21, @p22, @p23, @p24, @p25, @p26, @p27);
INSERT INTO "Carts" ("Id", "CreatedAt", "CustomerId", "UpdatedAt")
VALUES (@p28, @p29, @p30, @p31);
2026-09-24 04:30:45.400 +03:00 [INF] Executed DbCommand (3ms) [Parameters=[@p0='01a0d109-5714-7ddc-91c4-25d3d32c9ca7', @p1='2026-09-24T01:30:45.3967559Z' (DbType = DateTime), @p2='2026-10-24T01:30:45.3967312Z' (DbType = DateTime), @p3='False', @p4='U8FM4Spwro878xLouZbXjqDHyiV9fIUfL1KMjHUUeUQ=' (Nullable = false), @p5='2026-09-24T01:30:45.3967560Z' (DbType = DateTime), @p6='01a0d109-5709-74de-8f57-aa9b34324dc7'], CommandType='"Text"', CommandTimeout='30']
INSERT INTO "RefreshTokens" ("Id", "CreatedAt", "ExpiresAt", "IsRevoked", "TokenHash", "UpdatedAt", "UserId")
VALUES (@p0, @p1, @p2, @p3, @p4, @p5, @p6);
2026-09-24 04:30:45.400 +03:00 [INF] HTTP POST /api/auth/register responded 200 in 493.5322 ms
2026-09-24 04:30:45.426 +03:00 [INF] Executed DbCommand (2ms) [Parameters=[@userId='01a0d109-5709-74de-8f57-aa9b34324dc7'], CommandType='"Text"', CommandTimeout='30']
SELECT c0."Id", c0."CreatedAt", c0."FullName", c0."ProfileImageKey", c0."UpdatedAt", c0."UserId", a."Id", a."Building", a."City", a."CreatedAt", a."CustomerId", a."Description", a."District", a."IsDefault", a."Label", a."Latitude", a."Longitude", a."Street", a."UpdatedAt"
FROM (
    SELECT c."Id", c."CreatedAt", c."FullName", c."ProfileImageKey", c."UpdatedAt", c."UserId"
    FROM "Customers" AS c
    WHERE c."UserId" = @userId
    LIMIT 1
) AS c0
LEFT JOIN "Addresses" AS a ON c0."Id" = a."CustomerId"
ORDER BY c0."Id"
2026-09-24 04:30:45.426 +03:00 [INF] HTTP GET /api/customers/addresses responded 200 in 4.1280 ms
2026-09-24 04:30:45.433 +03:00 [INF] Executed DbCommand (1ms) [Parameters=[@userId='01a0d109-5709-74de-8f57-aa9b34324dc7'], CommandType='"Text"', CommandTimeout='30']
SELECT c0."Id", c0."CreatedAt", c0."FullName", c0."ProfileImageKey", c0."UpdatedAt", c0."UserId", a."Id", a."Building", a."City", a."CreatedAt", a."CustomerId", a."Description", a."District", a."IsDefault", a."Label", a."Latitude", a."Longitude", a."Street", a."UpdatedAt"
FROM (
    SELECT c."Id", c."CreatedAt", c."FullName", c."ProfileImageKey", c."UpdatedAt", c."UserId"
    FROM "Customers" AS c
    WHERE c."UserId" = @userId
    LIMIT 1
) AS c0
LEFT JOIN "Addresses" AS a ON c0."Id" = a."CustomerId"
ORDER BY c0."Id"
2026-09-24 04:30:45.435 +03:00 [INF] Executed DbCommand (1ms) [Parameters=[@p0='01a0d109-5739-7b58-b703-a7fed9be34d9', @p1=NULL, @p2='Sanaa' (Nullable = false), @p3='2026-09-24T01:30:45.4336316Z' (DbType = DateTime), @p4='01a0d109-570a-7649-b01c-4cd2ff017f64', @p5=NULL, @p6='Sixtieth West' (Nullable = false), @p7='False', @p8='Work' (Nullable = false), @p9='15.3785', @p10='44.185', @p11='Near CityMax' (Nullable = false), @p12='2026-09-24T01:30:45.4336317Z' (DbType = DateTime)], CommandType='"Text"', CommandTimeout='30']
INSERT INTO "Addresses" ("Id", "Building", "City", "CreatedAt", "CustomerId", "Description", "District", "IsDefault", "Label", "Latitude", "Longitude", "Street", "UpdatedAt")
VALUES (@p0, @p1, @p2, @p3, @p4, @p5, @p6, @p7, @p8, @p9, @p10, @p11, @p12);
2026-09-24 04:30:45.436 +03:00 [INF] HTTP POST /api/customers/addresses responded 200 in 4.7870 ms
2026-09-24 04:30:45.443 +03:00 [INF] Executed DbCommand (2ms) [Parameters=[], CommandType='"Text"', CommandTimeout='30']
SELECT count(*)::int
FROM "Products" AS p
WHERE NOT (p."IsDeleted") AND p."IsActive"
2026-09-24 04:30:45.449 +03:00 [INF] Executed DbCommand (5ms) [Parameters=[@p0='1', @p='0'], CommandType='"Text"', CommandTimeout='30']
SELECT p0."Id", p0."Name", p0."Description", p0."CategoryId", c."Name", p0."StoreId", s."Name", p0."SourceType", p0."SellingPrice", i."Quantity", p0."IsActive", c."Id", s."Id", i."Id", p1."ImageKey", p1."Id"
FROM (
    SELECT p."Id", p."CategoryId", p."CreatedAt", p."Description", p."IsActive", p."Name", p."SellingPrice", p."SourceType", p."StoreId"
    FROM "Products" AS p
    WHERE NOT (p."IsDeleted") AND p."IsActive"
    ORDER BY p."CreatedAt" DESC
    LIMIT @p0 OFFSET @p
) AS p0
INNER JOIN "Categories" AS c ON p0."CategoryId" = c."Id"
INNER JOIN "Stores" AS s ON p0."StoreId" = s."Id"
LEFT JOIN "Inventories" AS i ON p0."Id" = i."ProductId"
LEFT JOIN "ProductImages" AS p1 ON p0."Id" = p1."ProductId"
ORDER BY p0."CreatedAt" DESC, p0."Id", c."Id", s."Id", i."Id", p1."SortOrder"
2026-09-24 04:30:45.450 +03:00 [INF] HTTP GET /api/products responded 200 in 10.3350 ms
2026-09-24 04:30:45.458 +03:00 [INF] Executed DbCommand (1ms) [Parameters=[@request_ProductId='3ea94399-bbe3-4265-8ac7-6d8dc59dd62d'], CommandType='"Text"', CommandTimeout='30']
SELECT p."Id", p."CategoryId", p."CreatedAt", p."Description", p."ExpectedPurchasePrice", p."IsActive", p."IsDeleted", p."Name", p."SellingPrice", p."SourceType", p."StoreId", p."UpdatedAt"
FROM "Products" AS p
WHERE NOT (p."IsDeleted") AND p."Id" = @request_ProductId AND p."IsActive"
LIMIT 1
2026-09-24 04:30:45.463 +03:00 [INF] Executed DbCommand (5ms) [Parameters=[@userId='01a0d109-5709-74de-8f57-aa9b34324dc7'], CommandType='"Text"', CommandTimeout='30']
SELECT s0."Id", s0."CreatedAt", s0."FullName", s0."ProfileImageKey", s0."UpdatedAt", s0."UserId", s0."Id0", s0."CreatedAt0", s0."CustomerId", s0."UpdatedAt0", s1."Id", s1."AddedAt", s1."CartId", s1."CreatedAt", s1."Notes", s1."ProductId", s1."Quantity", s1."UpdatedAt", s1."Id0", s1."CategoryId", s1."CreatedAt0", s1."Description", s1."ExpectedPurchasePrice", s1."IsActive", s1."IsDeleted", s1."Name", s1."SellingPrice", s1."SourceType", s1."StoreId", s1."UpdatedAt0", s1."Id1", s1."Address", s1."CreatedAt1", s1."ImageKey", s1."IsActive0", s1."Latitude", s1."Longitude", s1."Name0", s1."Phone", s1."UpdatedAt1"
FROM (
    SELECT c."Id", c."CreatedAt", c."FullName", c."ProfileImageKey", c."UpdatedAt", c."UserId", c0."Id" AS "Id0", c0."CreatedAt" AS "CreatedAt0", c0."CustomerId", c0."UpdatedAt" AS "UpdatedAt0"
    FROM "Customers" AS c
    LEFT JOIN "Carts" AS c0 ON c."Id" = c0."CustomerId"
    WHERE c."UserId" = @userId
    LIMIT 1
) AS s0
LEFT JOIN (
    SELECT c1."Id", c1."AddedAt", c1."CartId", c1."CreatedAt", c1."Notes", c1."ProductId", c1."Quantity", c1."UpdatedAt", p0."Id" AS "Id0", p0."CategoryId", p0."CreatedAt" AS "CreatedAt0", p0."Description", p0."ExpectedPurchasePrice", p0."IsActive", p0."IsDeleted", p0."Name", p0."SellingPrice", p0."SourceType", p0."StoreId", p0."UpdatedAt" AS "UpdatedAt0", s."Id" AS "Id1", s."Address", s."CreatedAt" AS "CreatedAt1", s."ImageKey", s."IsActive" AS "IsActive0", s."Latitude", s."Longitude", s."Name" AS "Name0", s."Phone", s."UpdatedAt" AS "UpdatedAt1"
    FROM "CartItems" AS c1
    INNER JOIN (
        SELECT p."Id", p."CategoryId", p."CreatedAt", p."Description", p."ExpectedPurchasePrice", p."IsActive", p."IsDeleted", p."Name", p."SellingPrice", p."SourceType", p."StoreId", p."UpdatedAt"
        FROM "Products" AS p
        WHERE NOT (p."IsDeleted")
    ) AS p0 ON c1."ProductId" = p0."Id"
    INNER JOIN "Stores" AS s ON p0."StoreId" = s."Id"
) AS s1 ON s0."Id0" = s1."CartId"
ORDER BY s0."Id", s0."Id0", s1."Id", s1."Id0"
2026-09-24 04:30:45.467 +03:00 [INF] Executed DbCommand (2ms) [Parameters=[@p0='01a0d109-5758-7c5f-a88f-54776ad12d33', @p1='2026-09-24T01:30:45.4642722Z' (DbType = DateTime), @p2='01a0d109-570a-72ad-aad9-5870dc7dd3bb', @p3='2026-09-24T01:30:45.4642724Z' (DbType = DateTime), @p4=NULL, @p5='3ea94399-bbe3-4265-8ac7-6d8dc59dd62d', @p6='1', @p7='2026-09-24T01:30:45.4642725Z' (DbType = DateTime)], CommandType='"Text"', CommandTimeout='30']
INSERT INTO "CartItems" ("Id", "AddedAt", "CartId", "CreatedAt", "Notes", "ProductId", "Quantity", "UpdatedAt")
VALUES (@p0, @p1, @p2, @p3, @p4, @p5, @p6, @p7);
2026-09-24 04:30:45.471 +03:00 [INF] Executed DbCommand (3ms) [Parameters=[@userId='01a0d109-5709-74de-8f57-aa9b34324dc7'], CommandType='"Text"', CommandTimeout='30']
SELECT s0."Id", s0."CreatedAt", s0."FullName", s0."ProfileImageKey", s0."UpdatedAt", s0."UserId", s0."Id0", s0."CreatedAt0", s0."CustomerId", s0."UpdatedAt0", s1."Id", s1."AddedAt", s1."CartId", s1."CreatedAt", s1."Notes", s1."ProductId", s1."Quantity", s1."UpdatedAt", s1."Id0", s1."CategoryId", s1."CreatedAt0", s1."Description", s1."ExpectedPurchasePrice", s1."IsActive", s1."IsDeleted", s1."Name", s1."SellingPrice", s1."SourceType", s1."StoreId", s1."UpdatedAt0", s1."Id1", s1."Address", s1."CreatedAt1", s1."ImageKey", s1."IsActive0", s1."Latitude", s1."Longitude", s1."Name0", s1."Phone", s1."UpdatedAt1"
FROM (
    SELECT c."Id", c."CreatedAt", c."FullName", c."ProfileImageKey", c."UpdatedAt", c."UserId", c0."Id" AS "Id0", c0."CreatedAt" AS "CreatedAt0", c0."CustomerId", c0."UpdatedAt" AS "UpdatedAt0"
    FROM "Customers" AS c
    LEFT JOIN "Carts" AS c0 ON c."Id" = c0."CustomerId"
    WHERE c."UserId" = @userId
    LIMIT 1
) AS s0
LEFT JOIN (
    SELECT c1."Id", c1."AddedAt", c1."CartId", c1."CreatedAt", c1."Notes", c1."ProductId", c1."Quantity", c1."UpdatedAt", p0."Id" AS "Id0", p0."CategoryId", p0."CreatedAt" AS "CreatedAt0", p0."Description", p0."ExpectedPurchasePrice", p0."IsActive", p0."IsDeleted", p0."Name", p0."SellingPrice", p0."SourceType", p0."StoreId", p0."UpdatedAt" AS "UpdatedAt0", s."Id" AS "Id1", s."Address", s."CreatedAt" AS "CreatedAt1", s."ImageKey", s."IsActive" AS "IsActive0", s."Latitude", s."Longitude", s."Name" AS "Name0", s."Phone", s."UpdatedAt" AS "UpdatedAt1"
    FROM "CartItems" AS c1
    INNER JOIN (
        SELECT p."Id", p."CategoryId", p."CreatedAt", p."Description", p."ExpectedPurchasePrice", p."IsActive", p."IsDeleted", p."Name", p."SellingPrice", p."SourceType", p."StoreId", p."UpdatedAt"
        FROM "Products" AS p
        WHERE NOT (p."IsDeleted")
    ) AS p0 ON c1."ProductId" = p0."Id"
    INNER JOIN "Stores" AS s ON p0."StoreId" = s."Id"
) AS s1 ON s0."Id0" = s1."CartId"
ORDER BY s0."Id", s0."Id0", s1."Id", s1."Id0"
2026-09-24 04:30:45.472 +03:00 [INF] HTTP POST /api/cart/items responded 200 in 16.6781 ms
2026-09-24 04:30:45.480 +03:00 [INF] Executed DbCommand (1ms) [Parameters=[@productIds={ '3ea94399-bbe3-4265-8ac7-6d8dc59dd62d' } (DbType = Object)], CommandType='"Text"', CommandTimeout='30']
SELECT p."Id", p."CategoryId", p."CreatedAt", p."Description", p."ExpectedPurchasePrice", p."IsActive", p."IsDeleted", p."Name", p."SellingPrice", p."SourceType", p."StoreId", p."UpdatedAt", i."Id", i."CreatedAt", i."ProductId", i."Quantity", i."UpdatedAt"
FROM "Products" AS p
LEFT JOIN "Inventories" AS i ON p."Id" = i."ProductId"
WHERE NOT (p."IsDeleted") AND p."Id" = ANY (@productIds)
2026-09-24 04:30:45.483 +03:00 [INF] Executed DbCommand (2ms) [Parameters=[], CommandType='"Text"', CommandTimeout='30']
SELECT d."Id", d."BaseDistanceKm", d."BaseFee", d."FreeDeliveryRadius", d."IsEnabled", d."PerKmFee", d."UpdatedAt", d."UpdatedBy"
FROM "DeliverySettings" AS d
LIMIT 1
2026-09-24 04:30:45.485 +03:00 [INF] Executed DbCommand (1ms) [Parameters=[], CommandType='"Text"', CommandTimeout='30']
SELECT p."Id", p."CashOnDeliveryLimit", p."TransferAccountName", p."TransferAccountNumber", p."TransferBankName", p."UpdatedAt"
FROM "PaymentSettings" AS p
LIMIT 1
2026-09-24 04:30:45.486 +03:00 [INF] Executed DbCommand (1ms) [Parameters=[@request_AddressId_Value='01a0d109-570a-7a3c-94ce-a30045acf612'], CommandType='"Text"', CommandTimeout='30']
SELECT a."Id", a."Building", a."City", a."CreatedAt", a."CustomerId", a."Description", a."District", a."IsDefault", a."Label", a."Latitude", a."Longitude", a."Street", a."UpdatedAt"
FROM "Addresses" AS a
WHERE a."Id" = @request_AddressId_Value
LIMIT 1
2026-09-24 04:30:45.488 +03:00 [INF] Executed DbCommand (1ms) [Parameters=[@storeIds={ '4695f5c4-79ea-4796-9a83-293acb9f35b8' } (DbType = Object)], CommandType='"Text"', CommandTimeout='30']
SELECT s."Id", s."Address", s."CreatedAt", s."ImageKey", s."IsActive", s."Latitude", s."Longitude", s."Name", s."Phone", s."UpdatedAt"
FROM "Stores" AS s
WHERE s."Id" = ANY (@storeIds)
2026-09-24 04:30:45.489 +03:00 [INF] HTTP POST /api/checkout/validate responded 200 in 11.1052 ms
2026-09-24 04:30:45.496 +03:00 [INF] Executed DbCommand (1ms) [Parameters=[@productIds={ '3ea94399-bbe3-4265-8ac7-6d8dc59dd62d' } (DbType = Object)], CommandType='"Text"', CommandTimeout='30']
SELECT p."Id", p."CategoryId", p."CreatedAt", p."Description", p."ExpectedPurchasePrice", p."IsActive", p."IsDeleted", p."Name", p."SellingPrice", p."SourceType", p."StoreId", p."UpdatedAt", i."Id", i."CreatedAt", i."ProductId", i."Quantity", i."UpdatedAt"
FROM "Products" AS p
LEFT JOIN "Inventories" AS i ON p."Id" = i."ProductId"
WHERE NOT (p."IsDeleted") AND p."Id" = ANY (@productIds)
2026-09-24 04:30:45.497 +03:00 [INF] Executed DbCommand (1ms) [Parameters=[], CommandType='"Text"', CommandTimeout='30']
SELECT d."Id", d."BaseDistanceKm", d."BaseFee", d."FreeDeliveryRadius", d."IsEnabled", d."PerKmFee", d."UpdatedAt", d."UpdatedBy"
FROM "DeliverySettings" AS d
LIMIT 1
2026-09-24 04:30:45.499 +03:00 [INF] Executed DbCommand (1ms) [Parameters=[], CommandType='"Text"', CommandTimeout='30']
SELECT p."Id", p."CashOnDeliveryLimit", p."TransferAccountName", p."TransferAccountNumber", p."TransferBankName", p."UpdatedAt"
FROM "PaymentSettings" AS p
LIMIT 1
2026-09-24 04:30:45.501 +03:00 [INF] Executed DbCommand (1ms) [Parameters=[@request_AddressId_Value='01a0d109-5739-7b58-b703-a7fed9be34d9'], CommandType='"Text"', CommandTimeout='30']
SELECT a."Id", a."Building", a."City", a."CreatedAt", a."CustomerId", a."Description", a."District", a."IsDefault", a."Label", a."Latitude", a."Longitude", a."Street", a."UpdatedAt"
FROM "Addresses" AS a
WHERE a."Id" = @request_AddressId_Value
LIMIT 1
2026-09-24 04:30:45.503 +03:00 [INF] Executed DbCommand (1ms) [Parameters=[@storeIds={ '4695f5c4-79ea-4796-9a83-293acb9f35b8' } (DbType = Object)], CommandType='"Text"', CommandTimeout='30']
SELECT s."Id", s."Address", s."CreatedAt", s."ImageKey", s."IsActive", s."Latitude", s."Longitude", s."Name", s."Phone", s."UpdatedAt"
FROM "Stores" AS s
WHERE s."Id" = ANY (@storeIds)
2026-09-24 04:30:45.503 +03:00 [INF] HTTP POST /api/checkout/validate responded 200 in 9.4893 ms
2026-09-24 04:30:45.514 +03:00 [INF] Executed DbCommand (4ms) [Parameters=[@userId='01a0d109-5709-74de-8f57-aa9b34324dc7'], CommandType='"Text"', CommandTimeout='30']
SELECT s0."Id", s0."CreatedAt", s0."FullName", s0."ProfileImageKey", s0."UpdatedAt", s0."UserId", s0."Id0", a."Id", a."Building", a."City", a."CreatedAt", a."CustomerId", a."Description", a."District", a."IsDefault", a."Label", a."Latitude", a."Longitude", a."Street", a."UpdatedAt", s0."CreatedAt0", s0."CustomerId", s0."UpdatedAt0", s1."Id", s1."AddedAt", s1."CartId", s1."CreatedAt", s1."Notes", s1."ProductId", s1."Quantity", s1."UpdatedAt", s1."Id0", s1."CategoryId", s1."CreatedAt0", s1."Description", s1."ExpectedPurchasePrice", s1."IsActive", s1."IsDeleted", s1."Name", s1."SellingPrice", s1."SourceType", s1."StoreId", s1."UpdatedAt0", s1."Id1", s1."Address", s1."CreatedAt1", s1."ImageKey", s1."IsActive0", s1."Latitude", s1."Longitude", s1."Name0", s1."Phone", s1."UpdatedAt1", s1."Id2", s1."CreatedAt2", s1."ProductId0", s1."Quantity0", s1."UpdatedAt2"
FROM (
    SELECT c."Id", c."CreatedAt", c."FullName", c."ProfileImageKey", c."UpdatedAt", c."UserId", c0."Id" AS "Id0", c0."CreatedAt" AS "CreatedAt0", c0."CustomerId", c0."UpdatedAt" AS "UpdatedAt0"
    FROM "Customers" AS c
    LEFT JOIN "Carts" AS c0 ON c."Id" = c0."CustomerId"
    WHERE c."UserId" = @userId
    LIMIT 1
) AS s0
LEFT JOIN "Addresses" AS a ON s0."Id" = a."CustomerId"
LEFT JOIN (
    SELECT c1."Id", c1."AddedAt", c1."CartId", c1."CreatedAt", c1."Notes", c1."ProductId", c1."Quantity", c1."UpdatedAt", p0."Id" AS "Id0", p0."CategoryId", p0."CreatedAt" AS "CreatedAt0", p0."Description", p0."ExpectedPurchasePrice", p0."IsActive", p0."IsDeleted", p0."Name", p0."SellingPrice", p0."SourceType", p0."StoreId", p0."UpdatedAt" AS "UpdatedAt0", s."Id" AS "Id1", s."Address", s."CreatedAt" AS "CreatedAt1", s."ImageKey", s."IsActive" AS "IsActive0", s."Latitude", s."Longitude", s."Name" AS "Name0", s."Phone", s."UpdatedAt" AS "UpdatedAt1", i."Id" AS "Id2", i."CreatedAt" AS "CreatedAt2", i."ProductId" AS "ProductId0", i."Quantity" AS "Quantity0", i."UpdatedAt" AS "UpdatedAt2"
    FROM "CartItems" AS c1
    INNER JOIN (
        SELECT p."Id", p."CategoryId", p."CreatedAt", p."Description", p."ExpectedPurchasePrice", p."IsActive", p."IsDeleted", p."Name", p."SellingPrice", p."SourceType", p."StoreId", p."UpdatedAt"
        FROM "Products" AS p
        WHERE NOT (p."IsDeleted")
    ) AS p0 ON c1."ProductId" = p0."Id"
    INNER JOIN "Stores" AS s ON p0."StoreId" = s."Id"
    LEFT JOIN "Inventories" AS i ON p0."Id" = i."ProductId"
) AS s1 ON s0."Id0" = s1."CartId"
ORDER BY s0."Id", s0."Id0", a."Id", s1."Id", s1."Id0", s1."Id1"
2026-09-24 04:30:45.522 +03:00 [INF] Executed DbCommand (7ms) [Parameters=[@request_IdempotencyKey='E2E-TEST-1790213445506'], CommandType='"Text"', CommandTimeout='30']
SELECT s1."Id", s1."AddressId", s1."CreatedAt", s1."CustomerId", s1."DeliveryFee", s1."Discount", s1."DriverId", s1."IdempotencyKey", s1."Notes", s1."OrderNumber", s1."PaymentMethod", s1."PaymentStatus", s1."Status", s1."SubTotal", s1."TotalAmount", s1."UpdatedAt", s1."Id0", s2."Id", s2."ActualPurchaseCost", s2."CreatedAt", s2."ExpectedPurchaseCost", s2."Notes", s2."OrderId", s2."Status", s2."StoreId", s2."SubTotal", s2."UpdatedAt", s2."Id0", s2."Id1", s2."ActualPurchasePrice", s2."CreatedAt0", s2."ExpectedProfitSnapshot", s2."ExpectedPurchasePriceSnapshot", s2."ProductId", s2."ProductNameSnapshot", s2."Quantity", s2."SellingPriceSnapshot", s2."SubOrderId", s2."TotalSellingPrice", s2."UpdatedAt0", s2."Address", s2."CreatedAt1", s2."ImageKey", s2."IsActive", s2."Latitude", s2."Longitude", s2."Name", s2."Phone", s2."UpdatedAt1", s1."Building", s1."City", s1."CreatedAt0", s1."CustomerId0", s1."Description", s1."District", s1."IsDefault", s1."Label", s1."Latitude", s1."Longitude", s1."Street", s1."UpdatedAt0"
FROM (
    SELECT o."Id", o."AddressId", o."CreatedAt", o."CustomerId", o."DeliveryFee", o."Discount", o."DriverId", o."IdempotencyKey", o."Notes", o."OrderNumber", o."PaymentMethod", o."PaymentStatus", o."Status", o."SubTotal", o."TotalAmount", o."UpdatedAt", a."Id" AS "Id0", a."Building", a."City", a."CreatedAt" AS "CreatedAt0", a."CustomerId" AS "CustomerId0", a."Description", a."District", a."IsDefault", a."Label", a."Latitude", a."Longitude", a."Street", a."UpdatedAt" AS "UpdatedAt0"
    FROM "Orders" AS o
    INNER JOIN "Addresses" AS a ON o."AddressId" = a."Id"
    WHERE o."IdempotencyKey" = @request_IdempotencyKey
    LIMIT 1
) AS s1
LEFT JOIN (
    SELECT s."Id", s."ActualPurchaseCost", s."CreatedAt", s."ExpectedPurchaseCost", s."Notes", s."OrderId", s."Status", s."StoreId", s."SubTotal", s."UpdatedAt", s0."Id" AS "Id0", o0."Id" AS "Id1", o0."ActualPurchasePrice", o0."CreatedAt" AS "CreatedAt0", o0."ExpectedProfitSnapshot", o0."ExpectedPurchasePriceSnapshot", o0."ProductId", o0."ProductNameSnapshot", o0."Quantity", o0."SellingPriceSnapshot", o0."SubOrderId", o0."TotalSellingPrice", o0."UpdatedAt" AS "UpdatedAt0", s0."Address", s0."CreatedAt" AS "CreatedAt1", s0."ImageKey", s0."IsActive", s0."Latitude", s0."Longitude", s0."Name", s0."Phone", s0."UpdatedAt" AS "UpdatedAt1"
    FROM "SubOrders" AS s
    INNER JOIN "Stores" AS s0 ON s."StoreId" = s0."Id"
    LEFT JOIN "OrderItems" AS o0 ON s."Id" = o0."SubOrderId"
) AS s2 ON s1."Id" = s2."OrderId"
ORDER BY s1."Id", s1."Id0", s2."Id", s2."Id0"
2026-09-24 04:30:45.524 +03:00 [INF] Executed DbCommand (1ms) [Parameters=[], CommandType='"Text"', CommandTimeout='30']
SELECT d."Id", d."BaseDistanceKm", d."BaseFee", d."FreeDeliveryRadius", d."IsEnabled", d."PerKmFee", d."UpdatedAt", d."UpdatedBy"
FROM "DeliverySettings" AS d
LIMIT 1
2026-09-24 04:30:45.525 +03:00 [INF] Executed DbCommand (1ms) [Parameters=[], CommandType='"Text"', CommandTimeout='30']
SELECT p."Id", p."CashOnDeliveryLimit", p."TransferAccountName", p."TransferAccountNumber", p."TransferBankName", p."UpdatedAt"
FROM "PaymentSettings" AS p
LIMIT 1
2026-09-24 04:30:45.543 +03:00 [INF] Executed DbCommand (1ms) [Parameters=[@distinctStoreIds={ '4695f5c4-79ea-4796-9a83-293acb9f35b8' } (DbType = Object)], CommandType='"Text"', CommandTimeout='30']
SELECT s."Id", s."Address", s."CreatedAt", s."ImageKey", s."IsActive", s."Latitude", s."Longitude", s."Name", s."Phone", s."UpdatedAt"
FROM "Stores" AS s
WHERE s."Id" = ANY (@distinctStoreIds)
2026-09-24 04:30:45.552 +03:00 [INF] Executed DbCommand (4ms) [Parameters=[@p0='01a0d109-5758-7c5f-a88f-54776ad12d33', @p1='01a0d109-57a8-7a92-8fe5-d7f653dac2f9', @p2='01a0d109-5739-7b58-b703-a7fed9be34d9', @p3='2026-09-24T01:30:45.5438834Z' (DbType = DateTime), @p4='01a0d109-570a-7649-b01c-4cd2ff017f64', @p5='650', @p6='0', @p7=NULL (DbType = Guid), @p8='E2E-TEST-1790213445506', @p9='E2E distance pricing test', @p10='BS-20260924-6548' (Nullable = false), @p11='CashOnDelivery' (Nullable = false), @p12='Pending' (Nullable = false), @p13='Confirmed' (Nullable = false), @p14='1600.00', @p15='2250.00', @p16='2026-09-24T01:30:45.5438835Z' (DbType = DateTime), @p17='01a0d109-57a9-7453-a233-f6f15cf27a31', @p18='01a0d109-5709-74de-8f57-aa9b34324dc7' (Nullable = true), @p19='Customer' (Nullable = false), @p20='2026-09-24T01:30:45.5450289Z' (DbType = DateTime), @p21='2', @p22='0', @p23='01a0d109-57a8-7a92-8fe5-d7f653dac2f9', @p24='إنشاء الطلب', @p25='2026-09-24T01:30:45.5450290Z' (DbType = DateTime), @p26='01a0d109-57a8-74c7-ae74-f00f9c34131a', @p27='2250.00', @p28='2026-09-24T01:30:45.5438864Z' (DbType = DateTime), @p29='CashOnDelivery' (Nullable = false), @p30='01a0d109-57a8-7a92-8fe5-d7f653dac2f9', @p31=NULL, @p32='Pending' (Nullable = false), @p33='2026-09-24T01:30:45.5438865Z' (DbType = DateTime), @p34=NULL (DbType = DateTime), @p35=NULL (DbType = Guid), @p36='01a0d109-57a8-71c2-b0a0-e58747105640', @p37=NULL (DbType = Decimal), @p38='2026-09-24T01:30:45.5423447Z' (DbType = DateTime), @p39='1200.00', @p40=NULL, @p41='01a0d109-57a8-7a92-8fe5-d7f653dac2f9', @p42='Confirmed' (Nullable = false), @p43='4695f5c4-79ea-4796-9a83-293acb9f35b8', @p44='1600.00', @p45='2026-09-24T01:30:45.5423448Z' (DbType = DateTime), @p46='01a0d109-57a8-77ad-90ca-68161d74d3a9', @p47=NULL (DbType = Decimal), @p48='2026-09-24T01:30:45.5423336Z' (DbType = DateTime), @p49='400.00', @p50='1200.00', @p51='3ea94399-bbe3-4265-8ac7-6d8dc59dd62d' (Nullable = true), @p52='فيتامين سي 1000 ملغ فوار' (Nullable = false), @p53='1', @p54='1600.00', @p55='01a0d109-57a8-71c2-b0a0-e58747105640', @p56='1600.00', @p57='2026-09-24T01:30:45.5423336Z' (DbType = DateTime)], CommandType='"Text"', CommandTimeout='30']
DELETE FROM "CartItems"
WHERE "Id" = @p0;
INSERT INTO "Orders" ("Id", "AddressId", "CreatedAt", "CustomerId", "DeliveryFee", "Discount", "DriverId", "IdempotencyKey", "Notes", "OrderNumber", "PaymentMethod", "PaymentStatus", "Status", "SubTotal", "TotalAmount", "UpdatedAt")
VALUES (@p1, @p2, @p3, @p4, @p5, @p6, @p7, @p8, @p9, @p10, @p11, @p12, @p13, @p14, @p15, @p16);
INSERT INTO "OrderStatusHistories" ("Id", "ActorId", "ActorType", "CreatedAt", "NewStatus", "OldStatus", "OrderId", "Reason", "UpdatedAt")
VALUES (@p17, @p18, @p19, @p20, @p21, @p22, @p23, @p24, @p25);
INSERT INTO "Payments" ("Id", "Amount", "CreatedAt", "Method", "OrderId", "RejectionReason", "Status", "UpdatedAt", "VerifiedAt", "VerifiedBy")
VALUES (@p26, @p27, @p28, @p29, @p30, @p31, @p32, @p33, @p34, @p35);
INSERT INTO "SubOrders" ("Id", "ActualPurchaseCost", "CreatedAt", "ExpectedPurchaseCost", "Notes", "OrderId", "Status", "StoreId", "SubTotal", "UpdatedAt")
VALUES (@p36, @p37, @p38, @p39, @p40, @p41, @p42, @p43, @p44, @p45);
INSERT INTO "OrderItems" ("Id", "ActualPurchasePrice", "CreatedAt", "ExpectedProfitSnapshot", "ExpectedPurchasePriceSnapshot", "ProductId", "ProductNameSnapshot", "Quantity", "SellingPriceSnapshot", "SubOrderId", "TotalSellingPrice", "UpdatedAt")
VALUES (@p46, @p47, @p48, @p49, @p50, @p51, @p52, @p53, @p54, @p55, @p56, @p57);
2026-09-24 04:30:45.557 +03:00 [INF] Executed DbCommand (1ms) [Parameters=[@p='01a0d109-57a8-7a92-8fe5-d7f653dac2f9' (Nullable = true)], CommandType='"Text"', CommandTimeout='30']
SELECT s."Id", s."ActualPurchaseCost", s."CreatedAt", s."ExpectedPurchaseCost", s."Notes", s."OrderId", s."Status", s."StoreId", s."SubTotal", s."UpdatedAt", s0."Id", s0."Address", s0."CreatedAt", s0."ImageKey", s0."IsActive", s0."Latitude", s0."Longitude", s0."Name", s0."Phone", s0."UpdatedAt"
FROM "SubOrders" AS s
INNER JOIN "Stores" AS s0 ON s."StoreId" = s0."Id"
WHERE s."OrderId" = @p
2026-09-24 04:30:45.558 +03:00 [INF] HTTP POST /api/checkout/place-order responded 200 in 49.8040 ms
2026-09-24 04:35:12.655 +03:00 [WRN] Entity 'Product' has a global query filter defined and is the required end of a relationship with the entity 'CartItem'. This may lead to unexpected results when the required entity is filtered out. Either configure the navigation as optional, or define matching query filters for both entities in the navigation. See https://go.microsoft.com/fwlink/?linkid=2131316 for more information.
2026-09-24 04:35:12.740 +03:00 [WRN] Entity 'Product' has a global query filter defined and is the required end of a relationship with the entity 'InventoryTransaction'. This may lead to unexpected results when the required entity is filtered out. Either configure the navigation as optional, or define matching query filters for both entities in the navigation. See https://go.microsoft.com/fwlink/?linkid=2131316 for more information.
2026-09-24 04:35:12.746 +03:00 [WRN] Entity 'Product' has a global query filter defined and is the required end of a relationship with the entity 'ProductImage'. This may lead to unexpected results when the required entity is filtered out. Either configure the navigation as optional, or define matching query filters for both entities in the navigation. See https://go.microsoft.com/fwlink/?linkid=2131316 for more information.
2026-09-24 04:35:12.770 +03:00 [WRN] Sensitive data logging is enabled. Log entries and exception messages may include sensitive application data; this mode should only be enabled during development.
2026-09-24 04:35:13.453 +03:00 [INF] Executed DbCommand (27ms) [Parameters=[], CommandType='"Text"', CommandTimeout='30']
SELECT "MigrationId", "ProductVersion"
FROM "__EFMigrationsHistory"
ORDER BY "MigrationId";
2026-09-24 04:35:14.002 +03:00 [INF] Executed DbCommand (9ms) [Parameters=[], CommandType='"Text"', CommandTimeout='30']
SELECT 1
2026-09-24 04:35:14.138 +03:00 [INF] Executed DbCommand (11ms) [Parameters=[], CommandType='"Text"', CommandTimeout='30']
CREATE TABLE IF NOT EXISTS "__EFMigrationsHistory" (
    "MigrationId" character varying(150) NOT NULL,
    "ProductVersion" character varying(32) NOT NULL,
    CONSTRAINT "PK___EFMigrationsHistory" PRIMARY KEY ("MigrationId")
);
2026-09-24 04:35:14.184 +03:00 [INF] Executed DbCommand (2ms) [Parameters=[], CommandType='"Text"', CommandTimeout='30']
LOCK TABLE "__EFMigrationsHistory" IN ACCESS EXCLUSIVE MODE
2026-09-24 04:35:14.200 +03:00 [INF] Executed DbCommand (3ms) [Parameters=[], CommandType='"Text"', CommandTimeout='30']
SELECT "MigrationId", "ProductVersion"
FROM "__EFMigrationsHistory"
ORDER BY "MigrationId";
2026-09-24 04:35:14.221 +03:00 [INF] Database migration applied successfully.
2026-09-24 04:35:14.461 +03:00 [WRN] The query uses the 'First'/'FirstOrDefault' operator without 'OrderBy' and filter operators. This may lead to unpredictable results.
2026-09-24 04:35:14.654 +03:00 [INF] Executed DbCommand (2ms) [Parameters=[], CommandType='"Text"', CommandTimeout='30']
SELECT d."Id", d."BaseDistanceKm", d."BaseFee", d."FreeDeliveryRadius", d."IsEnabled", d."PerKmFee", d."UpdatedAt", d."UpdatedBy"
FROM "DeliverySettings" AS d
LIMIT 1
2026-09-24 04:35:14.824 +03:00 [INF] Executed DbCommand (1ms) [Parameters=[], CommandType='"Text"', CommandTimeout='30']
SELECT EXISTS (
    SELECT 1
    FROM "PaymentSettings" AS p)
2026-09-24 04:35:14.837 +03:00 [INF] Executed DbCommand (1ms) [Parameters=[], CommandType='"Text"', CommandTimeout='30']
SELECT EXISTS (
    SELECT 1
    FROM "CancellationReasons" AS c)
2026-09-24 04:35:14.936 +03:00 [INF] Executed DbCommand (15ms) [Parameters=[@adminPhone='777000000'], CommandType='"Text"', CommandTimeout='30']
SELECT EXISTS (
    SELECT 1
    FROM "Users" AS u
    WHERE u."Phone" = @adminPhone)
2026-09-24 04:35:14.945 +03:00 [INF] Executed DbCommand (1ms) [Parameters=[@driverPhone='777000222'], CommandType='"Text"', CommandTimeout='30']
SELECT EXISTS (
    SELECT 1
    FROM "Users" AS u
    WHERE u."Phone" = @driverPhone)
2026-09-24 04:35:14.955 +03:00 [INF] Executed DbCommand (1ms) [Parameters=[], CommandType='"Text"', CommandTimeout='30']
SELECT EXISTS (
    SELECT 1
    FROM "Categories" AS c)
2026-09-24 04:35:14.970 +03:00 [INF] BS Store API starting on Development
2026-09-24 04:35:30.112 +03:00 [INF] HTTP GET /swagger responded 301 in 143.4073 ms
2026-09-24 04:35:30.371 +03:00 [INF] HTTP GET /swagger/index.html responded 200 in 188.4532 ms
2026-09-24 04:35:30.502 +03:00 [INF] HTTP GET /swagger/index.css responded 200 in 34.5072 ms
2026-09-24 04:35:30.579 +03:00 [INF] HTTP GET /swagger/index.js responded 200 in 1.7038 ms
2026-09-24 04:35:30.598 +03:00 [INF] HTTP GET /swagger/swagger-ui-standalone-preset.js responded 200 in 128.8287 ms
2026-09-24 04:35:30.601 +03:00 [INF] HTTP GET /swagger/swagger-ui.css responded 200 in 127.7836 ms
2026-09-24 04:35:30.697 +03:00 [INF] HTTP GET /swagger/swagger-ui-bundle.js responded 200 in 228.7618 ms
2026-09-24 04:35:34.628 +03:00 [INF] HTTP GET /swagger/favicon-32x32.png responded 200 in 0.3529 ms
2026-09-24 04:35:35.328 +03:00 [INF] HTTP GET /swagger/v1/swagger.json responded 200 in 828.5763 ms
2026-09-24 04:36:32.820 +03:00 [WRN] The query uses a row limiting operator ('Skip'/'Take') without an 'OrderBy' operator. This may lead to unpredictable results. If the 'Distinct' operator is used after 'OrderBy', then make sure to use the 'OrderBy' operator after 'Distinct' as the ordering would otherwise get erased.
2026-09-24 04:36:32.977 +03:00 [INF] Executed DbCommand (7ms) [Parameters=[@term_contains='%1%', @term_contains0='%1%', @p='20'], CommandType='"Text"', CommandTimeout='30']
SELECT p0."Id", p0."Name", p0."Description", p0."CategoryId", c."Name", p0."StoreId", s."Name", p0."SourceType", p0."SellingPrice", i."Quantity", p0."IsActive", c."Id", s."Id", i."Id", p1."ImageKey", p1."Id"
FROM (
    SELECT p."Id", p."CategoryId", p."Description", p."IsActive", p."Name", p."SellingPrice", p."SourceType", p."StoreId"
    FROM "Products" AS p
    WHERE NOT (p."IsDeleted") AND p."IsActive" AND (lower(p."Name") LIKE @term_contains OR lower(p."Description") LIKE @term_contains0)
    LIMIT @p
) AS p0
INNER JOIN "Categories" AS c ON p0."CategoryId" = c."Id"
INNER JOIN "Stores" AS s ON p0."StoreId" = s."Id"
LEFT JOIN "Inventories" AS i ON p0."Id" = i."ProductId"
LEFT JOIN "ProductImages" AS p1 ON p0."Id" = p1."ProductId"
ORDER BY p0."Id", c."Id", s."Id", i."Id", p1."SortOrder"
2026-09-24 04:36:33.055 +03:00 [INF] HTTP GET /api/products/search responded 200 in 571.6417 ms
2026-09-24 04:36:55.594 +03:00 [INF] HTTP GET /api/admin/dashboard responded 401 in 14.3303 ms
