2026-09-27 00:00:04.980 +03:00 [INF] Executed DbCommand (5ms) [Parameters=[@request_Phone='779999999'], CommandType='"Text"', CommandTimeout='30']
SELECT u."Id", u."CreatedAt", u."Email", u."FcmToken", u."IsActive", u."PasswordHash", u."Phone", u."Role", u."UpdatedAt", c."Id", c."CreatedAt", c."FullName", c."ProfileImageKey", c."UpdatedAt", c."UserId", d."Id", d."CreatedAt", d."FullName", d."Phone", d."Status", d."UpdatedAt", d."UserId"
FROM "Users" AS u
LEFT JOIN "Customers" AS c ON u."Id" = c."UserId"
LEFT JOIN "Drivers" AS d ON u."Id" = d."UserId"
WHERE u."Phone" = @request_Phone
LIMIT 1
2026-09-27 00:00:04.986 +03:00 [ERR] HTTP POST /api/auth/login responded 500 in 56.0894 ms
BSStore.Domain.Exceptions.BusinessRuleException: رقم الهاتف أو كلمة المرور غير صحيحة.
   at BSStore.Infrastructure.Services.AuthService.LoginAsync(LoginRequest request, CancellationToken ct) in D:\MyProjects\BS_Store\backend\src\BSStore.Infrastructure\Services\AuthService.cs:line 86
   at BSStore.API.Controllers.AuthController.Login(LoginRequest request, CancellationToken ct) in D:\MyProjects\BS_Store\backend\src\BSStore.API\Controllers\AuthController.cs:line 38
   at Microsoft.AspNetCore.Mvc.Infrastructure.ActionMethodExecutor.TaskOfIActionResultExecutor.Execute(ActionContext actionContext, IActionResultTypeMapper mapper, ObjectMethodExecutor executor, Object controller, Object[] arguments)
   at Microsoft.AspNetCore.Mvc.Infrastructure.ControllerActionInvoker.<InvokeActionMethodAsync>g__Awaited|12_0(ControllerActionInvoker invoker, ValueTask`1 actionResultValueTask)
   at Microsoft.AspNetCore.Mvc.Infrastructure.ControllerActionInvoker.<InvokeNextActionFilterAsync>g__Awaited|10_0(ControllerActionInvoker invoker, Task lastTask, State next, Scope scope, Object state, Boolean isCompleted)
   at Microsoft.AspNetCore.Mvc.Infrastructure.ControllerActionInvoker.Rethrow(ActionExecutedContextSealed context)
   at Microsoft.AspNetCore.Mvc.Infrastructure.ControllerActionInvoker.Next(State& next, Scope& scope, Object& state, Boolean& isCompleted)
   at Microsoft.AspNetCore.Mvc.Infrastructure.ControllerActionInvoker.<InvokeInnerFilterAsync>g__Awaited|13_0(ControllerActionInvoker invoker, Task lastTask, State next, Scope scope, Object state, Boolean isCompleted)
   at Microsoft.AspNetCore.Mvc.Infrastructure.ResourceInvoker.<InvokeFilterPipelineAsync>g__Awaited|20_0(ResourceInvoker invoker, Task lastTask, State next, Scope scope, Object state, Boolean isCompleted)
   at Microsoft.AspNetCore.Mvc.Infrastructure.ResourceInvoker.<InvokeAsync>g__Awaited|17_0(ResourceInvoker invoker, Task task, IDisposable scope)
   at Microsoft.AspNetCore.Mvc.Infrastructure.ResourceInvoker.<InvokeAsync>g__Awaited|17_0(ResourceInvoker invoker, Task task, IDisposable scope)
   at Microsoft.AspNetCore.Authorization.AuthorizationMiddleware.Invoke(HttpContext context)
   at Microsoft.AspNetCore.Authentication.AuthenticationMiddleware.Invoke(HttpContext context)
   at Microsoft.AspNetCore.RateLimiting.RateLimitingMiddleware.InvokeInternal(HttpContext context, EnableRateLimitingAttribute enableRateLimitingAttribute)
   at Swashbuckle.AspNetCore.SwaggerUI.SwaggerUIMiddleware.Invoke(HttpContext httpContext)
   at Swashbuckle.AspNetCore.Swagger.SwaggerMiddleware.Invoke(HttpContext httpContext, ISwaggerProvider swaggerProvider)
   at Serilog.AspNetCore.RequestLoggingMiddleware.Invoke(HttpContext httpContext)
2026-09-27 00:00:04.987 +03:00 [WRN] Business exception [INVALID_CREDENTIALS]: رقم الهاتف أو كلمة المرور غير صحيحة.
2026-09-27 00:00:04.996 +03:00 [INF] Executed DbCommand (1ms) [Parameters=[@request_Phone='778123456'], CommandType='"Text"', CommandTimeout='30']
SELECT u."Id", u."CreatedAt", u."Email", u."FcmToken", u."IsActive", u."PasswordHash", u."Phone", u."Role", u."UpdatedAt", c."Id", c."CreatedAt", c."FullName", c."ProfileImageKey", c."UpdatedAt", c."UserId", d."Id", d."CreatedAt", d."FullName", d."Phone", d."Status", d."UpdatedAt", d."UserId"
FROM "Users" AS u
LEFT JOIN "Customers" AS c ON u."Id" = c."UserId"
LEFT JOIN "Drivers" AS d ON u."Id" = d."UserId"
WHERE u."Phone" = @request_Phone
LIMIT 1
2026-09-27 00:00:05.498 +03:00 [INF] Executed DbCommand (2ms) [Parameters=[@p0='01a0df84-9df7-7141-8a30-2b9c24abdc5c', @p1='2026-09-26T21:00:05.4949413Z' (DbType = DateTime), @p2='2026-10-26T21:00:05.4949292Z' (DbType = DateTime), @p3='False', @p4='srp7HVEKV+r3SxiwytepmjiX4Y1gVpWFClauDVQLn9s=' (Nullable = false), @p5='2026-09-26T21:00:05.4949413Z' (DbType = DateTime), @p6='01a0df57-3fa7-7ff3-83c2-1c77a0d8e2a9'], CommandType='"Text"', CommandTimeout='30']
INSERT INTO "RefreshTokens" ("Id", "CreatedAt", "ExpiresAt", "IsRevoked", "TokenHash", "UpdatedAt", "UserId")
VALUES (@p0, @p1, @p2, @p3, @p4, @p5, @p6);
2026-09-27 00:00:05.499 +03:00 [INF] HTTP POST /api/auth/login responded 200 in 504.5773 ms
2026-09-27 00:00:05.545 +03:00 [INF] HTTP GET /api/addresses responded 404 in 42.6739 ms
2026-09-27 00:00:46.662 +03:00 [INF] Executed DbCommand (1ms) [Parameters=[@request_Phone='779999999'], CommandType='"Text"', CommandTimeout='30']
SELECT u."Id", u."CreatedAt", u."Email", u."FcmToken", u."IsActive", u."PasswordHash", u."Phone", u."Role", u."UpdatedAt", c."Id", c."CreatedAt", c."FullName", c."ProfileImageKey", c."UpdatedAt", c."UserId", d."Id", d."CreatedAt", d."FullName", d."Phone", d."Status", d."UpdatedAt", d."UserId"
FROM "Users" AS u
LEFT JOIN "Customers" AS c ON u."Id" = c."UserId"
LEFT JOIN "Drivers" AS d ON u."Id" = d."UserId"
WHERE u."Phone" = @request_Phone
LIMIT 1
2026-09-27 00:00:46.663 +03:00 [ERR] HTTP POST /api/auth/login responded 500 in 3.3945 ms
BSStore.Domain.Exceptions.BusinessRuleException: رقم الهاتف أو كلمة المرور غير صحيحة.
   at BSStore.Infrastructure.Services.AuthService.LoginAsync(LoginRequest request, CancellationToken ct) in D:\MyProjects\BS_Store\backend\src\BSStore.Infrastructure\Services\AuthService.cs:line 86
   at BSStore.API.Controllers.AuthController.Login(LoginRequest request, CancellationToken ct) in D:\MyProjects\BS_Store\backend\src\BSStore.API\Controllers\AuthController.cs:line 38
   at Microsoft.AspNetCore.Mvc.Infrastructure.ActionMethodExecutor.TaskOfIActionResultExecutor.Execute(ActionContext actionContext, IActionResultTypeMapper mapper, ObjectMethodExecutor executor, Object controller, Object[] arguments)
   at Microsoft.AspNetCore.Mvc.Infrastructure.ControllerActionInvoker.<InvokeActionMethodAsync>g__Awaited|12_0(ControllerActionInvoker invoker, ValueTask`1 actionResultValueTask)
   at Microsoft.AspNetCore.Mvc.Infrastructure.ControllerActionInvoker.<InvokeNextActionFilterAsync>g__Awaited|10_0(ControllerActionInvoker invoker, Task lastTask, State next, Scope scope, Object state, Boolean isCompleted)
   at Microsoft.AspNetCore.Mvc.Infrastructure.ControllerActionInvoker.Rethrow(ActionExecutedContextSealed context)
   at Microsoft.AspNetCore.Mvc.Infrastructure.ControllerActionInvoker.Next(State& next, Scope& scope, Object& state, Boolean& isCompleted)
   at Microsoft.AspNetCore.Mvc.Infrastructure.ControllerActionInvoker.<InvokeInnerFilterAsync>g__Awaited|13_0(ControllerActionInvoker invoker, Task lastTask, State next, Scope scope, Object state, Boolean isCompleted)
   at Microsoft.AspNetCore.Mvc.Infrastructure.ResourceInvoker.<InvokeFilterPipelineAsync>g__Awaited|20_0(ResourceInvoker invoker, Task lastTask, State next, Scope scope, Object state, Boolean isCompleted)
   at Microsoft.AspNetCore.Mvc.Infrastructure.ResourceInvoker.<InvokeAsync>g__Awaited|17_0(ResourceInvoker invoker, Task task, IDisposable scope)
   at Microsoft.AspNetCore.Mvc.Infrastructure.ResourceInvoker.<InvokeAsync>g__Awaited|17_0(ResourceInvoker invoker, Task task, IDisposable scope)
   at Microsoft.AspNetCore.Authorization.AuthorizationMiddleware.Invoke(HttpContext context)
   at Microsoft.AspNetCore.Authentication.AuthenticationMiddleware.Invoke(HttpContext context)
   at Microsoft.AspNetCore.RateLimiting.RateLimitingMiddleware.InvokeInternal(HttpContext context, EnableRateLimitingAttribute enableRateLimitingAttribute)
   at Swashbuckle.AspNetCore.SwaggerUI.SwaggerUIMiddleware.Invoke(HttpContext httpContext)
   at Swashbuckle.AspNetCore.Swagger.SwaggerMiddleware.Invoke(HttpContext httpContext, ISwaggerProvider swaggerProvider)
   at Serilog.AspNetCore.RequestLoggingMiddleware.Invoke(HttpContext httpContext)
2026-09-27 00:00:46.664 +03:00 [WRN] Business exception [INVALID_CREDENTIALS]: رقم الهاتف أو كلمة المرور غير صحيحة.
2026-09-27 00:00:46.674 +03:00 [INF] Executed DbCommand (1ms) [Parameters=[@request_Phone='778123456'], CommandType='"Text"', CommandTimeout='30']
SELECT u."Id", u."CreatedAt", u."Email", u."FcmToken", u."IsActive", u."PasswordHash", u."Phone", u."Role", u."UpdatedAt", c."Id", c."CreatedAt", c."FullName", c."ProfileImageKey", c."UpdatedAt", c."UserId", d."Id", d."CreatedAt", d."FullName", d."Phone", d."Status", d."UpdatedAt", d."UserId"
FROM "Users" AS u
LEFT JOIN "Customers" AS c ON u."Id" = c."UserId"
LEFT JOIN "Drivers" AS d ON u."Id" = d."UserId"
WHERE u."Phone" = @request_Phone
LIMIT 1
2026-09-27 00:00:47.039 +03:00 [INF] Executed DbCommand (1ms) [Parameters=[@p0='01a0df85-403d-7053-bbac-90dfa6bb1987', @p1='2026-09-26T21:00:47.0376813Z' (DbType = DateTime), @p2='2026-10-26T21:00:47.0376671Z' (DbType = DateTime), @p3='False', @p4='a4G4oYkyZ55/hF2NmF3tZ3FPkXQlcBawjio+PX6yUFY=' (Nullable = false), @p5='2026-09-26T21:00:47.0376813Z' (DbType = DateTime), @p6='01a0df57-3fa7-7ff3-83c2-1c77a0d8e2a9'], CommandType='"Text"', CommandTimeout='30']
INSERT INTO "RefreshTokens" ("Id", "CreatedAt", "ExpiresAt", "IsRevoked", "TokenHash", "UpdatedAt", "UserId")
VALUES (@p0, @p1, @p2, @p3, @p4, @p5, @p6);
2026-09-27 00:00:47.040 +03:00 [INF] HTTP POST /api/auth/login responded 200 in 368.1572 ms
2026-09-27 00:00:47.128 +03:00 [INF] Executed DbCommand (2ms) [Parameters=[@userId='01a0df57-3fa7-7ff3-83c2-1c77a0d8e2a9'], CommandType='"Text"', CommandTimeout='30']
SELECT c0."Id", c0."CreatedAt", c0."FullName", c0."ProfileImageKey", c0."UpdatedAt", c0."UserId", a."Id", a."Building", a."City", a."CreatedAt", a."CustomerId", a."Description", a."District", a."IsDefault", a."Label", a."Latitude", a."Longitude", a."Street", a."UpdatedAt"
FROM (
    SELECT c."Id", c."CreatedAt", c."FullName", c."ProfileImageKey", c."UpdatedAt", c."UserId"
    FROM "Customers" AS c
    WHERE c."UserId" = @userId
    LIMIT 1
) AS c0
LEFT JOIN "Addresses" AS a ON c0."Id" = a."CustomerId"
ORDER BY c0."Id"
2026-09-27 00:00:47.176 +03:00 [INF] HTTP GET /api/customers/addresses responded 200 in 132.2430 ms
2026-09-27 00:00:47.181 +03:00 [INF] Executed DbCommand (1ms) [Parameters=[@request_Phone='777000000'], CommandType='"Text"', CommandTimeout='30']
SELECT u."Id", u."CreatedAt", u."Email", u."FcmToken", u."IsActive", u."PasswordHash", u."Phone", u."Role", u."UpdatedAt", c."Id", c."CreatedAt", c."FullName", c."ProfileImageKey", c."UpdatedAt", c."UserId", d."Id", d."CreatedAt", d."FullName", d."Phone", d."Status", d."UpdatedAt", d."UserId"
FROM "Users" AS u
LEFT JOIN "Customers" AS c ON u."Id" = c."UserId"
LEFT JOIN "Drivers" AS d ON u."Id" = d."UserId"
WHERE u."Phone" = @request_Phone
LIMIT 1
2026-09-27 00:00:47.522 +03:00 [INF] Executed DbCommand (1ms) [Parameters=[@p0='01a0df85-421f-7db9-82fc-e604cc71b2d6', @p1='2026-09-26T21:00:47.5194682Z' (DbType = DateTime), @p2='2026-10-26T21:00:47.5194456Z' (DbType = DateTime), @p3='False', @p4='NsDtKJzS2sxocgbMqj4AAh4dMqVBrPZrOESiTBz+uO8=' (Nullable = false), @p5='2026-09-26T21:00:47.5194683Z' (DbType = DateTime), @p6='4c39b4c4-f51d-4fad-a42c-d03db9ef7d62'], CommandType='"Text"', CommandTimeout='30']
INSERT INTO "RefreshTokens" ("Id", "CreatedAt", "ExpiresAt", "IsRevoked", "TokenHash", "UpdatedAt", "UserId")
VALUES (@p0, @p1, @p2, @p3, @p4, @p5, @p6);
2026-09-27 00:00:47.522 +03:00 [INF] HTTP POST /api/auth/login responded 200 in 343.8276 ms
2026-09-27 00:01:02.310 +03:00 [INF] Executed DbCommand (1ms) [Parameters=[@request_Phone='779999999'], CommandType='"Text"', CommandTimeout='30']
SELECT u."Id", u."CreatedAt", u."Email", u."FcmToken", u."IsActive", u."PasswordHash", u."Phone", u."Role", u."UpdatedAt", c."Id", c."CreatedAt", c."FullName", c."ProfileImageKey", c."UpdatedAt", c."UserId", d."Id", d."CreatedAt", d."FullName", d."Phone", d."Status", d."UpdatedAt", d."UserId"
FROM "Users" AS u
LEFT JOIN "Customers" AS c ON u."Id" = c."UserId"
LEFT JOIN "Drivers" AS d ON u."Id" = d."UserId"
WHERE u."Phone" = @request_Phone
LIMIT 1
2026-09-27 00:01:02.310 +03:00 [ERR] HTTP POST /api/auth/login responded 500 in 3.1682 ms
BSStore.Domain.Exceptions.BusinessRuleException: رقم الهاتف أو كلمة المرور غير صحيحة.
   at BSStore.Infrastructure.Services.AuthService.LoginAsync(LoginRequest request, CancellationToken ct) in D:\MyProjects\BS_Store\backend\src\BSStore.Infrastructure\Services\AuthService.cs:line 86
   at BSStore.API.Controllers.AuthController.Login(LoginRequest request, CancellationToken ct) in D:\MyProjects\BS_Store\backend\src\BSStore.API\Controllers\AuthController.cs:line 38
   at Microsoft.AspNetCore.Mvc.Infrastructure.ActionMethodExecutor.TaskOfIActionResultExecutor.Execute(ActionContext actionContext, IActionResultTypeMapper mapper, ObjectMethodExecutor executor, Object controller, Object[] arguments)
   at Microsoft.AspNetCore.Mvc.Infrastructure.ControllerActionInvoker.<InvokeActionMethodAsync>g__Awaited|12_0(ControllerActionInvoker invoker, ValueTask`1 actionResultValueTask)
   at Microsoft.AspNetCore.Mvc.Infrastructure.ControllerActionInvoker.<InvokeNextActionFilterAsync>g__Awaited|10_0(ControllerActionInvoker invoker, Task lastTask, State next, Scope scope, Object state, Boolean isCompleted)
   at Microsoft.AspNetCore.Mvc.Infrastructure.ControllerActionInvoker.Rethrow(ActionExecutedContextSealed context)
   at Microsoft.AspNetCore.Mvc.Infrastructure.ControllerActionInvoker.Next(State& next, Scope& scope, Object& state, Boolean& isCompleted)
   at Microsoft.AspNetCore.Mvc.Infrastructure.ControllerActionInvoker.<InvokeInnerFilterAsync>g__Awaited|13_0(ControllerActionInvoker invoker, Task lastTask, State next, Scope scope, Object state, Boolean isCompleted)
   at Microsoft.AspNetCore.Mvc.Infrastructure.ResourceInvoker.<InvokeFilterPipelineAsync>g__Awaited|20_0(ResourceInvoker invoker, Task lastTask, State next, Scope scope, Object state, Boolean isCompleted)
   at Microsoft.AspNetCore.Mvc.Infrastructure.ResourceInvoker.<InvokeAsync>g__Awaited|17_0(ResourceInvoker invoker, Task task, IDisposable scope)
   at Microsoft.AspNetCore.Mvc.Infrastructure.ResourceInvoker.<InvokeAsync>g__Awaited|17_0(ResourceInvoker invoker, Task task, IDisposable scope)
   at Microsoft.AspNetCore.Authorization.AuthorizationMiddleware.Invoke(HttpContext context)
   at Microsoft.AspNetCore.Authentication.AuthenticationMiddleware.Invoke(HttpContext context)
   at Microsoft.AspNetCore.RateLimiting.RateLimitingMiddleware.InvokeInternal(HttpContext context, EnableRateLimitingAttribute enableRateLimitingAttribute)
   at Swashbuckle.AspNetCore.SwaggerUI.SwaggerUIMiddleware.Invoke(HttpContext httpContext)
   at Swashbuckle.AspNetCore.Swagger.SwaggerMiddleware.Invoke(HttpContext httpContext, ISwaggerProvider swaggerProvider)
   at Serilog.AspNetCore.RequestLoggingMiddleware.Invoke(HttpContext httpContext)
2026-09-27 00:01:02.312 +03:00 [WRN] Business exception [INVALID_CREDENTIALS]: رقم الهاتف أو كلمة المرور غير صحيحة.
2026-09-27 00:01:02.320 +03:00 [INF] Executed DbCommand (1ms) [Parameters=[@request_Phone='778123456'], CommandType='"Text"', CommandTimeout='30']
SELECT u."Id", u."CreatedAt", u."Email", u."FcmToken", u."IsActive", u."PasswordHash", u."Phone", u."Role", u."UpdatedAt", c."Id", c."CreatedAt", c."FullName", c."ProfileImageKey", c."UpdatedAt", c."UserId", d."Id", d."CreatedAt", d."FullName", d."Phone", d."Status", d."UpdatedAt", d."UserId"
FROM "Users" AS u
LEFT JOIN "Customers" AS c ON u."Id" = c."UserId"
LEFT JOIN "Drivers" AS d ON u."Id" = d."UserId"
WHERE u."Phone" = @request_Phone
LIMIT 1
2026-09-27 00:01:02.662 +03:00 [INF] Executed DbCommand (2ms) [Parameters=[@p0='01a0df85-7d44-78fa-ad9a-fd78cacaf1cd', @p1='2026-09-26T21:01:02.6600440Z' (DbType = DateTime), @p2='2026-10-26T21:01:02.6600324Z' (DbType = DateTime), @p3='False', @p4='4XEHV3oqB0GDs7JptS8tffjsCDdKJ6Ps4/krdGOh0K0=' (Nullable = false), @p5='2026-09-26T21:01:02.6600440Z' (DbType = DateTime), @p6='01a0df57-3fa7-7ff3-83c2-1c77a0d8e2a9'], CommandType='"Text"', CommandTimeout='30']
INSERT INTO "RefreshTokens" ("Id", "CreatedAt", "ExpiresAt", "IsRevoked", "TokenHash", "UpdatedAt", "UserId")
VALUES (@p0, @p1, @p2, @p3, @p4, @p5, @p6);
2026-09-27 00:01:02.663 +03:00 [INF] HTTP POST /api/auth/login responded 200 in 344.8580 ms
2026-09-27 00:01:02.670 +03:00 [INF] Executed DbCommand (1ms) [Parameters=[@userId='01a0df57-3fa7-7ff3-83c2-1c77a0d8e2a9'], CommandType='"Text"', CommandTimeout='30']
SELECT c0."Id", c0."CreatedAt", c0."FullName", c0."ProfileImageKey", c0."UpdatedAt", c0."UserId", a."Id", a."Building", a."City", a."CreatedAt", a."CustomerId", a."Description", a."District", a."IsDefault", a."Label", a."Latitude", a."Longitude", a."Street", a."UpdatedAt"
FROM (
    SELECT c."Id", c."CreatedAt", c."FullName", c."ProfileImageKey", c."UpdatedAt", c."UserId"
    FROM "Customers" AS c
    WHERE c."UserId" = @userId
    LIMIT 1
) AS c0
LEFT JOIN "Addresses" AS a ON c0."Id" = a."CustomerId"
ORDER BY c0."Id"
2026-09-27 00:01:02.671 +03:00 [INF] HTTP GET /api/customers/addresses responded 200 in 4.1147 ms
2026-09-27 00:01:02.677 +03:00 [INF] Executed DbCommand (1ms) [Parameters=[@request_Phone='777000000'], CommandType='"Text"', CommandTimeout='30']
SELECT u."Id", u."CreatedAt", u."Email", u."FcmToken", u."IsActive", u."PasswordHash", u."Phone", u."Role", u."UpdatedAt", c."Id", c."CreatedAt", c."FullName", c."ProfileImageKey", c."UpdatedAt", c."UserId", d."Id", d."CreatedAt", d."FullName", d."Phone", d."Status", d."UpdatedAt", d."UserId"
FROM "Users" AS u
LEFT JOIN "Customers" AS c ON u."Id" = c."UserId"
LEFT JOIN "Drivers" AS d ON u."Id" = d."UserId"
WHERE u."Phone" = @request_Phone
LIMIT 1
2026-09-27 00:01:03.038 +03:00 [INF] Executed DbCommand (1ms) [Parameters=[@p0='01a0df85-7ebc-7bcb-a9f1-ece39498bdc9', @p1='2026-09-26T21:01:03.0361116Z' (DbType = DateTime), @p2='2026-10-26T21:01:03.0360874Z' (DbType = DateTime), @p3='False', @p4='GHKzb3P/LpMAkkCNO+myoHWWS2mkxl/Ha2c9lpb5oyE=' (Nullable = false), @p5='2026-09-26T21:01:03.0361116Z' (DbType = DateTime), @p6='4c39b4c4-f51d-4fad-a42c-d03db9ef7d62'], CommandType='"Text"', CommandTimeout='30']
INSERT INTO "RefreshTokens" ("Id", "CreatedAt", "ExpiresAt", "IsRevoked", "TokenHash", "UpdatedAt", "UserId")
VALUES (@p0, @p1, @p2, @p3, @p4, @p5, @p6);
2026-09-27 00:01:03.039 +03:00 [INF] HTTP POST /api/auth/login responded 200 in 364.2014 ms
2026-09-27 00:03:07.729 +03:00 [WRN] Entity 'Product' has a global query filter defined and is the required end of a relationship with the entity 'CartItem'. This may lead to unexpected results when the required entity is filtered out. Either configure the navigation as optional, or define matching query filters for both entities in the navigation. See https://go.microsoft.com/fwlink/?linkid=2131316 for more information.
2026-09-27 00:03:07.800 +03:00 [WRN] Entity 'Product' has a global query filter defined and is the required end of a relationship with the entity 'InventoryTransaction'. This may lead to unexpected results when the required entity is filtered out. Either configure the navigation as optional, or define matching query filters for both entities in the navigation. See https://go.microsoft.com/fwlink/?linkid=2131316 for more information.
2026-09-27 00:03:07.805 +03:00 [WRN] Entity 'Product' has a global query filter defined and is the required end of a relationship with the entity 'ProductImage'. This may lead to unexpected results when the required entity is filtered out. Either configure the navigation as optional, or define matching query filters for both entities in the navigation. See https://go.microsoft.com/fwlink/?linkid=2131316 for more information.
2026-09-27 00:03:07.820 +03:00 [WRN] Sensitive data logging is enabled. Log entries and exception messages may include sensitive application data; this mode should only be enabled during development.
2026-09-27 00:03:08.529 +03:00 [INF] Executed DbCommand (45ms) [Parameters=[], CommandType='"Text"', CommandTimeout='30']
SELECT "MigrationId", "ProductVersion"
FROM "__EFMigrationsHistory"
ORDER BY "MigrationId";
2026-09-27 00:03:08.886 +03:00 [INF] Executed DbCommand (11ms) [Parameters=[], CommandType='"Text"', CommandTimeout='30']
SELECT 1
2026-09-27 00:03:08.967 +03:00 [INF] Executed DbCommand (6ms) [Parameters=[], CommandType='"Text"', CommandTimeout='30']
CREATE TABLE IF NOT EXISTS "__EFMigrationsHistory" (
    "MigrationId" character varying(150) NOT NULL,
    "ProductVersion" character varying(32) NOT NULL,
    CONSTRAINT "PK___EFMigrationsHistory" PRIMARY KEY ("MigrationId")
);
2026-09-27 00:03:08.986 +03:00 [INF] Executed DbCommand (1ms) [Parameters=[], CommandType='"Text"', CommandTimeout='30']
LOCK TABLE "__EFMigrationsHistory" IN ACCESS EXCLUSIVE MODE
2026-09-27 00:03:08.992 +03:00 [INF] Executed DbCommand (2ms) [Parameters=[], CommandType='"Text"', CommandTimeout='30']
SELECT "MigrationId", "ProductVersion"
FROM "__EFMigrationsHistory"
ORDER BY "MigrationId";
2026-09-27 00:03:09.006 +03:00 [INF] Database migration applied successfully.
2026-09-27 00:03:09.162 +03:00 [WRN] The query uses the 'First'/'FirstOrDefault' operator without 'OrderBy' and filter operators. This may lead to unpredictable results.
2026-09-27 00:03:09.331 +03:00 [INF] Executed DbCommand (2ms) [Parameters=[], CommandType='"Text"', CommandTimeout='30']
SELECT d."Id", d."BaseDistanceKm", d."BaseFee", d."FreeDeliveryRadius", d."IsEnabled", d."PerKmFee", d."UpdatedAt", d."UpdatedBy"
FROM "DeliverySettings" AS d
LIMIT 1
2026-09-27 00:03:09.452 +03:00 [INF] Executed DbCommand (1ms) [Parameters=[], CommandType='"Text"', CommandTimeout='30']
SELECT EXISTS (
    SELECT 1
    FROM "PaymentSettings" AS p)
2026-09-27 00:03:09.460 +03:00 [INF] Executed DbCommand (1ms) [Parameters=[], CommandType='"Text"', CommandTimeout='30']
SELECT EXISTS (
    SELECT 1
    FROM "CancellationReasons" AS c)
2026-09-27 00:03:09.533 +03:00 [INF] Executed DbCommand (10ms) [Parameters=[@adminPhone='777000000'], CommandType='"Text"', CommandTimeout='30']
SELECT EXISTS (
    SELECT 1
    FROM "Users" AS u
    WHERE u."Phone" = @adminPhone)
2026-09-27 00:03:09.539 +03:00 [INF] Executed DbCommand (1ms) [Parameters=[@driverPhone='777000222'], CommandType='"Text"', CommandTimeout='30']
SELECT EXISTS (
    SELECT 1
    FROM "Users" AS u
    WHERE u."Phone" = @driverPhone)
2026-09-27 00:03:09.546 +03:00 [INF] Executed DbCommand (1ms) [Parameters=[@customerPhone='778123456'], CommandType='"Text"', CommandTimeout='30']
SELECT EXISTS (
    SELECT 1
    FROM "Users" AS u
    WHERE u."Phone" = @customerPhone)
2026-09-27 00:03:09.553 +03:00 [INF] Executed DbCommand (2ms) [Parameters=[], CommandType='"Text"', CommandTimeout='30']
SELECT EXISTS (
    SELECT 1
    FROM "Categories" AS c)
2026-09-27 00:03:09.563 +03:00 [INF] BS Store API starting on Development
2026-09-27 00:16:40.179 +03:00 [WRN] Entity 'Product' has a global query filter defined and is the required end of a relationship with the entity 'CartItem'. This may lead to unexpected results when the required entity is filtered out. Either configure the navigation as optional, or define matching query filters for both entities in the navigation. See https://go.microsoft.com/fwlink/?linkid=2131316 for more information.
2026-09-27 00:16:40.224 +03:00 [WRN] Entity 'Product' has a global query filter defined and is the required end of a relationship with the entity 'InventoryTransaction'. This may lead to unexpected results when the required entity is filtered out. Either configure the navigation as optional, or define matching query filters for both entities in the navigation. See https://go.microsoft.com/fwlink/?linkid=2131316 for more information.
2026-09-27 00:16:40.225 +03:00 [WRN] Entity 'Product' has a global query filter defined and is the required end of a relationship with the entity 'ProductImage'. This may lead to unexpected results when the required entity is filtered out. Either configure the navigation as optional, or define matching query filters for both entities in the navigation. See https://go.microsoft.com/fwlink/?linkid=2131316 for more information.
2026-09-27 00:16:40.232 +03:00 [WRN] Sensitive data logging is enabled. Log entries and exception messages may include sensitive application data; this mode should only be enabled during development.
2026-09-27 00:16:40.724 +03:00 [INF] Executed DbCommand (24ms) [Parameters=[], CommandType='"Text"', CommandTimeout='30']
SELECT "MigrationId", "ProductVersion"
FROM "__EFMigrationsHistory"
ORDER BY "MigrationId";
2026-09-27 00:16:41.057 +03:00 [INF] Executed DbCommand (12ms) [Parameters=[], CommandType='"Text"', CommandTimeout='30']
SELECT 1
2026-09-27 00:16:41.159 +03:00 [INF] Executed DbCommand (7ms) [Parameters=[], CommandType='"Text"', CommandTimeout='30']
CREATE TABLE IF NOT EXISTS "__EFMigrationsHistory" (
    "MigrationId" character varying(150) NOT NULL,
    "ProductVersion" character varying(32) NOT NULL,
    CONSTRAINT "PK___EFMigrationsHistory" PRIMARY KEY ("MigrationId")
);
2026-09-27 00:16:41.179 +03:00 [INF] Executed DbCommand (1ms) [Parameters=[], CommandType='"Text"', CommandTimeout='30']
LOCK TABLE "__EFMigrationsHistory" IN ACCESS EXCLUSIVE MODE
2026-09-27 00:16:41.185 +03:00 [INF] Executed DbCommand (2ms) [Parameters=[], CommandType='"Text"', CommandTimeout='30']
SELECT "MigrationId", "ProductVersion"
FROM "__EFMigrationsHistory"
ORDER BY "MigrationId";
2026-09-27 00:16:41.196 +03:00 [INF] Database migration applied successfully.
2026-09-27 00:16:41.390 +03:00 [WRN] The query uses the 'First'/'FirstOrDefault' operator without 'OrderBy' and filter operators. This may lead to unpredictable results.
2026-09-27 00:16:41.530 +03:00 [INF] Executed DbCommand (1ms) [Parameters=[], CommandType='"Text"', CommandTimeout='30']
SELECT d."Id", d."BaseDistanceKm", d."BaseFee", d."FreeDeliveryRadius", d."IsEnabled", d."PerKmFee", d."UpdatedAt", d."UpdatedBy"
FROM "DeliverySettings" AS d
LIMIT 1
2026-09-27 00:16:41.655 +03:00 [INF] Executed DbCommand (1ms) [Parameters=[], CommandType='"Text"', CommandTimeout='30']
SELECT EXISTS (
    SELECT 1
    FROM "PaymentSettings" AS p)
2026-09-27 00:16:41.662 +03:00 [INF] Executed DbCommand (1ms) [Parameters=[], CommandType='"Text"', CommandTimeout='30']
SELECT EXISTS (
    SELECT 1
    FROM "CancellationReasons" AS c)
2026-09-27 00:16:41.755 +03:00 [INF] Executed DbCommand (14ms) [Parameters=[@adminPhone='777000000'], CommandType='"Text"', CommandTimeout='30']
SELECT EXISTS (
    SELECT 1
    FROM "Users" AS u
    WHERE u."Phone" = @adminPhone)
2026-09-27 00:16:41.759 +03:00 [INF] Executed DbCommand (1ms) [Parameters=[@driverPhone='777000222'], CommandType='"Text"', CommandTimeout='30']
SELECT EXISTS (
    SELECT 1
    FROM "Users" AS u
    WHERE u."Phone" = @driverPhone)
2026-09-27 00:16:41.765 +03:00 [INF] Executed DbCommand (1ms) [Parameters=[], CommandType='"Text"', CommandTimeout='30']
SELECT EXISTS (
    SELECT 1
    FROM "Categories" AS c)
2026-09-27 00:16:41.771 +03:00 [INF] BS Store API starting on Development
2026-09-27 00:18:29.182 +03:00 [INF] Executed DbCommand (3ms) [Parameters=[@request_Phone='779999999'], CommandType='"Text"', CommandTimeout='30']
SELECT u."Id", u."CreatedAt", u."Email", u."FcmToken", u."IsActive", u."PasswordHash", u."Phone", u."Role", u."UpdatedAt", c."Id", c."CreatedAt", c."FullName", c."ProfileImageKey", c."UpdatedAt", c."UserId", d."Id", d."CreatedAt", d."FullName", d."Phone", d."Status", d."UpdatedAt", d."UserId"
FROM "Users" AS u
LEFT JOIN "Customers" AS c ON u."Id" = c."UserId"
LEFT JOIN "Drivers" AS d ON u."Id" = d."UserId"
WHERE u."Phone" = @request_Phone
LIMIT 1
2026-09-27 00:18:29.196 +03:00 [ERR] HTTP POST /api/auth/login responded 500 in 253.4018 ms
BSStore.Domain.Exceptions.BusinessRuleException: رقم الهاتف أو كلمة المرور غير صحيحة.
   at BSStore.Infrastructure.Services.AuthService.LoginAsync(LoginRequest request, CancellationToken ct) in D:\MyProjects\BS_Store\backend\src\BSStore.Infrastructure\Services\AuthService.cs:line 86
   at BSStore.API.Controllers.AuthController.Login(LoginRequest request, CancellationToken ct) in D:\MyProjects\BS_Store\backend\src\BSStore.API\Controllers\AuthController.cs:line 38
   at Microsoft.AspNetCore.Mvc.Infrastructure.ActionMethodExecutor.TaskOfIActionResultExecutor.Execute(ActionContext actionContext, IActionResultTypeMapper mapper, ObjectMethodExecutor executor, Object controller, Object[] arguments)
   at Microsoft.AspNetCore.Mvc.Infrastructure.ControllerActionInvoker.<InvokeActionMethodAsync>g__Awaited|12_0(ControllerActionInvoker invoker, ValueTask`1 actionResultValueTask)
   at Microsoft.AspNetCore.Mvc.Infrastructure.ControllerActionInvoker.<InvokeNextActionFilterAsync>g__Awaited|10_0(ControllerActionInvoker invoker, Task lastTask, State next, Scope scope, Object state, Boolean isCompleted)
   at Microsoft.AspNetCore.Mvc.Infrastructure.ControllerActionInvoker.Rethrow(ActionExecutedContextSealed context)
   at Microsoft.AspNetCore.Mvc.Infrastructure.ControllerActionInvoker.Next(State& next, Scope& scope, Object& state, Boolean& isCompleted)
   at Microsoft.AspNetCore.Mvc.Infrastructure.ControllerActionInvoker.<InvokeInnerFilterAsync>g__Awaited|13_0(ControllerActionInvoker invoker, Task lastTask, State next, Scope scope, Object state, Boolean isCompleted)
   at Microsoft.AspNetCore.Mvc.Infrastructure.ResourceInvoker.<InvokeFilterPipelineAsync>g__Awaited|20_0(ResourceInvoker invoker, Task lastTask, State next, Scope scope, Object state, Boolean isCompleted)
   at Microsoft.AspNetCore.Mvc.Infrastructure.ResourceInvoker.<InvokeAsync>g__Awaited|17_0(ResourceInvoker invoker, Task task, IDisposable scope)
   at Microsoft.AspNetCore.Mvc.Infrastructure.ResourceInvoker.<InvokeAsync>g__Awaited|17_0(ResourceInvoker invoker, Task task, IDisposable scope)
   at Microsoft.AspNetCore.Authorization.AuthorizationMiddleware.Invoke(HttpContext context)
   at Microsoft.AspNetCore.Authentication.AuthenticationMiddleware.Invoke(HttpContext context)
   at Microsoft.AspNetCore.RateLimiting.RateLimitingMiddleware.InvokeInternal(HttpContext context, EnableRateLimitingAttribute enableRateLimitingAttribute)
   at Swashbuckle.AspNetCore.SwaggerUI.SwaggerUIMiddleware.Invoke(HttpContext httpContext)
   at Swashbuckle.AspNetCore.Swagger.SwaggerMiddleware.Invoke(HttpContext httpContext, ISwaggerProvider swaggerProvider)
   at Serilog.AspNetCore.RequestLoggingMiddleware.Invoke(HttpContext httpContext)
2026-09-27 00:18:29.214 +03:00 [WRN] Business exception [INVALID_CREDENTIALS]: رقم الهاتف أو كلمة المرور غير صحيحة.
2026-09-27 00:18:29.330 +03:00 [INF] Executed DbCommand (1ms) [Parameters=[@request_Phone='778123456'], CommandType='"Text"', CommandTimeout='30']
SELECT u."Id", u."CreatedAt", u."Email", u."FcmToken", u."IsActive", u."PasswordHash", u."Phone", u."Role", u."UpdatedAt", c."Id", c."CreatedAt", c."FullName", c."ProfileImageKey", c."UpdatedAt", c."UserId", d."Id", d."CreatedAt", d."FullName", d."Phone", d."Status", d."UpdatedAt", d."UserId"
FROM "Users" AS u
LEFT JOIN "Customers" AS c ON u."Id" = c."UserId"
LEFT JOIN "Drivers" AS d ON u."Id" = d."UserId"
WHERE u."Phone" = @request_Phone
LIMIT 1
2026-09-27 00:18:30.506 +03:00 [INF] Executed DbCommand (6ms) [Parameters=[@p0='01a0df95-79d9-71ec-9038-8533757c7dad', @p1='2026-09-26T21:18:30.3442266Z' (DbType = DateTime), @p2='2026-10-26T21:18:30.3437962Z' (DbType = DateTime), @p3='False', @p4='UG2+RV/FEzwPItIRVJPza2e7t2paKiSIXNZcac7rg6E=' (Nullable = false), @p5='2026-09-26T21:18:30.3442267Z' (DbType = DateTime), @p6='01a0df57-3fa7-7ff3-83c2-1c77a0d8e2a9'], CommandType='"Text"', CommandTimeout='30']
INSERT INTO "RefreshTokens" ("Id", "CreatedAt", "ExpiresAt", "IsRevoked", "TokenHash", "UpdatedAt", "UserId")
VALUES (@p0, @p1, @p2, @p3, @p4, @p5, @p6);
2026-09-27 00:18:30.538 +03:00 [INF] HTTP POST /api/auth/login responded 200 in 1302.1880 ms
2026-09-27 00:18:30.669 +03:00 [INF] Executed DbCommand (2ms) [Parameters=[@userId='01a0df57-3fa7-7ff3-83c2-1c77a0d8e2a9'], CommandType='"Text"', CommandTimeout='30']
SELECT c0."Id", c0."CreatedAt", c0."FullName", c0."ProfileImageKey", c0."UpdatedAt", c0."UserId", a."Id", a."Building", a."City", a."CreatedAt", a."CustomerId", a."Description", a."District", a."IsDefault", a."Label", a."Latitude", a."Longitude", a."Street", a."UpdatedAt"
FROM (
    SELECT c."Id", c."CreatedAt", c."FullName", c."ProfileImageKey", c."UpdatedAt", c."UserId"
    FROM "Customers" AS c
    WHERE c."UserId" = @userId
    LIMIT 1
) AS c0
LEFT JOIN "Addresses" AS a ON c0."Id" = a."CustomerId"
ORDER BY c0."Id"
2026-09-27 00:18:30.747 +03:00 [INF] HTTP GET /api/customers/addresses responded 200 in 202.6834 ms
2026-09-27 00:18:30.756 +03:00 [INF] Executed DbCommand (2ms) [Parameters=[@request_Phone='777000000'], CommandType='"Text"', CommandTimeout='30']
SELECT u."Id", u."CreatedAt", u."Email", u."FcmToken", u."IsActive", u."PasswordHash", u."Phone", u."Role", u."UpdatedAt", c."Id", c."CreatedAt", c."FullName", c."ProfileImageKey", c."UpdatedAt", c."UserId", d."Id", d."CreatedAt", d."FullName", d."Phone", d."Status", d."UpdatedAt", d."UserId"
FROM "Users" AS u
LEFT JOIN "Customers" AS c ON u."Id" = c."UserId"
LEFT JOIN "Drivers" AS d ON u."Id" = d."UserId"
WHERE u."Phone" = @request_Phone
LIMIT 1
2026-09-27 00:18:31.659 +03:00 [INF] Executed DbCommand (4ms) [Parameters=[@p0='01a0df95-7ee6-7681-888e-28af7976b717', @p1='2026-09-26T21:18:31.6529862Z' (DbType = DateTime), @p2='2026-10-26T21:18:31.6529723Z' (DbType = DateTime), @p3='False', @p4='HPIT3w52h71SChdh2gOoDVn3aLK8duC3bEL8rtVs8Fs=' (Nullable = false), @p5='2026-09-26T21:18:31.6529862Z' (DbType = DateTime), @p6='4c39b4c4-f51d-4fad-a42c-d03db9ef7d62'], CommandType='"Text"', CommandTimeout='30']
INSERT INTO "RefreshTokens" ("Id", "CreatedAt", "ExpiresAt", "IsRevoked", "TokenHash", "UpdatedAt", "UserId")
VALUES (@p0, @p1, @p2, @p3, @p4, @p5, @p6);
2026-09-27 00:18:31.660 +03:00 [INF] HTTP POST /api/auth/login responded 200 in 910.3996 ms
2026-09-27 00:31:30.697 +03:00 [WRN] Entity 'Product' has a global query filter defined and is the required end of a relationship with the entity 'CartItem'. This may lead to unexpected results when the required entity is filtered out. Either configure the navigation as optional, or define matching query filters for both entities in the navigation. See https://go.microsoft.com/fwlink/?linkid=2131316 for more information.
2026-09-27 00:31:30.746 +03:00 [WRN] Entity 'Product' has a global query filter defined and is the required end of a relationship with the entity 'InventoryTransaction'. This may lead to unexpected results when the required entity is filtered out. Either configure the navigation as optional, or define matching query filters for both entities in the navigation. See https://go.microsoft.com/fwlink/?linkid=2131316 for more information.
2026-09-27 00:31:30.746 +03:00 [WRN] Entity 'Product' has a global query filter defined and is the required end of a relationship with the entity 'ProductImage'. This may lead to unexpected results when the required entity is filtered out. Either configure the navigation as optional, or define matching query filters for both entities in the navigation. See https://go.microsoft.com/fwlink/?linkid=2131316 for more information.
2026-09-27 00:31:30.755 +03:00 [WRN] Sensitive data logging is enabled. Log entries and exception messages may include sensitive application data; this mode should only be enabled during development.
2026-09-27 00:31:31.312 +03:00 [INF] Executed DbCommand (29ms) [Parameters=[], CommandType='"Text"', CommandTimeout='30']
SELECT "MigrationId", "ProductVersion"
FROM "__EFMigrationsHistory"
ORDER BY "MigrationId";
2026-09-27 00:31:31.681 +03:00 [INF] Executed DbCommand (10ms) [Parameters=[], CommandType='"Text"', CommandTimeout='30']
SELECT 1
2026-09-27 00:31:31.767 +03:00 [INF] Executed DbCommand (7ms) [Parameters=[], CommandType='"Text"', CommandTimeout='30']
CREATE TABLE IF NOT EXISTS "__EFMigrationsHistory" (
    "MigrationId" character varying(150) NOT NULL,
    "ProductVersion" character varying(32) NOT NULL,
    CONSTRAINT "PK___EFMigrationsHistory" PRIMARY KEY ("MigrationId")
);
2026-09-27 00:31:31.796 +03:00 [INF] Executed DbCommand (1ms) [Parameters=[], CommandType='"Text"', CommandTimeout='30']
LOCK TABLE "__EFMigrationsHistory" IN ACCESS EXCLUSIVE MODE
2026-09-27 00:31:31.802 +03:00 [INF] Executed DbCommand (3ms) [Parameters=[], CommandType='"Text"', CommandTimeout='30']
SELECT "MigrationId", "ProductVersion"
FROM "__EFMigrationsHistory"
ORDER BY "MigrationId";
2026-09-27 00:31:31.817 +03:00 [INF] Database migration applied successfully.
2026-09-27 00:31:32.031 +03:00 [WRN] The query uses the 'First'/'FirstOrDefault' operator without 'OrderBy' and filter operators. This may lead to unpredictable results.
2026-09-27 00:31:32.276 +03:00 [INF] Executed DbCommand (4ms) [Parameters=[], CommandType='"Text"', CommandTimeout='30']
SELECT d."Id", d."BaseDistanceKm", d."BaseFee", d."FreeDeliveryRadius", d."IsEnabled", d."PerKmFee", d."UpdatedAt", d."UpdatedBy"
FROM "DeliverySettings" AS d
LIMIT 1
2026-09-27 00:31:32.479 +03:00 [INF] Executed DbCommand (2ms) [Parameters=[], CommandType='"Text"', CommandTimeout='30']
SELECT EXISTS (
    SELECT 1
    FROM "PaymentSettings" AS p)
2026-09-27 00:31:32.490 +03:00 [INF] Executed DbCommand (3ms) [Parameters=[], CommandType='"Text"', CommandTimeout='30']
SELECT EXISTS (
    SELECT 1
    FROM "CancellationReasons" AS c)
2026-09-27 00:31:32.582 +03:00 [INF] Executed DbCommand (24ms) [Parameters=[@adminPhone='777000000'], CommandType='"Text"', CommandTimeout='30']
SELECT EXISTS (
    SELECT 1
    FROM "Users" AS u
    WHERE u."Phone" = @adminPhone)
2026-09-27 00:31:32.587 +03:00 [INF] Executed DbCommand (1ms) [Parameters=[@driverPhone='777000222'], CommandType='"Text"', CommandTimeout='30']
SELECT EXISTS (
    SELECT 1
    FROM "Users" AS u
    WHERE u."Phone" = @driverPhone)
2026-09-27 00:31:32.595 +03:00 [INF] Executed DbCommand (2ms) [Parameters=[], CommandType='"Text"', CommandTimeout='30']
SELECT EXISTS (
    SELECT 1
    FROM "Categories" AS c)
2026-09-27 00:31:32.601 +03:00 [INF] BS Store API starting on Development
2026-09-27 00:32:59.878 +03:00 [INF] Executed DbCommand (10ms) [Parameters=[], CommandType='"Text"', CommandTimeout='30']
SELECT count(*)::int
FROM "Products" AS p
WHERE NOT (p."IsDeleted") AND p."IsActive"
2026-09-27 00:33:00.066 +03:00 [INF] Executed DbCommand (15ms) [Parameters=[@p0='20', @p='0'], CommandType='"Text"', CommandTimeout='30']
SELECT p0."Id", p0."Name", p0."Description", p0."CategoryId", c."Name", p0."StoreId", s."Name", p0."SourceType", p0."SellingPrice", i."Quantity", p0."IsActive", c."Id", s."Id", i."Id", p1."ImageKey", p1."Id"
FROM (
    SELECT p."Id", p."CategoryId", p."CreatedAt", p."Description", p."IsActive", p."Name", p."SellingPrice", p."SourceType", p."StoreId"
    FROM "Products" AS p
    WHERE NOT (p."IsDeleted") AND p."IsActive"
    ORDER BY p."CreatedAt" DESC
    LIMIT @p0 OFFSET @p
) AS p0
INNER JOIN "Categories" AS c ON p0."CategoryId" = c."Id"
INNER JOIN "Stores" AS s ON p0."StoreId" = s."Id"
LEFT JOIN "Inventories" AS i ON p0."Id" = i."ProductId"
LEFT JOIN "ProductImages" AS p1 ON p0."Id" = p1."ProductId"
ORDER BY p0."CreatedAt" DESC, p0."Id", c."Id", s."Id", i."Id", p1."SortOrder"
2026-09-27 00:33:00.188 +03:00 [INF] HTTP GET /api/products responded 200 in 583.9172 ms
2026-09-27 00:35:16.622 +03:00 [INF] Executed DbCommand (3ms) [Parameters=[@request_Phone='777000000'], CommandType='"Text"', CommandTimeout='30']
SELECT u."Id", u."CreatedAt", u."Email", u."FcmToken", u."IsActive", u."PasswordHash", u."Phone", u."Role", u."UpdatedAt", c."Id", c."CreatedAt", c."FullName", c."ProfileImageKey", c."UpdatedAt", c."UserId", d."Id", d."CreatedAt", d."FullName", d."Phone", d."Status", d."UpdatedAt", d."UserId"
FROM "Users" AS u
LEFT JOIN "Customers" AS c ON u."Id" = c."UserId"
LEFT JOIN "Drivers" AS d ON u."Id" = d."UserId"
WHERE u."Phone" = @request_Phone
LIMIT 1
2026-09-27 00:35:17.623 +03:00 [INF] Executed DbCommand (6ms) [Parameters=[@p0='01a0dfa4-d80c-7af7-af01-aafa77d8dfec', @p1='2026-09-26T21:35:17.5018244Z' (DbType = DateTime), @p2='2026-10-26T21:35:17.5015339Z' (DbType = DateTime), @p3='False', @p4='zoTXcM6+WgZ/gOTpcMLHwd+BGXTbs9aja4eDkt2vx2c=' (Nullable = false), @p5='2026-09-26T21:35:17.5018244Z' (DbType = DateTime), @p6='4c39b4c4-f51d-4fad-a42c-d03db9ef7d62'], CommandType='"Text"', CommandTimeout='30']
INSERT INTO "RefreshTokens" ("Id", "CreatedAt", "ExpiresAt", "IsRevoked", "TokenHash", "UpdatedAt", "UserId")
VALUES (@p0, @p1, @p2, @p3, @p4, @p5, @p6);
2026-09-27 00:35:17.642 +03:00 [INF] HTTP POST /api/auth/login responded 200 in 1157.3023 ms
2026-09-27 00:37:49.415 +03:00 [WRN] Entity 'Product' has a global query filter defined and is the required end of a relationship with the entity 'CartItem'. This may lead to unexpected results when the required entity is filtered out. Either configure the navigation as optional, or define matching query filters for both entities in the navigation. See https://go.microsoft.com/fwlink/?linkid=2131316 for more information.
2026-09-27 00:37:49.466 +03:00 [WRN] Entity 'Product' has a global query filter defined and is the required end of a relationship with the entity 'InventoryTransaction'. This may lead to unexpected results when the required entity is filtered out. Either configure the navigation as optional, or define matching query filters for both entities in the navigation. See https://go.microsoft.com/fwlink/?linkid=2131316 for more information.
2026-09-27 00:37:49.471 +03:00 [WRN] Entity 'Product' has a global query filter defined and is the required end of a relationship with the entity 'ProductImage'. This may lead to unexpected results when the required entity is filtered out. Either configure the navigation as optional, or define matching query filters for both entities in the navigation. See https://go.microsoft.com/fwlink/?linkid=2131316 for more information.
2026-09-27 00:37:49.482 +03:00 [WRN] Sensitive data logging is enabled. Log entries and exception messages may include sensitive application data; this mode should only be enabled during development.
2026-09-27 00:37:50.024 +03:00 [INF] Executed DbCommand (32ms) [Parameters=[], CommandType='"Text"', CommandTimeout='30']
SELECT "MigrationId", "ProductVersion"
FROM "__EFMigrationsHistory"
ORDER BY "MigrationId";
2026-09-27 00:37:50.398 +03:00 [INF] Executed DbCommand (13ms) [Parameters=[], CommandType='"Text"', CommandTimeout='30']
SELECT 1
2026-09-27 00:37:50.493 +03:00 [INF] Executed DbCommand (5ms) [Parameters=[], CommandType='"Text"', CommandTimeout='30']
CREATE TABLE IF NOT EXISTS "__EFMigrationsHistory" (
    "MigrationId" character varying(150) NOT NULL,
    "ProductVersion" character varying(32) NOT NULL,
    CONSTRAINT "PK___EFMigrationsHistory" PRIMARY KEY ("MigrationId")
);
2026-09-27 00:37:50.516 +03:00 [INF] Executed DbCommand (1ms) [Parameters=[], CommandType='"Text"', CommandTimeout='30']
LOCK TABLE "__EFMigrationsHistory" IN ACCESS EXCLUSIVE MODE
2026-09-27 00:37:50.525 +03:00 [INF] Executed DbCommand (3ms) [Parameters=[], CommandType='"Text"', CommandTimeout='30']
SELECT "MigrationId", "ProductVersion"
FROM "__EFMigrationsHistory"
ORDER BY "MigrationId";
2026-09-27 00:37:50.543 +03:00 [INF] Database migration applied successfully.
2026-09-27 00:37:50.713 +03:00 [WRN] The query uses the 'First'/'FirstOrDefault' operator without 'OrderBy' and filter operators. This may lead to unpredictable results.
2026-09-27 00:37:50.874 +03:00 [INF] Executed DbCommand (1ms) [Parameters=[], CommandType='"Text"', CommandTimeout='30']
SELECT d."Id", d."BaseDistanceKm", d."BaseFee", d."FreeDeliveryRadius", d."IsEnabled", d."PerKmFee", d."UpdatedAt", d."UpdatedBy"
FROM "DeliverySettings" AS d
LIMIT 1
2026-09-27 00:37:51.030 +03:00 [INF] Executed DbCommand (1ms) [Parameters=[], CommandType='"Text"', CommandTimeout='30']
SELECT EXISTS (
    SELECT 1
    FROM "PaymentSettings" AS p)
2026-09-27 00:37:51.041 +03:00 [INF] Executed DbCommand (1ms) [Parameters=[], CommandType='"Text"', CommandTimeout='30']
SELECT EXISTS (
    SELECT 1
    FROM "CancellationReasons" AS c)
2026-09-27 00:37:51.123 +03:00 [INF] Executed DbCommand (12ms) [Parameters=[@adminPhone='777000000'], CommandType='"Text"', CommandTimeout='30']
SELECT EXISTS (
    SELECT 1
    FROM "Users" AS u
    WHERE u."Phone" = @adminPhone)
2026-09-27 00:37:51.130 +03:00 [INF] Executed DbCommand (1ms) [Parameters=[@driverPhone='777000222'], CommandType='"Text"', CommandTimeout='30']
SELECT EXISTS (
    SELECT 1
    FROM "Users" AS u
    WHERE u."Phone" = @driverPhone)
2026-09-27 00:37:51.139 +03:00 [INF] Executed DbCommand (2ms) [Parameters=[], CommandType='"Text"', CommandTimeout='30']
SELECT EXISTS (
    SELECT 1
    FROM "Categories" AS c)
2026-09-27 00:37:51.150 +03:00 [INF] BS Store API starting on Development
2026-09-27 00:49:36.261 +03:00 [INF] Executed DbCommand (5ms) [Parameters=[@request_Phone='770000000'], CommandType='"Text"', CommandTimeout='30']
SELECT u."Id", u."CreatedAt", u."Email", u."FcmToken", u."IsActive", u."PasswordHash", u."Phone", u."Role", u."UpdatedAt", c."Id", c."CreatedAt", c."FullName", c."ProfileImageKey", c."UpdatedAt", c."UserId", d."Id", d."CreatedAt", d."FullName", d."Phone", d."Status", d."UpdatedAt", d."UserId"
FROM "Users" AS u
LEFT JOIN "Customers" AS c ON u."Id" = c."UserId"
LEFT JOIN "Drivers" AS d ON u."Id" = d."UserId"
WHERE u."Phone" = @request_Phone
LIMIT 1
2026-09-27 00:49:36.273 +03:00 [ERR] HTTP POST /api/auth/login responded 500 in 299.4641 ms
BSStore.Domain.Exceptions.BusinessRuleException: رقم الهاتف أو كلمة المرور غير صحيحة.
   at BSStore.Infrastructure.Services.AuthService.LoginAsync(LoginRequest request, CancellationToken ct) in d:\MyProjects\BS_Store\backend\src\BSStore.Infrastructure\Services\AuthService.cs:line 86
   at BSStore.API.Controllers.AuthController.Login(LoginRequest request, CancellationToken ct) in d:\MyProjects\BS_Store\backend\src\BSStore.API\Controllers\AuthController.cs:line 38
   at Microsoft.AspNetCore.Mvc.Infrastructure.ActionMethodExecutor.TaskOfIActionResultExecutor.Execute(ActionContext actionContext, IActionResultTypeMapper mapper, ObjectMethodExecutor executor, Object controller, Object[] arguments)
   at Microsoft.AspNetCore.Mvc.Infrastructure.ControllerActionInvoker.<InvokeActionMethodAsync>g__Awaited|12_0(ControllerActionInvoker invoker, ValueTask`1 actionResultValueTask)
   at Microsoft.AspNetCore.Mvc.Infrastructure.ControllerActionInvoker.<InvokeNextActionFilterAsync>g__Awaited|10_0(ControllerActionInvoker invoker, Task lastTask, State next, Scope scope, Object state, Boolean isCompleted)
   at Microsoft.AspNetCore.Mvc.Infrastructure.ControllerActionInvoker.Rethrow(ActionExecutedContextSealed context)
   at Microsoft.AspNetCore.Mvc.Infrastructure.ControllerActionInvoker.Next(State& next, Scope& scope, Object& state, Boolean& isCompleted)
   at Microsoft.AspNetCore.Mvc.Infrastructure.ControllerActionInvoker.<InvokeInnerFilterAsync>g__Awaited|13_0(ControllerActionInvoker invoker, Task lastTask, State next, Scope scope, Object state, Boolean isCompleted)
   at Microsoft.AspNetCore.Mvc.Infrastructure.ResourceInvoker.<InvokeFilterPipelineAsync>g__Awaited|20_0(ResourceInvoker invoker, Task lastTask, State next, Scope scope, Object state, Boolean isCompleted)
   at Microsoft.AspNetCore.Mvc.Infrastructure.ResourceInvoker.<InvokeAsync>g__Awaited|17_0(ResourceInvoker invoker, Task task, IDisposable scope)
   at Microsoft.AspNetCore.Mvc.Infrastructure.ResourceInvoker.<InvokeAsync>g__Awaited|17_0(ResourceInvoker invoker, Task task, IDisposable scope)
   at Microsoft.AspNetCore.Authorization.AuthorizationMiddleware.Invoke(HttpContext context)
   at Microsoft.AspNetCore.Authentication.AuthenticationMiddleware.Invoke(HttpContext context)
   at Microsoft.AspNetCore.RateLimiting.RateLimitingMiddleware.InvokeInternal(HttpContext context, EnableRateLimitingAttribute enableRateLimitingAttribute)
   at Swashbuckle.AspNetCore.SwaggerUI.SwaggerUIMiddleware.Invoke(HttpContext httpContext)
   at Swashbuckle.AspNetCore.Swagger.SwaggerMiddleware.Invoke(HttpContext httpContext, ISwaggerProvider swaggerProvider)
   at Serilog.AspNetCore.RequestLoggingMiddleware.Invoke(HttpContext httpContext)
2026-09-27 00:49:36.302 +03:00 [WRN] Business exception [INVALID_CREDENTIALS]: رقم الهاتف أو كلمة المرور غير صحيحة.
2026-09-27 00:50:19.074 +03:00 [INF] Executed DbCommand (2ms) [Parameters=[@request_Phone='770000000'], CommandType='"Text"', CommandTimeout='30']
SELECT u."Id", u."CreatedAt", u."Email", u."FcmToken", u."IsActive", u."PasswordHash", u."Phone", u."Role", u."UpdatedAt", c."Id", c."CreatedAt", c."FullName", c."ProfileImageKey", c."UpdatedAt", c."UserId", d."Id", d."CreatedAt", d."FullName", d."Phone", d."Status", d."UpdatedAt", d."UserId"
FROM "Users" AS u
LEFT JOIN "Customers" AS c ON u."Id" = c."UserId"
LEFT JOIN "Drivers" AS d ON u."Id" = d."UserId"
WHERE u."Phone" = @request_Phone
LIMIT 1
2026-09-27 00:50:19.078 +03:00 [ERR] HTTP POST /api/auth/login responded 500 in 66.8168 ms
BSStore.Domain.Exceptions.BusinessRuleException: رقم الهاتف أو كلمة المرور غير صحيحة.
   at BSStore.Infrastructure.Services.AuthService.LoginAsync(LoginRequest request, CancellationToken ct) in d:\MyProjects\BS_Store\backend\src\BSStore.Infrastructure\Services\AuthService.cs:line 86
   at BSStore.API.Controllers.AuthController.Login(LoginRequest request, CancellationToken ct) in d:\MyProjects\BS_Store\backend\src\BSStore.API\Controllers\AuthController.cs:line 38
   at Microsoft.AspNetCore.Mvc.Infrastructure.ActionMethodExecutor.TaskOfIActionResultExecutor.Execute(ActionContext actionContext, IActionResultTypeMapper mapper, ObjectMethodExecutor executor, Object controller, Object[] arguments)
   at Microsoft.AspNetCore.Mvc.Infrastructure.ControllerActionInvoker.<InvokeActionMethodAsync>g__Awaited|12_0(ControllerActionInvoker invoker, ValueTask`1 actionResultValueTask)
   at Microsoft.AspNetCore.Mvc.Infrastructure.ControllerActionInvoker.<InvokeNextActionFilterAsync>g__Awaited|10_0(ControllerActionInvoker invoker, Task lastTask, State next, Scope scope, Object state, Boolean isCompleted)
   at Microsoft.AspNetCore.Mvc.Infrastructure.ControllerActionInvoker.Rethrow(ActionExecutedContextSealed context)
   at Microsoft.AspNetCore.Mvc.Infrastructure.ControllerActionInvoker.Next(State& next, Scope& scope, Object& state, Boolean& isCompleted)
   at Microsoft.AspNetCore.Mvc.Infrastructure.ControllerActionInvoker.<InvokeInnerFilterAsync>g__Awaited|13_0(ControllerActionInvoker invoker, Task lastTask, State next, Scope scope, Object state, Boolean isCompleted)
   at Microsoft.AspNetCore.Mvc.Infrastructure.ResourceInvoker.<InvokeFilterPipelineAsync>g__Awaited|20_0(ResourceInvoker invoker, Task lastTask, State next, Scope scope, Object state, Boolean isCompleted)
   at Microsoft.AspNetCore.Mvc.Infrastructure.ResourceInvoker.<InvokeAsync>g__Awaited|17_0(ResourceInvoker invoker, Task task, IDisposable scope)
   at Microsoft.AspNetCore.Mvc.Infrastructure.ResourceInvoker.<InvokeAsync>g__Awaited|17_0(ResourceInvoker invoker, Task task, IDisposable scope)
   at Microsoft.AspNetCore.Authorization.AuthorizationMiddleware.Invoke(HttpContext context)
   at Microsoft.AspNetCore.Authentication.AuthenticationMiddleware.Invoke(HttpContext context)
   at Microsoft.AspNetCore.RateLimiting.RateLimitingMiddleware.InvokeInternal(HttpContext context, EnableRateLimitingAttribute enableRateLimitingAttribute)
   at Swashbuckle.AspNetCore.SwaggerUI.SwaggerUIMiddleware.Invoke(HttpContext httpContext)
   at Swashbuckle.AspNetCore.Swagger.SwaggerMiddleware.Invoke(HttpContext httpContext, ISwaggerProvider swaggerProvider)
   at Serilog.AspNetCore.RequestLoggingMiddleware.Invoke(HttpContext httpContext)
2026-09-27 00:50:19.088 +03:00 [WRN] Business exception [INVALID_CREDENTIALS]: رقم الهاتف أو كلمة المرور غير صحيحة.
2026-09-27 00:50:45.436 +03:00 [INF] Executed DbCommand (1ms) [Parameters=[@request_Phone='777000000'], CommandType='"Text"', CommandTimeout='30']
SELECT u."Id", u."CreatedAt", u."Email", u."FcmToken", u."IsActive", u."PasswordHash", u."Phone", u."Role", u."UpdatedAt", c."Id", c."CreatedAt", c."FullName", c."ProfileImageKey", c."UpdatedAt", c."UserId", d."Id", d."CreatedAt", d."FullName", d."Phone", d."Status", d."UpdatedAt", d."UserId"
FROM "Users" AS u
LEFT JOIN "Customers" AS c ON u."Id" = c."UserId"
LEFT JOIN "Drivers" AS d ON u."Id" = d."UserId"
WHERE u."Phone" = @request_Phone
LIMIT 1
2026-09-27 00:50:46.386 +03:00 [INF] Executed DbCommand (7ms) [Parameters=[@p0='01a0dfb3-03f4-70f2-b381-a4b15e824454', @p1='2026-09-26T21:50:46.2432869Z' (DbType = DateTime), @p2='2026-10-26T21:50:46.2429223Z' (DbType = DateTime), @p3='False', @p4='e05OupHYl2dTg2f5H0XqXu4Vf0oGkgQGE6WiLEmmOco=' (Nullable = false), @p5='2026-09-26T21:50:46.2432870Z' (DbType = DateTime), @p6='4c39b4c4-f51d-4fad-a42c-d03db9ef7d62'], CommandType='"Text"', CommandTimeout='30']
INSERT INTO "RefreshTokens" ("Id", "CreatedAt", "ExpiresAt", "IsRevoked", "TokenHash", "UpdatedAt", "UserId")
VALUES (@p0, @p1, @p2, @p3, @p4, @p5, @p6);
2026-09-27 00:50:46.412 +03:00 [INF] HTTP POST /api/auth/login responded 200 in 984.1783 ms
2026-09-27 00:50:46.536 +03:00 [INF] Executed DbCommand (8ms) [Parameters=[@today='2026-09-26T00:00:00.0000000Z' (DbType = DateTime)], CommandType='"Text"', CommandTimeout='30']
SELECT count(*)::int
FROM "Orders" AS o
WHERE o."CreatedAt" >= @today
2026-09-27 00:50:46.559 +03:00 [INF] Executed DbCommand (4ms) [Parameters=[@today='2026-09-26T00:00:00.0000000Z' (DbType = DateTime)], CommandType='"Text"', CommandTimeout='30']
SELECT COALESCE(sum(o."TotalAmount"), 0.0)
FROM "Orders" AS o
WHERE o."CreatedAt" >= @today AND o."Status" <> 'Cancelled'
2026-09-27 00:50:46.578 +03:00 [INF] Executed DbCommand (6ms) [Parameters=[], CommandType='"Text"', CommandTimeout='30']
SELECT count(*)::int
FROM "Payments" AS p
WHERE p."Status" = 'PendingVerification'
2026-09-27 00:50:46.608 +03:00 [INF] Executed DbCommand (1ms) [Parameters=[], CommandType='"Text"', CommandTimeout='30']
SELECT count(*)::int
FROM "Orders" AS o
WHERE o."Status" IN ('SearchingDriver', 'Confirmed')
2026-09-27 00:50:46.624 +03:00 [INF] Executed DbCommand (2ms) [Parameters=[], CommandType='"Text"', CommandTimeout='30']
SELECT count(*)::int
FROM "Drivers" AS d
WHERE d."Status" IN ('Online', 'Busy')
2026-09-27 00:50:46.632 +03:00 [INF] Executed DbCommand (2ms) [Parameters=[], CommandType='"Text"', CommandTimeout='30']
SELECT count(*)::int
FROM "Inventories" AS i
WHERE i."Quantity" <= 5
2026-09-27 00:50:46.645 +03:00 [INF] HTTP GET /api/admin/dashboard responded 200 in 218.1640 ms
2026-09-27 00:50:46.726 +03:00 [WRN] Compiling a query which loads related collections for more than one collection navigation, either via 'Include' or through projection, but no 'QuerySplittingBehavior' has been configured. By default, Entity Framework will use 'QuerySplittingBehavior.SingleQuery', which can potentially result in slow query performance. See https://go.microsoft.com/fwlink/?linkid=2134277 for more information. To identify the query that's triggering this warning call 'ConfigureWarnings(w => w.Throw(RelationalEventId.MultipleCollectionIncludeWarning))'.
2026-09-27 00:50:46.771 +03:00 [INF] Executed DbCommand (12ms) [Parameters=[], CommandType='"Text"', CommandTimeout='30']
SELECT o."Id", o."AddressId", o."CreatedAt", o."CustomerId", o."DeliveryFee", o."Discount", o."DriverId", o."IdempotencyKey", o."Notes", o."OrderNumber", o."PaymentMethod", o."PaymentStatus", o."Status", o."SubTotal", o."TotalAmount", o."UpdatedAt", d."Id", d."CreatedAt", d."FullName", d."Phone", d."Status", d."UpdatedAt", d."UserId", a."Id", a."Building", a."City", a."CreatedAt", a."CustomerId", a."Description", a."District", a."IsDefault", a."Label", a."Latitude", a."Longitude", a."Street", a."UpdatedAt", s1."Id", s1."ActualPurchaseCost", s1."CreatedAt", s1."ExpectedPurchaseCost", s1."Notes", s1."OrderId", s1."Status", s1."StoreId", s1."SubTotal", s1."UpdatedAt", s1."Id0", s1."Address", s1."CreatedAt0", s1."ImageKey", s1."IsActive", s1."Latitude", s1."Longitude", s1."Name", s1."Phone", s1."UpdatedAt0", s1."Id1", s1."ActualPurchasePrice", s1."CreatedAt1", s1."ExpectedProfitSnapshot", s1."ExpectedPurchasePriceSnapshot", s1."ProductId", s1."ProductNameSnapshot", s1."Quantity", s1."SellingPriceSnapshot", s1."SubOrderId", s1."TotalSellingPrice", s1."UpdatedAt1"
FROM "Orders" AS o
LEFT JOIN "Drivers" AS d ON o."DriverId" = d."Id"
INNER JOIN "Addresses" AS a ON o."AddressId" = a."Id"
LEFT JOIN (
    SELECT s."Id", s."ActualPurchaseCost", s."CreatedAt", s."ExpectedPurchaseCost", s."Notes", s."OrderId", s."Status", s."StoreId", s."SubTotal", s."UpdatedAt", s0."Id" AS "Id0", s0."Address", s0."CreatedAt" AS "CreatedAt0", s0."ImageKey", s0."IsActive", s0."Latitude", s0."Longitude", s0."Name", s0."Phone", s0."UpdatedAt" AS "UpdatedAt0", o0."Id" AS "Id1", o0."ActualPurchasePrice", o0."CreatedAt" AS "CreatedAt1", o0."ExpectedProfitSnapshot", o0."ExpectedPurchasePriceSnapshot", o0."ProductId", o0."ProductNameSnapshot", o0."Quantity", o0."SellingPriceSnapshot", o0."SubOrderId", o0."TotalSellingPrice", o0."UpdatedAt" AS "UpdatedAt1"
    FROM "SubOrders" AS s
    INNER JOIN "Stores" AS s0 ON s."StoreId" = s0."Id"
    LEFT JOIN "OrderItems" AS o0 ON s."Id" = o0."SubOrderId"
) AS s1 ON o."Id" = s1."OrderId"
ORDER BY o."CreatedAt" DESC, o."Id", d."Id", a."Id", s1."Id", s1."Id0"
2026-09-27 00:50:46.977 +03:00 [INF] HTTP GET /api/admin/orders responded 200 in 309.5787 ms
2026-09-27 00:50:47.063 +03:00 [INF] Executed DbCommand (4ms) [Parameters=[], CommandType='"Text"', CommandTimeout='30']
SELECT p."Id", p."OrderId", o."OrderNumber", p."Amount", p."Method", p."Status", o."Id", p0."Id", p0."Url", p0."StorageKey", p0."UploadedAt"
FROM "Payments" AS p
INNER JOIN "Orders" AS o ON p."OrderId" = o."Id"
LEFT JOIN "PaymentReceipts" AS p0 ON p."Id" = p0."PaymentId"
WHERE p."Status" = 'PendingVerification'
ORDER BY p."CreatedAt" DESC, p."Id", o."Id"
2026-09-27 00:50:47.070 +03:00 [INF] HTTP GET /api/admin/payments/pending responded 200 in 47.7445 ms
2026-09-27 00:50:47.111 +03:00 [INF] Executed DbCommand (2ms) [Parameters=[], CommandType='"Text"', CommandTimeout='30']
SELECT count(*)::int
FROM "Products" AS p
WHERE NOT (p."IsDeleted") AND p."IsActive"
2026-09-27 00:50:47.172 +03:00 [INF] Executed DbCommand (3ms) [Parameters=[@p0='100', @p='0'], CommandType='"Text"', CommandTimeout='30']
SELECT p0."Id", p0."Name", p0."Description", p0."CategoryId", c."Name", p0."StoreId", s."Name", p0."SourceType", p0."SellingPrice", i."Quantity", p0."IsActive", c."Id", s."Id", i."Id", p1."ImageKey", p1."Id"
FROM (
    SELECT p."Id", p."CategoryId", p."CreatedAt", p."Description", p."IsActive", p."Name", p."SellingPrice", p."SourceType", p."StoreId"
    FROM "Products" AS p
    WHERE NOT (p."IsDeleted") AND p."IsActive"
    ORDER BY p."CreatedAt" DESC
    LIMIT @p0 OFFSET @p
) AS p0
INNER JOIN "Categories" AS c ON p0."CategoryId" = c."Id"
INNER JOIN "Stores" AS s ON p0."StoreId" = s."Id"
LEFT JOIN "Inventories" AS i ON p0."Id" = i."ProductId"
LEFT JOIN "ProductImages" AS p1 ON p0."Id" = p1."ProductId"
ORDER BY p0."CreatedAt" DESC, p0."Id", c."Id", s."Id", i."Id", p1."SortOrder"
2026-09-27 00:50:47.194 +03:00 [INF] HTTP GET /api/products responded 200 in 112.9552 ms
2026-09-27 00:50:47.243 +03:00 [INF] Executed DbCommand (4ms) [Parameters=[], CommandType='"Text"', CommandTimeout='30']
SELECT c."Id", c."Name", c."IconName", c."SortOrder", (
    SELECT count(*)::int
    FROM "Products" AS p
    WHERE NOT (p."IsDeleted") AND p."CategoryId" = c."Id" AND p."IsActive")
FROM "Categories" AS c
WHERE c."IsActive"
ORDER BY c."SortOrder"
2026-09-27 00:50:47.381 +03:00 [INF] HTTP GET /api/categories responded 200 in 173.4085 ms
2026-09-27 00:50:47.424 +03:00 [INF] Executed DbCommand (1ms) [Parameters=[], CommandType='"Text"', CommandTimeout='30']
SELECT s."Id", s."Name", s."Phone", s."Address", s."Latitude", s."Longitude", s."ImageKey", s."IsActive"
FROM "Stores" AS s
WHERE s."IsActive"
ORDER BY s."Name"
2026-09-27 00:50:47.447 +03:00 [INF] HTTP GET /api/stores responded 200 in 52.1817 ms
2026-09-27 00:50:47.473 +03:00 [INF] Executed DbCommand (2ms) [Parameters=[], CommandType='"Text"', CommandTimeout='30']
SELECT d."Id", d."BaseDistanceKm", d."BaseFee", d."FreeDeliveryRadius", d."IsEnabled", d."PerKmFee", d."UpdatedAt", d."UpdatedBy"
FROM "DeliverySettings" AS d
LIMIT 1
2026-09-27 00:50:47.482 +03:00 [INF] HTTP GET /api/admin/settings/delivery responded 200 in 20.9143 ms
2026-09-27 00:50:47.534 +03:00 [INF] Executed DbCommand (6ms) [Parameters=[], CommandType='"Text"', CommandTimeout='30']
SELECT d."Id", d."CreatedAt", d."FullName", d."Phone", d."Status", d."UpdatedAt", d."UserId", d0."Id", d0."Amount", d0."CreatedAt", d0."CreatedBy", d0."Description", d0."Direction", d0."DriverId", d0."OrderId", d0."Reference", d0."Type", d0."UpdatedAt"
FROM "Drivers" AS d
LEFT JOIN "DriverTransactions" AS d0 ON d."Id" = d0."DriverId"
ORDER BY d."Id"
2026-09-27 00:50:47.569 +03:00 [INF] HTTP GET /api/admin/drivers responded 200 in 75.6196 ms
2026-09-27 00:50:47.599 +03:00 [INF] Executed DbCommand (3ms) [Parameters=[@p='100'], CommandType='"Text"', CommandTimeout='30']
SELECT a."Id", a."Action", a."ActorId", a."ActorType", a."CreatedAt", a."EntityId", a."EntityName", a."IpAddress", a."NewValuesJson", a."OldValuesJson", a."UpdatedAt", a."UserAgent"
FROM "AuditLogs" AS a
ORDER BY a."CreatedAt" DESC
LIMIT @p
2026-09-27 00:50:47.605 +03:00 [INF] HTTP GET /api/admin/audit-logs responded 200 in 24.0410 ms
2026-09-27 00:52:00.257 +03:00 [INF] Executed DbCommand (1ms) [Parameters=[], CommandType='"Text"', CommandTimeout='30']
SELECT d."Id", d."BaseDistanceKm", d."BaseFee", d."FreeDeliveryRadius", d."IsEnabled", d."PerKmFee", d."UpdatedAt", d."UpdatedBy"
FROM "DeliverySettings" AS d
LIMIT 1
2026-09-27 00:52:00.285 +03:00 [INF] Executed DbCommand (3ms) [Parameters=[@p1='1', @p0='2026-09-26T21:52:00.2608515Z' (DbType = DateTime)], CommandType='"Text"', CommandTimeout='30']
UPDATE "DeliverySettings" SET "UpdatedAt" = @p0
WHERE "Id" = @p1;
2026-09-27 00:52:00.289 +03:00 [INF] HTTP PUT /api/admin/settings/delivery responded 200 in 48.4580 ms
2026-09-27 01:18:16.677 +03:00 [INF] Executed DbCommand (5ms) [Parameters=[@request_Phone='777000000'], CommandType='"Text"', CommandTimeout='30']
SELECT u."Id", u."CreatedAt", u."Email", u."FcmToken", u."IsActive", u."PasswordHash", u."Phone", u."Role", u."UpdatedAt", c."Id", c."CreatedAt", c."FullName", c."ProfileImageKey", c."UpdatedAt", c."UserId", d."Id", d."CreatedAt", d."FullName", d."Phone", d."Status", d."UpdatedAt", d."UserId"
FROM "Users" AS u
LEFT JOIN "Customers" AS c ON u."Id" = c."UserId"
LEFT JOIN "Drivers" AS d ON u."Id" = d."UserId"
WHERE u."Phone" = @request_Phone
LIMIT 1
2026-09-27 01:18:16.987 +03:00 [INF] Executed DbCommand (4ms) [Parameters=[@p0='01a0dfcc-3416-7359-b7d8-df3bae4c4b6c', @p1='2026-09-26T22:18:16.9816034Z' (DbType = DateTime), @p2='2026-10-26T22:18:16.9815809Z' (DbType = DateTime), @p3='False', @p4='H9uaaSl+wFKNMVwpcSdfIvmgMZwzjyd/q7UF2h37ih0=' (Nullable = false), @p5='2026-09-26T22:18:16.9816034Z' (DbType = DateTime), @p6='4c39b4c4-f51d-4fad-a42c-d03db9ef7d62'], CommandType='"Text"', CommandTimeout='30']
INSERT INTO "RefreshTokens" ("Id", "CreatedAt", "ExpiresAt", "IsRevoked", "TokenHash", "UpdatedAt", "UserId")
VALUES (@p0, @p1, @p2, @p3, @p4, @p5, @p6);
2026-09-27 01:18:16.991 +03:00 [INF] HTTP POST /api/auth/login responded 200 in 357.9988 ms
2026-09-27 01:18:17.026 +03:00 [INF] Executed DbCommand (3ms) [Parameters=[@today='2026-09-26T00:00:00.0000000Z' (DbType = DateTime)], CommandType='"Text"', CommandTimeout='30']
SELECT count(*)::int
FROM "Orders" AS o
WHERE o."CreatedAt" >= @today
2026-09-27 01:18:17.031 +03:00 [INF] Executed DbCommand (1ms) [Parameters=[@today='2026-09-26T00:00:00.0000000Z' (DbType = DateTime)], CommandType='"Text"', CommandTimeout='30']
SELECT COALESCE(sum(o."TotalAmount"), 0.0)
FROM "Orders" AS o
WHERE o."CreatedAt" >= @today AND o."Status" <> 'Cancelled'
2026-09-27 01:18:17.035 +03:00 [INF] Executed DbCommand (1ms) [Parameters=[], CommandType='"Text"', CommandTimeout='30']
SELECT count(*)::int
FROM "Payments" AS p
WHERE p."Status" = 'PendingVerification'
2026-09-27 01:18:17.038 +03:00 [INF] Executed DbCommand (1ms) [Parameters=[], CommandType='"Text"', CommandTimeout='30']
SELECT count(*)::int
FROM "Orders" AS o
WHERE o."Status" IN ('SearchingDriver', 'Confirmed')
2026-09-27 01:18:17.041 +03:00 [INF] Executed DbCommand (1ms) [Parameters=[], CommandType='"Text"', CommandTimeout='30']
SELECT count(*)::int
FROM "Drivers" AS d
WHERE d."Status" IN ('Online', 'Busy')
2026-09-27 01:18:17.044 +03:00 [INF] Executed DbCommand (1ms) [Parameters=[], CommandType='"Text"', CommandTimeout='30']
SELECT count(*)::int
FROM "Inventories" AS i
WHERE i."Quantity" <= 5
2026-09-27 01:18:17.047 +03:00 [INF] HTTP GET /api/admin/dashboard responded 200 in 26.1638 ms
2026-09-27 01:18:17.069 +03:00 [INF] Executed DbCommand (4ms) [Parameters=[], CommandType='"Text"', CommandTimeout='30']
SELECT o."Id", o."AddressId", o."CreatedAt", o."CustomerId", o."DeliveryFee", o."Discount", o."DriverId", o."IdempotencyKey", o."Notes", o."OrderNumber", o."PaymentMethod", o."PaymentStatus", o."Status", o."SubTotal", o."TotalAmount", o."UpdatedAt", d."Id", d."CreatedAt", d."FullName", d."Phone", d."Status", d."UpdatedAt", d."UserId", a."Id", a."Building", a."City", a."CreatedAt", a."CustomerId", a."Description", a."District", a."IsDefault", a."Label", a."Latitude", a."Longitude", a."Street", a."UpdatedAt", s1."Id", s1."ActualPurchaseCost", s1."CreatedAt", s1."ExpectedPurchaseCost", s1."Notes", s1."OrderId", s1."Status", s1."StoreId", s1."SubTotal", s1."UpdatedAt", s1."Id0", s1."Address", s1."CreatedAt0", s1."ImageKey", s1."IsActive", s1."Latitude", s1."Longitude", s1."Name", s1."Phone", s1."UpdatedAt0", s1."Id1", s1."ActualPurchasePrice", s1."CreatedAt1", s1."ExpectedProfitSnapshot", s1."ExpectedPurchasePriceSnapshot", s1."ProductId", s1."ProductNameSnapshot", s1."Quantity", s1."SellingPriceSnapshot", s1."SubOrderId", s1."TotalSellingPrice", s1."UpdatedAt1"
FROM "Orders" AS o
LEFT JOIN "Drivers" AS d ON o."DriverId" = d."Id"
INNER JOIN "Addresses" AS a ON o."AddressId" = a."Id"
LEFT JOIN (
    SELECT s."Id", s."ActualPurchaseCost", s."CreatedAt", s."ExpectedPurchaseCost", s."Notes", s."OrderId", s."Status", s."StoreId", s."SubTotal", s."UpdatedAt", s0."Id" AS "Id0", s0."Address", s0."CreatedAt" AS "CreatedAt0", s0."ImageKey", s0."IsActive", s0."Latitude", s0."Longitude", s0."Name", s0."Phone", s0."UpdatedAt" AS "UpdatedAt0", o0."Id" AS "Id1", o0."ActualPurchasePrice", o0."CreatedAt" AS "CreatedAt1", o0."ExpectedProfitSnapshot", o0."ExpectedPurchasePriceSnapshot", o0."ProductId", o0."ProductNameSnapshot", o0."Quantity", o0."SellingPriceSnapshot", o0."SubOrderId", o0."TotalSellingPrice", o0."UpdatedAt" AS "UpdatedAt1"
    FROM "SubOrders" AS s
    INNER JOIN "Stores" AS s0 ON s."StoreId" = s0."Id"
    LEFT JOIN "OrderItems" AS o0 ON s."Id" = o0."SubOrderId"
) AS s1 ON o."Id" = s1."OrderId"
ORDER BY o."CreatedAt" DESC, o."Id", d."Id", a."Id", s1."Id", s1."Id0"
2026-09-27 01:18:17.076 +03:00 [INF] HTTP GET /api/admin/orders responded 200 in 11.9100 ms
2026-09-27 01:18:17.112 +03:00 [INF] Executed DbCommand (2ms) [Parameters=[], CommandType='"Text"', CommandTimeout='30']
SELECT p."Id", p."OrderId", o."OrderNumber", p."Amount", p."Method", p."Status", o."Id", p0."Id", p0."Url", p0."StorageKey", p0."UploadedAt"
FROM "Payments" AS p
INNER JOIN "Orders" AS o ON p."OrderId" = o."Id"
LEFT JOIN "PaymentReceipts" AS p0 ON p."Id" = p0."PaymentId"
WHERE p."Status" = 'PendingVerification'
ORDER BY p."CreatedAt" DESC, p."Id", o."Id"
2026-09-27 01:18:17.116 +03:00 [INF] HTTP GET /api/admin/payments/pending responded 200 in 6.9755 ms
2026-09-27 01:18:17.138 +03:00 [INF] Executed DbCommand (2ms) [Parameters=[], CommandType='"Text"', CommandTimeout='30']
SELECT count(*)::int
FROM "Products" AS p
WHERE NOT (p."IsDeleted") AND p."IsActive"
2026-09-27 01:18:17.144 +03:00 [INF] Executed DbCommand (2ms) [Parameters=[@p0='100', @p='0'], CommandType='"Text"', CommandTimeout='30']
SELECT p0."Id", p0."Name", p0."Description", p0."CategoryId", c."Name", p0."StoreId", s."Name", p0."SourceType", p0."SellingPrice", i."Quantity", p0."IsActive", c."Id", s."Id", i."Id", p1."ImageKey", p1."Id"
FROM (
    SELECT p."Id", p."CategoryId", p."CreatedAt", p."Description", p."IsActive", p."Name", p."SellingPrice", p."SourceType", p."StoreId"
    FROM "Products" AS p
    WHERE NOT (p."IsDeleted") AND p."IsActive"
    ORDER BY p."CreatedAt" DESC
    LIMIT @p0 OFFSET @p
) AS p0
INNER JOIN "Categories" AS c ON p0."CategoryId" = c."Id"
INNER JOIN "Stores" AS s ON p0."StoreId" = s."Id"
LEFT JOIN "Inventories" AS i ON p0."Id" = i."ProductId"
LEFT JOIN "ProductImages" AS p1 ON p0."Id" = p1."ProductId"
ORDER BY p0."CreatedAt" DESC, p0."Id", c."Id", s."Id", i."Id", p1."SortOrder"
2026-09-27 01:18:17.147 +03:00 [INF] HTTP GET /api/products responded 200 in 12.1675 ms
2026-09-27 01:18:17.170 +03:00 [INF] Executed DbCommand (1ms) [Parameters=[], CommandType='"Text"', CommandTimeout='30']
SELECT c."Id", c."Name", c."IconName", c."SortOrder", (
    SELECT count(*)::int
    FROM "Products" AS p
    WHERE NOT (p."IsDeleted") AND p."CategoryId" = c."Id" AND p."IsActive")
FROM "Categories" AS c
WHERE c."IsActive"
ORDER BY c."SortOrder"
2026-09-27 01:18:17.173 +03:00 [INF] HTTP GET /api/categories responded 200 in 5.5235 ms
2026-09-27 01:18:17.206 +03:00 [INF] Executed DbCommand (1ms) [Parameters=[], CommandType='"Text"', CommandTimeout='30']
SELECT s."Id", s."Name", s."Phone", s."Address", s."Latitude", s."Longitude", s."ImageKey", s."IsActive"
FROM "Stores" AS s
WHERE s."IsActive"
ORDER BY s."Name"
2026-09-27 01:18:17.209 +03:00 [INF] HTTP GET /api/stores responded 200 in 5.6516 ms
2026-09-27 01:18:17.234 +03:00 [INF] Executed DbCommand (1ms) [Parameters=[], CommandType='"Text"', CommandTimeout='30']
SELECT d."Id", d."BaseDistanceKm", d."BaseFee", d."FreeDeliveryRadius", d."IsEnabled", d."PerKmFee", d."UpdatedAt", d."UpdatedBy"
FROM "DeliverySettings" AS d
LIMIT 1
2026-09-27 01:18:17.238 +03:00 [INF] HTTP GET /api/admin/settings/delivery responded 200 in 5.8705 ms
2026-09-27 01:18:17.264 +03:00 [INF] Executed DbCommand (2ms) [Parameters=[], CommandType='"Text"', CommandTimeout='30']
SELECT d."Id", d."CreatedAt", d."FullName", d."Phone", d."Status", d."UpdatedAt", d."UserId", d0."Id", d0."Amount", d0."CreatedAt", d0."CreatedBy", d0."Description", d0."Direction", d0."DriverId", d0."OrderId", d0."Reference", d0."Type", d0."UpdatedAt"
FROM "Drivers" AS d
LEFT JOIN "DriverTransactions" AS d0 ON d."Id" = d0."DriverId"
ORDER BY d."Id"
2026-09-27 01:18:17.268 +03:00 [INF] HTTP GET /api/admin/drivers responded 200 in 6.7485 ms
2026-09-27 01:18:17.293 +03:00 [INF] Executed DbCommand (2ms) [Parameters=[@p='100'], CommandType='"Text"', CommandTimeout='30']
SELECT a."Id", a."Action", a."ActorId", a."ActorType", a."CreatedAt", a."EntityId", a."EntityName", a."IpAddress", a."NewValuesJson", a."OldValuesJson", a."UpdatedAt", a."UserAgent"
FROM "AuditLogs" AS a
ORDER BY a."CreatedAt" DESC
LIMIT @p
2026-09-27 01:18:17.296 +03:00 [INF] HTTP GET /api/admin/audit-logs responded 200 in 6.0529 ms
2026-09-27 01:47:06.053 +03:00 [WRN] Entity 'Product' has a global query filter defined and is the required end of a relationship with the entity 'CartItem'. This may lead to unexpected results when the required entity is filtered out. Either configure the navigation as optional, or define matching query filters for both entities in the navigation. See https://go.microsoft.com/fwlink/?linkid=2131316 for more information.
2026-09-27 01:47:06.091 +03:00 [WRN] Entity 'Product' has a global query filter defined and is the required end of a relationship with the entity 'InventoryTransaction'. This may lead to unexpected results when the required entity is filtered out. Either configure the navigation as optional, or define matching query filters for both entities in the navigation. See https://go.microsoft.com/fwlink/?linkid=2131316 for more information.
2026-09-27 01:47:06.091 +03:00 [WRN] Entity 'Product' has a global query filter defined and is the required end of a relationship with the entity 'ProductImage'. This may lead to unexpected results when the required entity is filtered out. Either configure the navigation as optional, or define matching query filters for both entities in the navigation. See https://go.microsoft.com/fwlink/?linkid=2131316 for more information.
2026-09-27 01:47:06.099 +03:00 [WRN] Sensitive data logging is enabled. Log entries and exception messages may include sensitive application data; this mode should only be enabled during development.
2026-09-27 01:47:06.579 +03:00 [INF] Executed DbCommand (21ms) [Parameters=[], CommandType='"Text"', CommandTimeout='30']
SELECT "MigrationId", "ProductVersion"
FROM "__EFMigrationsHistory"
ORDER BY "MigrationId";
2026-09-27 01:47:06.933 +03:00 [INF] Executed DbCommand (11ms) [Parameters=[], CommandType='"Text"', CommandTimeout='30']
SELECT 1
2026-09-27 01:47:07.024 +03:00 [INF] Executed DbCommand (6ms) [Parameters=[], CommandType='"Text"', CommandTimeout='30']
CREATE TABLE IF NOT EXISTS "__EFMigrationsHistory" (
    "MigrationId" character varying(150) NOT NULL,
    "ProductVersion" character varying(32) NOT NULL,
    CONSTRAINT "PK___EFMigrationsHistory" PRIMARY KEY ("MigrationId")
);
2026-09-27 01:47:07.050 +03:00 [INF] Executed DbCommand (1ms) [Parameters=[], CommandType='"Text"', CommandTimeout='30']
LOCK TABLE "__EFMigrationsHistory" IN ACCESS EXCLUSIVE MODE
2026-09-27 01:47:07.056 +03:00 [INF] Executed DbCommand (2ms) [Parameters=[], CommandType='"Text"', CommandTimeout='30']
SELECT "MigrationId", "ProductVersion"
FROM "__EFMigrationsHistory"
ORDER BY "MigrationId";
2026-09-27 01:47:07.069 +03:00 [INF] Database migration applied successfully.
2026-09-27 01:47:07.408 +03:00 [WRN] The query uses the 'First'/'FirstOrDefault' operator without 'OrderBy' and filter operators. This may lead to unpredictable results.
2026-09-27 01:47:07.591 +03:00 [INF] Executed DbCommand (2ms) [Parameters=[], CommandType='"Text"', CommandTimeout='30']
SELECT d."Id", d."BaseDistanceKm", d."BaseFee", d."FreeDeliveryRadius", d."IsEnabled", d."PerKmFee", d."UpdatedAt", d."UpdatedBy"
FROM "DeliverySettings" AS d
LIMIT 1
2026-09-27 01:47:07.726 +03:00 [INF] Executed DbCommand (1ms) [Parameters=[], CommandType='"Text"', CommandTimeout='30']
SELECT EXISTS (
    SELECT 1
    FROM "PaymentSettings" AS p)
2026-09-27 01:47:07.738 +03:00 [INF] Executed DbCommand (2ms) [Parameters=[], CommandType='"Text"', CommandTimeout='30']
SELECT EXISTS (
    SELECT 1
    FROM "CancellationReasons" AS c)
2026-09-27 01:47:07.828 +03:00 [INF] Executed DbCommand (21ms) [Parameters=[@adminPhone='777000000'], CommandType='"Text"', CommandTimeout='30']
SELECT EXISTS (
    SELECT 1
    FROM "Users" AS u
    WHERE u."Phone" = @adminPhone)
2026-09-27 01:47:07.833 +03:00 [INF] Executed DbCommand (1ms) [Parameters=[@driverPhone='777000222'], CommandType='"Text"', CommandTimeout='30']
SELECT EXISTS (
    SELECT 1
    FROM "Users" AS u
    WHERE u."Phone" = @driverPhone)
2026-09-27 01:47:07.839 +03:00 [INF] Executed DbCommand (2ms) [Parameters=[], CommandType='"Text"', CommandTimeout='30']
SELECT EXISTS (
    SELECT 1
    FROM "Categories" AS c)
2026-09-27 01:47:07.846 +03:00 [INF] BS Store API starting on Development
2026-09-27 01:49:09.851 +03:00 [INF] Executed DbCommand (3ms) [Parameters=[@request_Phone='777000000'], CommandType='"Text"', CommandTimeout='30']
SELECT u."Id", u."CreatedAt", u."Email", u."FcmToken", u."IsActive", u."PasswordHash", u."Phone", u."Role", u."UpdatedAt", c."Id", c."CreatedAt", c."FullName", c."ProfileImageKey", c."UpdatedAt", c."UserId", d."Id", d."CreatedAt", d."FullName", d."Phone", d."Status", d."UpdatedAt", d."UserId"
FROM "Users" AS u
LEFT JOIN "Customers" AS c ON u."Id" = c."UserId"
LEFT JOIN "Drivers" AS d ON u."Id" = d."UserId"
WHERE u."Phone" = @request_Phone
LIMIT 1
2026-09-27 01:49:10.767 +03:00 [INF] Executed DbCommand (7ms) [Parameters=[@p0='01a0dfe8-7d12-7593-9803-513b8835accc', @p1='2026-09-26T22:49:10.6620718Z' (DbType = DateTime), @p2='2026-10-26T22:49:10.6617744Z' (DbType = DateTime), @p3='False', @p4='eYCY4J27/VS6eXvh5AiIRt7xdN7GKrVd2FlrvtMIHyw=' (Nullable = false), @p5='2026-09-26T22:49:10.6620720Z' (DbType = DateTime), @p6='4c39b4c4-f51d-4fad-a42c-d03db9ef7d62'], CommandType='"Text"', CommandTimeout='30']
INSERT INTO "RefreshTokens" ("Id", "CreatedAt", "ExpiresAt", "IsRevoked", "TokenHash", "UpdatedAt", "UserId")
VALUES (@p0, @p1, @p2, @p3, @p4, @p5, @p6);
2026-09-27 01:49:10.802 +03:00 [INF] HTTP POST /api/auth/login responded 200 in 1139.2953 ms
2026-09-27 01:49:10.991 +03:00 [INF] Executed DbCommand (2ms) [Parameters=[@today='2026-09-26T00:00:00.0000000Z' (DbType = DateTime)], CommandType='"Text"', CommandTimeout='30']
SELECT count(*)::int
FROM "Orders" AS o
WHERE o."CreatedAt" >= @today
2026-09-27 01:49:11.010 +03:00 [INF] Executed DbCommand (1ms) [Parameters=[@today='2026-09-26T00:00:00.0000000Z' (DbType = DateTime)], CommandType='"Text"', CommandTimeout='30']
SELECT COALESCE(sum(o."TotalAmount"), 0.0)
FROM "Orders" AS o
WHERE o."CreatedAt" >= @today AND o."Status" <> 'Cancelled'
2026-09-27 01:49:11.020 +03:00 [INF] Executed DbCommand (1ms) [Parameters=[], CommandType='"Text"', CommandTimeout='30']
SELECT count(*)::int
FROM "Payments" AS p
WHERE p."Status" = 'PendingVerification'
2026-09-27 01:49:11.032 +03:00 [INF] Executed DbCommand (1ms) [Parameters=[], CommandType='"Text"', CommandTimeout='30']
SELECT count(*)::int
FROM "Orders" AS o
WHERE o."Status" IN ('SearchingDriver', 'Confirmed')
2026-09-27 01:49:11.039 +03:00 [INF] Executed DbCommand (1ms) [Parameters=[], CommandType='"Text"', CommandTimeout='30']
SELECT count(*)::int
FROM "Drivers" AS d
WHERE d."Status" IN ('Online', 'Busy')
2026-09-27 01:49:11.045 +03:00 [INF] Executed DbCommand (1ms) [Parameters=[], CommandType='"Text"', CommandTimeout='30']
SELECT count(*)::int
FROM "Inventories" AS i
WHERE i."Quantity" <= 5
2026-09-27 01:49:11.055 +03:00 [INF] HTTP GET /api/admin/dashboard responded 200 in 220.6906 ms
2026-09-27 01:49:11.187 +03:00 [WRN] Compiling a query which loads related collections for more than one collection navigation, either via 'Include' or through projection, but no 'QuerySplittingBehavior' has been configured. By default, Entity Framework will use 'QuerySplittingBehavior.SingleQuery', which can potentially result in slow query performance. See https://go.microsoft.com/fwlink/?linkid=2134277 for more information. To identify the query that's triggering this warning call 'ConfigureWarnings(w => w.Throw(RelationalEventId.MultipleCollectionIncludeWarning))'.
2026-09-27 01:49:11.282 +03:00 [INF] Executed DbCommand (15ms) [Parameters=[], CommandType='"Text"', CommandTimeout='30']
SELECT o."Id", o."AddressId", o."CreatedAt", o."CustomerId", o."DeliveryFee", o."Discount", o."DriverId", o."IdempotencyKey", o."Notes", o."OrderNumber", o."PaymentMethod", o."PaymentStatus", o."Status", o."SubTotal", o."TotalAmount", o."UpdatedAt", d."Id", d."CreatedAt", d."FullName", d."Phone", d."Status", d."UpdatedAt", d."UserId", a."Id", a."Building", a."City", a."CreatedAt", a."CustomerId", a."Description", a."District", a."IsDefault", a."Label", a."Latitude", a."Longitude", a."Street", a."UpdatedAt", s1."Id", s1."ActualPurchaseCost", s1."CreatedAt", s1."ExpectedPurchaseCost", s1."Notes", s1."OrderId", s1."Status", s1."StoreId", s1."SubTotal", s1."UpdatedAt", s1."Id0", s1."Address", s1."CreatedAt0", s1."ImageKey", s1."IsActive", s1."Latitude", s1."Longitude", s1."Name", s1."Phone", s1."UpdatedAt0", s1."Id1", s1."ActualPurchasePrice", s1."CreatedAt1", s1."ExpectedProfitSnapshot", s1."ExpectedPurchasePriceSnapshot", s1."ProductId", s1."ProductNameSnapshot", s1."Quantity", s1."SellingPriceSnapshot", s1."SubOrderId", s1."TotalSellingPrice", s1."UpdatedAt1"
FROM "Orders" AS o
LEFT JOIN "Drivers" AS d ON o."DriverId" = d."Id"
INNER JOIN "Addresses" AS a ON o."AddressId" = a."Id"
LEFT JOIN (
    SELECT s."Id", s."ActualPurchaseCost", s."CreatedAt", s."ExpectedPurchaseCost", s."Notes", s."OrderId", s."Status", s."StoreId", s."SubTotal", s."UpdatedAt", s0."Id" AS "Id0", s0."Address", s0."CreatedAt" AS "CreatedAt0", s0."ImageKey", s0."IsActive", s0."Latitude", s0."Longitude", s0."Name", s0."Phone", s0."UpdatedAt" AS "UpdatedAt0", o0."Id" AS "Id1", o0."ActualPurchasePrice", o0."CreatedAt" AS "CreatedAt1", o0."ExpectedProfitSnapshot", o0."ExpectedPurchasePriceSnapshot", o0."ProductId", o0."ProductNameSnapshot", o0."Quantity", o0."SellingPriceSnapshot", o0."SubOrderId", o0."TotalSellingPrice", o0."UpdatedAt" AS "UpdatedAt1"
    FROM "SubOrders" AS s
    INNER JOIN "Stores" AS s0 ON s."StoreId" = s0."Id"
    LEFT JOIN "OrderItems" AS o0 ON s."Id" = o0."SubOrderId"
) AS s1 ON o."Id" = s1."OrderId"
ORDER BY o."CreatedAt" DESC, o."Id", d."Id", a."Id", s1."Id", s1."Id0"
2026-09-27 01:49:11.565 +03:00 [INF] HTTP GET /api/admin/orders responded 200 in 488.4310 ms
2026-09-27 01:49:11.637 +03:00 [INF] Executed DbCommand (2ms) [Parameters=[], CommandType='"Text"', CommandTimeout='30']
SELECT p."Id", p."OrderId", o."OrderNumber", p."Amount", p."Method", p."Status", o."Id", p0."Id", p0."Url", p0."StorageKey", p0."UploadedAt"
FROM "Payments" AS p
INNER JOIN "Orders" AS o ON p."OrderId" = o."Id"
LEFT JOIN "PaymentReceipts" AS p0 ON p."Id" = p0."PaymentId"
WHERE p."Status" = 'PendingVerification'
ORDER BY p."CreatedAt" DESC, p."Id", o."Id"
2026-09-27 01:49:11.643 +03:00 [INF] HTTP GET /api/admin/payments/pending responded 200 in 38.1284 ms
2026-09-27 01:49:11.695 +03:00 [INF] Executed DbCommand (1ms) [Parameters=[], CommandType='"Text"', CommandTimeout='30']
SELECT count(*)::int
FROM "Products" AS p
WHERE NOT (p."IsDeleted") AND p."IsActive"
2026-09-27 01:49:11.731 +03:00 [INF] Executed DbCommand (3ms) [Parameters=[@p0='100', @p='0'], CommandType='"Text"', CommandTimeout='30']
SELECT p0."Id", p0."Name", p0."Description", p0."CategoryId", c."Name", p0."StoreId", s."Name", p0."SourceType", p0."SellingPrice", i."Quantity", p0."IsActive", c."Id", s."Id", i."Id", p1."ImageKey", p1."Id"
FROM (
    SELECT p."Id", p."CategoryId", p."CreatedAt", p."Description", p."IsActive", p."Name", p."SellingPrice", p."SourceType", p."StoreId"
    FROM "Products" AS p
    WHERE NOT (p."IsDeleted") AND p."IsActive"
    ORDER BY p."CreatedAt" DESC
    LIMIT @p0 OFFSET @p
) AS p0
INNER JOIN "Categories" AS c ON p0."CategoryId" = c."Id"
INNER JOIN "Stores" AS s ON p0."StoreId" = s."Id"
LEFT JOIN "Inventories" AS i ON p0."Id" = i."ProductId"
LEFT JOIN "ProductImages" AS p1 ON p0."Id" = p1."ProductId"
ORDER BY p0."CreatedAt" DESC, p0."Id", c."Id", s."Id", i."Id", p1."SortOrder"
2026-09-27 01:49:11.754 +03:00 [INF] HTTP GET /api/products responded 200 in 80.5349 ms
2026-09-27 01:49:11.798 +03:00 [INF] Executed DbCommand (1ms) [Parameters=[], CommandType='"Text"', CommandTimeout='30']
SELECT c."Id", c."Name", c."IconName", c."SortOrder", (
    SELECT count(*)::int
    FROM "Products" AS p
    WHERE NOT (p."IsDeleted") AND p."CategoryId" = c."Id" AND p."IsActive")
FROM "Categories" AS c
WHERE c."IsActive"
ORDER BY c."SortOrder"
2026-09-27 01:49:11.803 +03:00 [INF] HTTP GET /api/categories responded 200 in 25.3579 ms
2026-09-27 01:49:11.840 +03:00 [INF] Executed DbCommand (1ms) [Parameters=[], CommandType='"Text"', CommandTimeout='30']
SELECT s."Id", s."Name", s."Phone", s."Address", s."Latitude", s."Longitude", s."ImageKey", s."IsActive"
FROM "Stores" AS s
WHERE s."IsActive"
ORDER BY s."Name"
2026-09-27 01:49:11.845 +03:00 [INF] HTTP GET /api/stores responded 200 in 25.4032 ms
2026-09-27 01:49:11.871 +03:00 [INF] Executed DbCommand (1ms) [Parameters=[], CommandType='"Text"', CommandTimeout='30']
SELECT d."Id", d."BaseDistanceKm", d."BaseFee", d."FreeDeliveryRadius", d."IsEnabled", d."PerKmFee", d."UpdatedAt", d."UpdatedBy"
FROM "DeliverySettings" AS d
LIMIT 1
2026-09-27 01:49:11.876 +03:00 [INF] HTTP GET /api/admin/settings/delivery responded 200 in 16.4136 ms
2026-09-27 01:49:11.930 +03:00 [INF] Executed DbCommand (2ms) [Parameters=[], CommandType='"Text"', CommandTimeout='30']
SELECT d."Id", d."CreatedAt", d."FullName", d."Phone", d."Status", d."UpdatedAt", d."UserId", d0."Id", d0."Amount", d0."CreatedAt", d0."CreatedBy", d0."Description", d0."Direction", d0."DriverId", d0."OrderId", d0."Reference", d0."Type", d0."UpdatedAt"
FROM "Drivers" AS d
LEFT JOIN "DriverTransactions" AS d0 ON d."Id" = d0."DriverId"
ORDER BY d."Id"
2026-09-27 01:49:11.970 +03:00 [INF] HTTP GET /api/admin/drivers responded 200 in 78.6898 ms
2026-09-27 01:49:12.013 +03:00 [INF] Executed DbCommand (1ms) [Parameters=[@p='100'], CommandType='"Text"', CommandTimeout='30']
SELECT a."Id", a."Action", a."ActorId", a."ActorType", a."CreatedAt", a."EntityId", a."EntityName", a."IpAddress", a."NewValuesJson", a."OldValuesJson", a."UpdatedAt", a."UserAgent"
FROM "AuditLogs" AS a
ORDER BY a."CreatedAt" DESC
LIMIT @p
2026-09-27 01:49:12.017 +03:00 [INF] HTTP GET /api/admin/audit-logs responded 200 in 20.7102 ms
2026-09-27 01:49:57.902 +03:00 [INF] Executed DbCommand (8ms) [Parameters=[@p0='01a0dfe9-3576-7104-b9d7-8bca9040c1d4', @p1='2026-09-26T22:49:57.8767806Z' (DbType = DateTime), @p2='📁' (Nullable = false), @p3='True', @p4='طعام' (Nullable = false), @p5='5', @p6='2026-09-26T22:49:57.8767808Z' (DbType = DateTime)], CommandType='"Text"', CommandTimeout='30']
INSERT INTO "Categories" ("Id", "CreatedAt", "IconName", "IsActive", "Name", "SortOrder", "UpdatedAt")
VALUES (@p0, @p1, @p2, @p3, @p4, @p5, @p6);
2026-09-27 01:49:57.904 +03:00 [INF] HTTP POST /api/admin/categories responded 200 in 78.9371 ms
2026-09-27 01:49:57.922 +03:00 [INF] Executed DbCommand (1ms) [Parameters=[@today='2026-09-26T00:00:00.0000000Z' (DbType = DateTime)], CommandType='"Text"', CommandTimeout='30']
SELECT count(*)::int
FROM "Orders" AS o
WHERE o."CreatedAt" >= @today
2026-09-27 01:49:57.924 +03:00 [INF] Executed DbCommand (1ms) [Parameters=[@today='2026-09-26T00:00:00.0000000Z' (DbType = DateTime)], CommandType='"Text"', CommandTimeout='30']
SELECT COALESCE(sum(o."TotalAmount"), 0.0)
FROM "Orders" AS o
WHERE o."CreatedAt" >= @today AND o."Status" <> 'Cancelled'
2026-09-27 01:49:57.926 +03:00 [INF] Executed DbCommand (1ms) [Parameters=[], CommandType='"Text"', CommandTimeout='30']
SELECT count(*)::int
FROM "Payments" AS p
WHERE p."Status" = 'PendingVerification'
2026-09-27 01:49:57.928 +03:00 [INF] Executed DbCommand (1ms) [Parameters=[], CommandType='"Text"', CommandTimeout='30']
SELECT count(*)::int
FROM "Orders" AS o
WHERE o."Status" IN ('SearchingDriver', 'Confirmed')
2026-09-27 01:49:57.929 +03:00 [INF] Executed DbCommand (1ms) [Parameters=[], CommandType='"Text"', CommandTimeout='30']
SELECT count(*)::int
FROM "Drivers" AS d
WHERE d."Status" IN ('Online', 'Busy')
2026-09-27 01:49:57.931 +03:00 [INF] Executed DbCommand (1ms) [Parameters=[], CommandType='"Text"', CommandTimeout='30']
SELECT count(*)::int
FROM "Inventories" AS i
WHERE i."Quantity" <= 5
2026-09-27 01:49:57.931 +03:00 [INF] HTTP GET /api/admin/dashboard responded 200 in 14.2246 ms
2026-09-27 01:49:57.980 +03:00 [INF] Executed DbCommand (2ms) [Parameters=[], CommandType='"Text"', CommandTimeout='30']
SELECT o."Id", o."AddressId", o."CreatedAt", o."CustomerId", o."DeliveryFee", o."Discount", o."DriverId", o."IdempotencyKey", o."Notes", o."OrderNumber", o."PaymentMethod", o."PaymentStatus", o."Status", o."SubTotal", o."TotalAmount", o."UpdatedAt", d."Id", d."CreatedAt", d."FullName", d."Phone", d."Status", d."UpdatedAt", d."UserId", a."Id", a."Building", a."City", a."CreatedAt", a."CustomerId", a."Description", a."District", a."IsDefault", a."Label", a."Latitude", a."Longitude", a."Street", a."UpdatedAt", s1."Id", s1."ActualPurchaseCost", s1."CreatedAt", s1."ExpectedPurchaseCost", s1."Notes", s1."OrderId", s1."Status", s1."StoreId", s1."SubTotal", s1."UpdatedAt", s1."Id0", s1."Address", s1."CreatedAt0", s1."ImageKey", s1."IsActive", s1."Latitude", s1."Longitude", s1."Name", s1."Phone", s1."UpdatedAt0", s1."Id1", s1."ActualPurchasePrice", s1."CreatedAt1", s1."ExpectedProfitSnapshot", s1."ExpectedPurchasePriceSnapshot", s1."ProductId", s1."ProductNameSnapshot", s1."Quantity", s1."SellingPriceSnapshot", s1."SubOrderId", s1."TotalSellingPrice", s1."UpdatedAt1"
FROM "Orders" AS o
LEFT JOIN "Drivers" AS d ON o."DriverId" = d."Id"
INNER JOIN "Addresses" AS a ON o."AddressId" = a."Id"
LEFT JOIN (
    SELECT s."Id", s."ActualPurchaseCost", s."CreatedAt", s."ExpectedPurchaseCost", s."Notes", s."OrderId", s."Status", s."StoreId", s."SubTotal", s."UpdatedAt", s0."Id" AS "Id0", s0."Address", s0."CreatedAt" AS "CreatedAt0", s0."ImageKey", s0."IsActive", s0."Latitude", s0."Longitude", s0."Name", s0."Phone", s0."UpdatedAt" AS "UpdatedAt0", o0."Id" AS "Id1", o0."ActualPurchasePrice", o0."CreatedAt" AS "CreatedAt1", o0."ExpectedProfitSnapshot", o0."ExpectedPurchasePriceSnapshot", o0."ProductId", o0."ProductNameSnapshot", o0."Quantity", o0."SellingPriceSnapshot", o0."SubOrderId", o0."TotalSellingPrice", o0."UpdatedAt" AS "UpdatedAt1"
    FROM "SubOrders" AS s
    INNER JOIN "Stores" AS s0 ON s."StoreId" = s0."Id"
    LEFT JOIN "OrderItems" AS o0 ON s."Id" = o0."SubOrderId"
) AS s1 ON o."Id" = s1."OrderId"
ORDER BY o."CreatedAt" DESC, o."Id", d."Id", a."Id", s1."Id", s1."Id0"
2026-09-27 01:49:57.984 +03:00 [INF] HTTP GET /api/admin/orders responded 200 in 8.5870 ms
2026-09-27 01:49:58.015 +03:00 [INF] Executed DbCommand (1ms) [Parameters=[], CommandType='"Text"', CommandTimeout='30']
SELECT p."Id", p."OrderId", o."OrderNumber", p."Amount", p."Method", p."Status", o."Id", p0."Id", p0."Url", p0."StorageKey", p0."UploadedAt"
FROM "Payments" AS p
INNER JOIN "Orders" AS o ON p."OrderId" = o."Id"
LEFT JOIN "PaymentReceipts" AS p0 ON p."Id" = p0."PaymentId"
WHERE p."Status" = 'PendingVerification'
ORDER BY p."CreatedAt" DESC, p."Id", o."Id"
2026-09-27 01:49:58.016 +03:00 [INF] HTTP GET /api/admin/payments/pending responded 200 in 3.3470 ms
2026-09-27 01:49:58.053 +03:00 [INF] Executed DbCommand (1ms) [Parameters=[], CommandType='"Text"', CommandTimeout='30']
SELECT count(*)::int
FROM "Products" AS p
WHERE NOT (p."IsDeleted") AND p."IsActive"
2026-09-27 01:49:58.056 +03:00 [INF] Executed DbCommand (2ms) [Parameters=[@p0='100', @p='0'], CommandType='"Text"', CommandTimeout='30']
SELECT p0."Id", p0."Name", p0."Description", p0."CategoryId", c."Name", p0."StoreId", s."Name", p0."SourceType", p0."SellingPrice", i."Quantity", p0."IsActive", c."Id", s."Id", i."Id", p1."ImageKey", p1."Id"
FROM (
    SELECT p."Id", p."CategoryId", p."CreatedAt", p."Description", p."IsActive", p."Name", p."SellingPrice", p."SourceType", p."StoreId"
    FROM "Products" AS p
    WHERE NOT (p."IsDeleted") AND p."IsActive"
    ORDER BY p."CreatedAt" DESC
    LIMIT @p0 OFFSET @p
) AS p0
INNER JOIN "Categories" AS c ON p0."CategoryId" = c."Id"
INNER JOIN "Stores" AS s ON p0."StoreId" = s."Id"
LEFT JOIN "Inventories" AS i ON p0."Id" = i."ProductId"
LEFT JOIN "ProductImages" AS p1 ON p0."Id" = p1."ProductId"
ORDER BY p0."CreatedAt" DESC, p0."Id", c."Id", s."Id", i."Id", p1."SortOrder"
2026-09-27 01:49:58.057 +03:00 [INF] HTTP GET /api/products responded 200 in 5.5017 ms
2026-09-27 01:49:58.121 +03:00 [INF] Executed DbCommand (1ms) [Parameters=[], CommandType='"Text"', CommandTimeout='30']
SELECT c."Id", c."Name", c."IconName", c."SortOrder", (
    SELECT count(*)::int
    FROM "Products" AS p
    WHERE NOT (p."IsDeleted") AND p."CategoryId" = c."Id" AND p."IsActive")
FROM "Categories" AS c
WHERE c."IsActive"
ORDER BY c."SortOrder"
2026-09-27 01:49:58.122 +03:00 [INF] HTTP GET /api/categories responded 200 in 4.0603 ms
2026-09-27 01:49:58.159 +03:00 [INF] Executed DbCommand (1ms) [Parameters=[], CommandType='"Text"', CommandTimeout='30']
SELECT s."Id", s."Name", s."Phone", s."Address", s."Latitude", s."Longitude", s."ImageKey", s."IsActive"
FROM "Stores" AS s
WHERE s."IsActive"
ORDER BY s."Name"
2026-09-27 01:49:58.159 +03:00 [INF] HTTP GET /api/stores responded 200 in 2.8679 ms
2026-09-27 01:49:58.201 +03:00 [INF] Executed DbCommand (1ms) [Parameters=[], CommandType='"Text"', CommandTimeout='30']
SELECT d."Id", d."BaseDistanceKm", d."BaseFee", d."FreeDeliveryRadius", d."IsEnabled", d."PerKmFee", d."UpdatedAt", d."UpdatedBy"
FROM "DeliverySettings" AS d
LIMIT 1
2026-09-27 01:49:58.201 +03:00 [INF] HTTP GET /api/admin/settings/delivery responded 200 in 2.3622 ms
2026-09-27 01:49:58.279 +03:00 [INF] Executed DbCommand (1ms) [Parameters=[], CommandType='"Text"', CommandTimeout='30']
SELECT d."Id", d."CreatedAt", d."FullName", d."Phone", d."Status", d."UpdatedAt", d."UserId", d0."Id", d0."Amount", d0."CreatedAt", d0."CreatedBy", d0."Description", d0."Direction", d0."DriverId", d0."OrderId", d0."Reference", d0."Type", d0."UpdatedAt"
FROM "Drivers" AS d
LEFT JOIN "DriverTransactions" AS d0 ON d."Id" = d0."DriverId"
ORDER BY d."Id"
2026-09-27 01:49:58.280 +03:00 [INF] HTTP GET /api/admin/drivers responded 200 in 37.5270 ms
2026-09-27 01:49:58.289 +03:00 [INF] Executed DbCommand (1ms) [Parameters=[@p='100'], CommandType='"Text"', CommandTimeout='30']
SELECT a."Id", a."Action", a."ActorId", a."ActorType", a."CreatedAt", a."EntityId", a."EntityName", a."IpAddress", a."NewValuesJson", a."OldValuesJson", a."UpdatedAt", a."UserAgent"
FROM "AuditLogs" AS a
ORDER BY a."CreatedAt" DESC
LIMIT @p
2026-09-27 01:49:58.289 +03:00 [INF] HTTP GET /api/admin/audit-logs responded 200 in 1.9560 ms
2026-09-27 01:50:17.052 +03:00 [INF] Executed DbCommand (5ms) [Parameters=[@p0='01a0dfe9-804d-7393-a718-06876c26451b', @p1='ممث' (Nullable = false), @p2='2026-09-26T22:50:17.0359548Z' (DbType = DateTime), @p3=NULL, @p4='True', @p5='15.35', @p6='44.2', @p7='تلتب' (Nullable = false), @p8='55' (Nullable = false), @p9='2026-09-26T22:50:17.0359552Z' (DbType = DateTime)], CommandType='"Text"', CommandTimeout='30']
INSERT INTO "Stores" ("Id", "Address", "CreatedAt", "ImageKey", "IsActive", "Latitude", "Longitude", "Name", "Phone", "UpdatedAt")
VALUES (@p0, @p1, @p2, @p3, @p4, @p5, @p6, @p7, @p8, @p9);
2026-09-27 01:50:17.053 +03:00 [INF] HTTP POST /api/admin/stores responded 200 in 28.1421 ms
2026-09-27 01:50:17.067 +03:00 [INF] Executed DbCommand (1ms) [Parameters=[@today='2026-09-26T00:00:00.0000000Z' (DbType = DateTime)], CommandType='"Text"', CommandTimeout='30']
SELECT count(*)::int
FROM "Orders" AS o
WHERE o."CreatedAt" >= @today
2026-09-27 01:50:17.068 +03:00 [INF] Executed DbCommand (1ms) [Parameters=[@today='2026-09-26T00:00:00.0000000Z' (DbType = DateTime)], CommandType='"Text"', CommandTimeout='30']
SELECT COALESCE(sum(o."TotalAmount"), 0.0)
FROM "Orders" AS o
WHERE o."CreatedAt" >= @today AND o."Status" <> 'Cancelled'
2026-09-27 01:50:17.069 +03:00 [INF] Executed DbCommand (1ms) [Parameters=[], CommandType='"Text"', CommandTimeout='30']
SELECT count(*)::int
FROM "Payments" AS p
WHERE p."Status" = 'PendingVerification'
2026-09-27 01:50:17.070 +03:00 [INF] Executed DbCommand (1ms) [Parameters=[], CommandType='"Text"', CommandTimeout='30']
SELECT count(*)::int
FROM "Orders" AS o
WHERE o."Status" IN ('SearchingDriver', 'Confirmed')
2026-09-27 01:50:17.071 +03:00 [INF] Executed DbCommand (1ms) [Parameters=[], CommandType='"Text"', CommandTimeout='30']
SELECT count(*)::int
FROM "Drivers" AS d
WHERE d."Status" IN ('Online', 'Busy')
2026-09-27 01:50:17.072 +03:00 [INF] Executed DbCommand (1ms) [Parameters=[], CommandType='"Text"', CommandTimeout='30']
SELECT count(*)::int
FROM "Inventories" AS i
WHERE i."Quantity" <= 5
2026-09-27 01:50:17.073 +03:00 [INF] HTTP GET /api/admin/dashboard responded 200 in 7.8278 ms
2026-09-27 01:50:17.128 +03:00 [INF] Executed DbCommand (2ms) [Parameters=[], CommandType='"Text"', CommandTimeout='30']
SELECT o."Id", o."AddressId", o."CreatedAt", o."CustomerId", o."DeliveryFee", o."Discount", o."DriverId", o."IdempotencyKey", o."Notes", o."OrderNumber", o."PaymentMethod", o."PaymentStatus", o."Status", o."SubTotal", o."TotalAmount", o."UpdatedAt", d."Id", d."CreatedAt", d."FullName", d."Phone", d."Status", d."UpdatedAt", d."UserId", a."Id", a."Building", a."City", a."CreatedAt", a."CustomerId", a."Description", a."District", a."IsDefault", a."Label", a."Latitude", a."Longitude", a."Street", a."UpdatedAt", s1."Id", s1."ActualPurchaseCost", s1."CreatedAt", s1."ExpectedPurchaseCost", s1."Notes", s1."OrderId", s1."Status", s1."StoreId", s1."SubTotal", s1."UpdatedAt", s1."Id0", s1."Address", s1."CreatedAt0", s1."ImageKey", s1."IsActive", s1."Latitude", s1."Longitude", s1."Name", s1."Phone", s1."UpdatedAt0", s1."Id1", s1."ActualPurchasePrice", s1."CreatedAt1", s1."ExpectedProfitSnapshot", s1."ExpectedPurchasePriceSnapshot", s1."ProductId", s1."ProductNameSnapshot", s1."Quantity", s1."SellingPriceSnapshot", s1."SubOrderId", s1."TotalSellingPrice", s1."UpdatedAt1"
FROM "Orders" AS o
LEFT JOIN "Drivers" AS d ON o."DriverId" = d."Id"
INNER JOIN "Addresses" AS a ON o."AddressId" = a."Id"
LEFT JOIN (
    SELECT s."Id", s."ActualPurchaseCost", s."CreatedAt", s."ExpectedPurchaseCost", s."Notes", s."OrderId", s."Status", s."StoreId", s."SubTotal", s."UpdatedAt", s0."Id" AS "Id0", s0."Address", s0."CreatedAt" AS "CreatedAt0", s0."ImageKey", s0."IsActive", s0."Latitude", s0."Longitude", s0."Name", s0."Phone", s0."UpdatedAt" AS "UpdatedAt0", o0."Id" AS "Id1", o0."ActualPurchasePrice", o0."CreatedAt" AS "CreatedAt1", o0."ExpectedProfitSnapshot", o0."ExpectedPurchasePriceSnapshot", o0."ProductId", o0."ProductNameSnapshot", o0."Quantity", o0."SellingPriceSnapshot", o0."SubOrderId", o0."TotalSellingPrice", o0."UpdatedAt" AS "UpdatedAt1"
    FROM "SubOrders" AS s
    INNER JOIN "Stores" AS s0 ON s."StoreId" = s0."Id"
    LEFT JOIN "OrderItems" AS o0 ON s."Id" = o0."SubOrderId"
) AS s1 ON o."Id" = s1."OrderId"
ORDER BY o."CreatedAt" DESC, o."Id", d."Id", a."Id", s1."Id", s1."Id0"
2026-09-27 01:50:17.130 +03:00 [INF] HTTP GET /api/admin/orders responded 200 in 5.1737 ms
2026-09-27 01:50:17.179 +03:00 [INF] Executed DbCommand (1ms) [Parameters=[], CommandType='"Text"', CommandTimeout='30']
SELECT p."Id", p."OrderId", o."OrderNumber", p."Amount", p."Method", p."Status", o."Id", p0."Id", p0."Url", p0."StorageKey", p0."UploadedAt"
FROM "Payments" AS p
INNER JOIN "Orders" AS o ON p."OrderId" = o."Id"
LEFT JOIN "PaymentReceipts" AS p0 ON p."Id" = p0."PaymentId"
WHERE p."Status" = 'PendingVerification'
ORDER BY p."CreatedAt" DESC, p."Id", o."Id"
2026-09-27 01:50:17.179 +03:00 [INF] HTTP GET /api/admin/payments/pending responded 200 in 2.6593 ms
2026-09-27 01:50:17.219 +03:00 [INF] Executed DbCommand (1ms) [Parameters=[], CommandType='"Text"', CommandTimeout='30']
SELECT count(*)::int
FROM "Products" AS p
WHERE NOT (p."IsDeleted") AND p."IsActive"
2026-09-27 01:50:17.221 +03:00 [INF] Executed DbCommand (2ms) [Parameters=[@p0='100', @p='0'], CommandType='"Text"', CommandTimeout='30']
SELECT p0."Id", p0."Name", p0."Description", p0."CategoryId", c."Name", p0."StoreId", s."Name", p0."SourceType", p0."SellingPrice", i."Quantity", p0."IsActive", c."Id", s."Id", i."Id", p1."ImageKey", p1."Id"
FROM (
    SELECT p."Id", p."CategoryId", p."CreatedAt", p."Description", p."IsActive", p."Name", p."SellingPrice", p."SourceType", p."StoreId"
    FROM "Products" AS p
    WHERE NOT (p."IsDeleted") AND p."IsActive"
    ORDER BY p."CreatedAt" DESC
    LIMIT @p0 OFFSET @p
) AS p0
INNER JOIN "Categories" AS c ON p0."CategoryId" = c."Id"
INNER JOIN "Stores" AS s ON p0."StoreId" = s."Id"
LEFT JOIN "Inventories" AS i ON p0."Id" = i."ProductId"
LEFT JOIN "ProductImages" AS p1 ON p0."Id" = p1."ProductId"
ORDER BY p0."CreatedAt" DESC, p0."Id", c."Id", s."Id", i."Id", p1."SortOrder"
2026-09-27 01:50:17.222 +03:00 [INF] HTTP GET /api/products responded 200 in 4.6623 ms
2026-09-27 01:50:17.261 +03:00 [INF] Executed DbCommand (1ms) [Parameters=[], CommandType='"Text"', CommandTimeout='30']
SELECT c."Id", c."Name", c."IconName", c."SortOrder", (
    SELECT count(*)::int
    FROM "Products" AS p
    WHERE NOT (p."IsDeleted") AND p."CategoryId" = c."Id" AND p."IsActive")
FROM "Categories" AS c
WHERE c."IsActive"
ORDER BY c."SortOrder"
2026-09-27 01:50:17.262 +03:00 [INF] HTTP GET /api/categories responded 200 in 2.6213 ms
2026-09-27 01:50:17.292 +03:00 [INF] Executed DbCommand (1ms) [Parameters=[], CommandType='"Text"', CommandTimeout='30']
SELECT s."Id", s."Name", s."Phone", s."Address", s."Latitude", s."Longitude", s."ImageKey", s."IsActive"
FROM "Stores" AS s
WHERE s."IsActive"
ORDER BY s."Name"
2026-09-27 01:50:17.293 +03:00 [INF] HTTP GET /api/stores responded 200 in 2.4437 ms
2026-09-27 01:50:17.344 +03:00 [INF] Executed DbCommand (1ms) [Parameters=[], CommandType='"Text"', CommandTimeout='30']
SELECT d."Id", d."BaseDistanceKm", d."BaseFee", d."FreeDeliveryRadius", d."IsEnabled", d."PerKmFee", d."UpdatedAt", d."UpdatedBy"
FROM "DeliverySettings" AS d
LIMIT 1
2026-09-27 01:50:17.345 +03:00 [INF] HTTP GET /api/admin/settings/delivery responded 200 in 2.0067 ms
2026-09-27 01:50:17.395 +03:00 [INF] Executed DbCommand (1ms) [Parameters=[], CommandType='"Text"', CommandTimeout='30']
SELECT d."Id", d."CreatedAt", d."FullName", d."Phone", d."Status", d."UpdatedAt", d."UserId", d0."Id", d0."Amount", d0."CreatedAt", d0."CreatedBy", d0."Description", d0."Direction", d0."DriverId", d0."OrderId", d0."Reference", d0."Type", d0."UpdatedAt"
FROM "Drivers" AS d
LEFT JOIN "DriverTransactions" AS d0 ON d."Id" = d0."DriverId"
ORDER BY d."Id"
2026-09-27 01:50:17.396 +03:00 [INF] HTTP GET /api/admin/drivers responded 200 in 2.3903 ms
2026-09-27 01:50:17.452 +03:00 [INF] Executed DbCommand (1ms) [Parameters=[@p='100'], CommandType='"Text"', CommandTimeout='30']
SELECT a."Id", a."Action", a."ActorId", a."ActorType", a."CreatedAt", a."EntityId", a."EntityName", a."IpAddress", a."NewValuesJson", a."OldValuesJson", a."UpdatedAt", a."UserAgent"
FROM "AuditLogs" AS a
ORDER BY a."CreatedAt" DESC
LIMIT @p
2026-09-27 01:50:17.452 +03:00 [INF] HTTP GET /api/admin/audit-logs responded 200 in 2.4572 ms
2026-09-27 01:52:30.188 +03:00 [INF] Executed DbCommand (2ms) [Parameters=[@id='01a0dfe9-804d-7393-a718-06876c26451b'], CommandType='"Text"', CommandTimeout='30']
SELECT s."Id", s."Address", s."CreatedAt", s."ImageKey", s."IsActive", s."Latitude", s."Longitude", s."Name", s."Phone", s."UpdatedAt"
FROM "Stores" AS s
WHERE s."Id" = @id
LIMIT 1
2026-09-27 01:52:30.199 +03:00 [INF] Executed DbCommand (6ms) [Parameters=[@p2='01a0dfe9-804d-7393-a718-06876c26451b', @p0='False', @p1='2026-09-26T22:52:30.1904821Z' (DbType = DateTime)], CommandType='"Text"', CommandTimeout='30']
UPDATE "Stores" SET "IsActive" = @p0, "UpdatedAt" = @p1
WHERE "Id" = @p2;
2026-09-27 01:52:30.202 +03:00 [INF] HTTP PATCH /api/admin/stores/01a0dfe9-804d-7393-a718-06876c26451b/toggle responded 200 in 64.8734 ms
2026-09-27 01:52:30.226 +03:00 [INF] Executed DbCommand (2ms) [Parameters=[@today='2026-09-26T00:00:00.0000000Z' (DbType = DateTime)], CommandType='"Text"', CommandTimeout='30']
SELECT count(*)::int
FROM "Orders" AS o
WHERE o."CreatedAt" >= @today
2026-09-27 01:52:30.228 +03:00 [INF] Executed DbCommand (1ms) [Parameters=[@today='2026-09-26T00:00:00.0000000Z' (DbType = DateTime)], CommandType='"Text"', CommandTimeout='30']
SELECT COALESCE(sum(o."TotalAmount"), 0.0)
FROM "Orders" AS o
WHERE o."CreatedAt" >= @today AND o."Status" <> 'Cancelled'
2026-09-27 01:52:30.230 +03:00 [INF] Executed DbCommand (2ms) [Parameters=[], CommandType='"Text"', CommandTimeout='30']
SELECT count(*)::int
FROM "Payments" AS p
WHERE p."Status" = 'PendingVerification'
2026-09-27 01:52:30.232 +03:00 [INF] Executed DbCommand (1ms) [Parameters=[], CommandType='"Text"', CommandTimeout='30']
SELECT count(*)::int
FROM "Orders" AS o
WHERE o."Status" IN ('SearchingDriver', 'Confirmed')
2026-09-27 01:52:30.234 +03:00 [INF] Executed DbCommand (2ms) [Parameters=[], CommandType='"Text"', CommandTimeout='30']
SELECT count(*)::int
FROM "Drivers" AS d
WHERE d."Status" IN ('Online', 'Busy')
2026-09-27 01:52:30.236 +03:00 [INF] Executed DbCommand (1ms) [Parameters=[], CommandType='"Text"', CommandTimeout='30']
SELECT count(*)::int
FROM "Inventories" AS i
WHERE i."Quantity" <= 5
2026-09-27 01:52:30.236 +03:00 [INF] HTTP GET /api/admin/dashboard responded 200 in 12.1935 ms
2026-09-27 01:52:30.292 +03:00 [INF] Executed DbCommand (4ms) [Parameters=[], CommandType='"Text"', CommandTimeout='30']
SELECT o."Id", o."AddressId", o."CreatedAt", o."CustomerId", o."DeliveryFee", o."Discount", o."DriverId", o."IdempotencyKey", o."Notes", o."OrderNumber", o."PaymentMethod", o."PaymentStatus", o."Status", o."SubTotal", o."TotalAmount", o."UpdatedAt", d."Id", d."CreatedAt", d."FullName", d."Phone", d."Status", d."UpdatedAt", d."UserId", a."Id", a."Building", a."City", a."CreatedAt", a."CustomerId", a."Description", a."District", a."IsDefault", a."Label", a."Latitude", a."Longitude", a."Street", a."UpdatedAt", s1."Id", s1."ActualPurchaseCost", s1."CreatedAt", s1."ExpectedPurchaseCost", s1."Notes", s1."OrderId", s1."Status", s1."StoreId", s1."SubTotal", s1."UpdatedAt", s1."Id0", s1."Address", s1."CreatedAt0", s1."ImageKey", s1."IsActive", s1."Latitude", s1."Longitude", s1."Name", s1."Phone", s1."UpdatedAt0", s1."Id1", s1."ActualPurchasePrice", s1."CreatedAt1", s1."ExpectedProfitSnapshot", s1."ExpectedPurchasePriceSnapshot", s1."ProductId", s1."ProductNameSnapshot", s1."Quantity", s1."SellingPriceSnapshot", s1."SubOrderId", s1."TotalSellingPrice", s1."UpdatedAt1"
FROM "Orders" AS o
LEFT JOIN "Drivers" AS d ON o."DriverId" = d."Id"
INNER JOIN "Addresses" AS a ON o."AddressId" = a."Id"
LEFT JOIN (
    SELECT s."Id", s."ActualPurchaseCost", s."CreatedAt", s."ExpectedPurchaseCost", s."Notes", s."OrderId", s."Status", s."StoreId", s."SubTotal", s."UpdatedAt", s0."Id" AS "Id0", s0."Address", s0."CreatedAt" AS "CreatedAt0", s0."ImageKey", s0."IsActive", s0."Latitude", s0."Longitude", s0."Name", s0."Phone", s0."UpdatedAt" AS "UpdatedAt0", o0."Id" AS "Id1", o0."ActualPurchasePrice", o0."CreatedAt" AS "CreatedAt1", o0."ExpectedProfitSnapshot", o0."ExpectedPurchasePriceSnapshot", o0."ProductId", o0."ProductNameSnapshot", o0."Quantity", o0."SellingPriceSnapshot", o0."SubOrderId", o0."TotalSellingPrice", o0."UpdatedAt" AS "UpdatedAt1"
    FROM "SubOrders" AS s
    INNER JOIN "Stores" AS s0 ON s."StoreId" = s0."Id"
    LEFT JOIN "OrderItems" AS o0 ON s."Id" = o0."SubOrderId"
) AS s1 ON o."Id" = s1."OrderId"
ORDER BY o."CreatedAt" DESC, o."Id", d."Id", a."Id", s1."Id", s1."Id0"
2026-09-27 01:52:30.294 +03:00 [INF] HTTP GET /api/admin/orders responded 200 in 7.4569 ms
2026-09-27 01:52:30.325 +03:00 [INF] Executed DbCommand (2ms) [Parameters=[], CommandType='"Text"', CommandTimeout='30']
SELECT p."Id", p."OrderId", o."OrderNumber", p."Amount", p."Method", p."Status", o."Id", p0."Id", p0."Url", p0."StorageKey", p0."UploadedAt"
FROM "Payments" AS p
INNER JOIN "Orders" AS o ON p."OrderId" = o."Id"
LEFT JOIN "PaymentReceipts" AS p0 ON p."Id" = p0."PaymentId"
WHERE p."Status" = 'PendingVerification'
ORDER BY p."CreatedAt" DESC, p."Id", o."Id"
2026-09-27 01:52:30.325 +03:00 [INF] HTTP GET /api/admin/payments/pending responded 200 in 2.7841 ms
2026-09-27 01:52:30.362 +03:00 [INF] Executed DbCommand (2ms) [Parameters=[], CommandType='"Text"', CommandTimeout='30']
SELECT count(*)::int
FROM "Products" AS p
WHERE NOT (p."IsDeleted") AND p."IsActive"
2026-09-27 01:52:30.365 +03:00 [INF] Executed DbCommand (3ms) [Parameters=[@p0='100', @p='0'], CommandType='"Text"', CommandTimeout='30']
SELECT p0."Id", p0."Name", p0."Description", p0."CategoryId", c."Name", p0."StoreId", s."Name", p0."SourceType", p0."SellingPrice", i."Quantity", p0."IsActive", c."Id", s."Id", i."Id", p1."ImageKey", p1."Id"
FROM (
    SELECT p."Id", p."CategoryId", p."CreatedAt", p."Description", p."IsActive", p."Name", p."SellingPrice", p."SourceType", p."StoreId"
    FROM "Products" AS p
    WHERE NOT (p."IsDeleted") AND p."IsActive"
    ORDER BY p."CreatedAt" DESC
    LIMIT @p0 OFFSET @p
) AS p0
INNER JOIN "Categories" AS c ON p0."CategoryId" = c."Id"
INNER JOIN "Stores" AS s ON p0."StoreId" = s."Id"
LEFT JOIN "Inventories" AS i ON p0."Id" = i."ProductId"
LEFT JOIN "ProductImages" AS p1 ON p0."Id" = p1."ProductId"
ORDER BY p0."CreatedAt" DESC, p0."Id", c."Id", s."Id", i."Id", p1."SortOrder"
2026-09-27 01:52:30.366 +03:00 [INF] HTTP GET /api/products responded 200 in 7.2587 ms
2026-09-27 01:52:30.397 +03:00 [INF] Executed DbCommand (1ms) [Parameters=[], CommandType='"Text"', CommandTimeout='30']
SELECT c."Id", c."Name", c."IconName", c."SortOrder", (
    SELECT count(*)::int
    FROM "Products" AS p
    WHERE NOT (p."IsDeleted") AND p."CategoryId" = c."Id" AND p."IsActive")
FROM "Categories" AS c
WHERE c."IsActive"
ORDER BY c."SortOrder"
2026-09-27 01:52:30.397 +03:00 [INF] HTTP GET /api/categories responded 200 in 2.5891 ms
2026-09-27 01:52:30.432 +03:00 [INF] Executed DbCommand (1ms) [Parameters=[], CommandType='"Text"', CommandTimeout='30']
SELECT s."Id", s."Name", s."Phone", s."Address", s."Latitude", s."Longitude", s."ImageKey", s."IsActive"
FROM "Stores" AS s
WHERE s."IsActive"
ORDER BY s."Name"
2026-09-27 01:52:30.433 +03:00 [INF] HTTP GET /api/stores responded 200 in 2.0444 ms
2026-09-27 01:52:30.465 +03:00 [INF] Executed DbCommand (1ms) [Parameters=[], CommandType='"Text"', CommandTimeout='30']
SELECT d."Id", d."BaseDistanceKm", d."BaseFee", d."FreeDeliveryRadius", d."IsEnabled", d."PerKmFee", d."UpdatedAt", d."UpdatedBy"
FROM "DeliverySettings" AS d
LIMIT 1
2026-09-27 01:52:30.465 +03:00 [INF] HTTP GET /api/admin/settings/delivery responded 200 in 2.3710 ms
2026-09-27 01:52:30.517 +03:00 [INF] Executed DbCommand (2ms) [Parameters=[], CommandType='"Text"', CommandTimeout='30']
SELECT d."Id", d."CreatedAt", d."FullName", d."Phone", d."Status", d."UpdatedAt", d."UserId", d0."Id", d0."Amount", d0."CreatedAt", d0."CreatedBy", d0."Description", d0."Direction", d0."DriverId", d0."OrderId", d0."Reference", d0."Type", d0."UpdatedAt"
FROM "Drivers" AS d
LEFT JOIN "DriverTransactions" AS d0 ON d."Id" = d0."DriverId"
ORDER BY d."Id"
2026-09-27 01:52:30.518 +03:00 [INF] HTTP GET /api/admin/drivers responded 200 in 3.1322 ms
2026-09-27 01:52:30.550 +03:00 [INF] Executed DbCommand (1ms) [Parameters=[@p='100'], CommandType='"Text"', CommandTimeout='30']
SELECT a."Id", a."Action", a."ActorId", a."ActorType", a."CreatedAt", a."EntityId", a."EntityName", a."IpAddress", a."NewValuesJson", a."OldValuesJson", a."UpdatedAt", a."UserAgent"
FROM "AuditLogs" AS a
ORDER BY a."CreatedAt" DESC
LIMIT @p
2026-09-27 01:52:30.550 +03:00 [INF] HTTP GET /api/admin/audit-logs responded 200 in 2.5311 ms
2026-09-27 01:52:30.613 +03:00 [INF] Executed DbCommand (1ms) [Parameters=[@id='4695f5c4-79ea-4796-9a83-293acb9f35b8'], CommandType='"Text"', CommandTimeout='30']
SELECT s."Id", s."Address", s."CreatedAt", s."ImageKey", s."IsActive", s."Latitude", s."Longitude", s."Name", s."Phone", s."UpdatedAt"
FROM "Stores" AS s
WHERE s."Id" = @id
LIMIT 1
2026-09-27 01:52:30.615 +03:00 [INF] Executed DbCommand (2ms) [Parameters=[@p2='4695f5c4-79ea-4796-9a83-293acb9f35b8', @p0='False', @p1='2026-09-26T22:52:30.6138264Z' (DbType = DateTime)], CommandType='"Text"', CommandTimeout='30']
UPDATE "Stores" SET "IsActive" = @p0, "UpdatedAt" = @p1
WHERE "Id" = @p2;
2026-09-27 01:52:30.616 +03:00 [INF] HTTP PATCH /api/admin/stores/4695f5c4-79ea-4796-9a83-293acb9f35b8/toggle responded 200 in 4.2652 ms
2026-09-27 01:52:30.624 +03:00 [INF] Executed DbCommand (2ms) [Parameters=[@today='2026-09-26T00:00:00.0000000Z' (DbType = DateTime)], CommandType='"Text"', CommandTimeout='30']
SELECT count(*)::int
FROM "Orders" AS o
WHERE o."CreatedAt" >= @today
2026-09-27 01:52:30.629 +03:00 [INF] Executed DbCommand (4ms) [Parameters=[@today='2026-09-26T00:00:00.0000000Z' (DbType = DateTime)], CommandType='"Text"', CommandTimeout='30']
SELECT COALESCE(sum(o."TotalAmount"), 0.0)
FROM "Orders" AS o
WHERE o."CreatedAt" >= @today AND o."Status" <> 'Cancelled'
2026-09-27 01:52:30.632 +03:00 [INF] Executed DbCommand (2ms) [Parameters=[], CommandType='"Text"', CommandTimeout='30']
SELECT count(*)::int
FROM "Payments" AS p
WHERE p."Status" = 'PendingVerification'
2026-09-27 01:52:30.636 +03:00 [INF] Executed DbCommand (3ms) [Parameters=[], CommandType='"Text"', CommandTimeout='30']
SELECT count(*)::int
FROM "Orders" AS o
WHERE o."Status" IN ('SearchingDriver', 'Confirmed')
2026-09-27 01:52:30.650 +03:00 [INF] Executed DbCommand (14ms) [Parameters=[], CommandType='"Text"', CommandTimeout='30']
SELECT count(*)::int
FROM "Drivers" AS d
WHERE d."Status" IN ('Online', 'Busy')
2026-09-27 01:52:30.653 +03:00 [INF] Executed DbCommand (2ms) [Parameters=[], CommandType='"Text"', CommandTimeout='30']
SELECT count(*)::int
FROM "Inventories" AS i
WHERE i."Quantity" <= 5
2026-09-27 01:52:30.654 +03:00 [INF] HTTP GET /api/admin/dashboard responded 200 in 32.2231 ms
2026-09-27 01:52:30.669 +03:00 [INF] Executed DbCommand (5ms) [Parameters=[], CommandType='"Text"', CommandTimeout='30']
SELECT o."Id", o."AddressId", o."CreatedAt", o."CustomerId", o."DeliveryFee", o."Discount", o."DriverId", o."IdempotencyKey", o."Notes", o."OrderNumber", o."PaymentMethod", o."PaymentStatus", o."Status", o."SubTotal", o."TotalAmount", o."UpdatedAt", d."Id", d."CreatedAt", d."FullName", d."Phone", d."Status", d."UpdatedAt", d."UserId", a."Id", a."Building", a."City", a."CreatedAt", a."CustomerId", a."Description", a."District", a."IsDefault", a."Label", a."Latitude", a."Longitude", a."Street", a."UpdatedAt", s1."Id", s1."ActualPurchaseCost", s1."CreatedAt", s1."ExpectedPurchaseCost", s1."Notes", s1."OrderId", s1."Status", s1."StoreId", s1."SubTotal", s1."UpdatedAt", s1."Id0", s1."Address", s1."CreatedAt0", s1."ImageKey", s1."IsActive", s1."Latitude", s1."Longitude", s1."Name", s1."Phone", s1."UpdatedAt0", s1."Id1", s1."ActualPurchasePrice", s1."CreatedAt1", s1."ExpectedProfitSnapshot", s1."ExpectedPurchasePriceSnapshot", s1."ProductId", s1."ProductNameSnapshot", s1."Quantity", s1."SellingPriceSnapshot", s1."SubOrderId", s1."TotalSellingPrice", s1."UpdatedAt1"
FROM "Orders" AS o
LEFT JOIN "Drivers" AS d ON o."DriverId" = d."Id"
INNER JOIN "Addresses" AS a ON o."AddressId" = a."Id"
LEFT JOIN (
    SELECT s."Id", s."ActualPurchaseCost", s."CreatedAt", s."ExpectedPurchaseCost", s."Notes", s."OrderId", s."Status", s."StoreId", s."SubTotal", s."UpdatedAt", s0."Id" AS "Id0", s0."Address", s0."CreatedAt" AS "CreatedAt0", s0."ImageKey", s0."IsActive", s0."Latitude", s0."Longitude", s0."Name", s0."Phone", s0."UpdatedAt" AS "UpdatedAt0", o0."Id" AS "Id1", o0."ActualPurchasePrice", o0."CreatedAt" AS "CreatedAt1", o0."ExpectedProfitSnapshot", o0."ExpectedPurchasePriceSnapshot", o0."ProductId", o0."ProductNameSnapshot", o0."Quantity", o0."SellingPriceSnapshot", o0."SubOrderId", o0."TotalSellingPrice", o0."UpdatedAt" AS "UpdatedAt1"
    FROM "SubOrders" AS s
    INNER JOIN "Stores" AS s0 ON s."StoreId" = s0."Id"
    LEFT JOIN "OrderItems" AS o0 ON s."Id" = o0."SubOrderId"
) AS s1 ON o."Id" = s1."OrderId"
ORDER BY o."CreatedAt" DESC, o."Id", d."Id", a."Id", s1."Id", s1."Id0"
2026-09-27 01:52:30.671 +03:00 [INF] HTTP GET /api/admin/orders responded 200 in 8.0741 ms
2026-09-27 01:52:30.717 +03:00 [INF] Executed DbCommand (4ms) [Parameters=[], CommandType='"Text"', CommandTimeout='30']
SELECT p."Id", p."OrderId", o."OrderNumber", p."Amount", p."Method", p."Status", o."Id", p0."Id", p0."Url", p0."StorageKey", p0."UploadedAt"
FROM "Payments" AS p
INNER JOIN "Orders" AS o ON p."OrderId" = o."Id"
LEFT JOIN "PaymentReceipts" AS p0 ON p."Id" = p0."PaymentId"
WHERE p."Status" = 'PendingVerification'
ORDER BY p."CreatedAt" DESC, p."Id", o."Id"
2026-09-27 01:52:30.717 +03:00 [INF] HTTP GET /api/admin/payments/pending responded 200 in 5.9865 ms
2026-09-27 01:52:30.753 +03:00 [INF] Executed DbCommand (1ms) [Parameters=[], CommandType='"Text"', CommandTimeout='30']
SELECT count(*)::int
FROM "Products" AS p
WHERE NOT (p."IsDeleted") AND p."IsActive"
2026-09-27 01:52:30.758 +03:00 [INF] Executed DbCommand (5ms) [Parameters=[@p0='100', @p='0'], CommandType='"Text"', CommandTimeout='30']
SELECT p0."Id", p0."Name", p0."Description", p0."CategoryId", c."Name", p0."StoreId", s."Name", p0."SourceType", p0."SellingPrice", i."Quantity", p0."IsActive", c."Id", s."Id", i."Id", p1."ImageKey", p1."Id"
FROM (
    SELECT p."Id", p."CategoryId", p."CreatedAt", p."Description", p."IsActive", p."Name", p."SellingPrice", p."SourceType", p."StoreId"
    FROM "Products" AS p
    WHERE NOT (p."IsDeleted") AND p."IsActive"
    ORDER BY p."CreatedAt" DESC
    LIMIT @p0 OFFSET @p
) AS p0
INNER JOIN "Categories" AS c ON p0."CategoryId" = c."Id"
INNER JOIN "Stores" AS s ON p0."StoreId" = s."Id"
LEFT JOIN "Inventories" AS i ON p0."Id" = i."ProductId"
LEFT JOIN "ProductImages" AS p1 ON p0."Id" = p1."ProductId"
ORDER BY p0."CreatedAt" DESC, p0."Id", c."Id", s."Id", i."Id", p1."SortOrder"
2026-09-27 01:52:30.759 +03:00 [INF] HTTP GET /api/products responded 200 in 24.8737 ms
2026-09-27 01:52:30.784 +03:00 [INF] Executed DbCommand (9ms) [Parameters=[], CommandType='"Text"', CommandTimeout='30']
SELECT c."Id", c."Name", c."IconName", c."SortOrder", (
    SELECT count(*)::int
    FROM "Products" AS p
    WHERE NOT (p."IsDeleted") AND p."CategoryId" = c."Id" AND p."IsActive")
FROM "Categories" AS c
WHERE c."IsActive"
ORDER BY c."SortOrder"
2026-09-27 01:52:30.784 +03:00 [INF] HTTP GET /api/categories responded 200 in 17.2515 ms
2026-09-27 01:52:30.834 +03:00 [INF] Executed DbCommand (7ms) [Parameters=[], CommandType='"Text"', CommandTimeout='30']
SELECT s."Id", s."Name", s."Phone", s."Address", s."Latitude", s."Longitude", s."ImageKey", s."IsActive"
FROM "Stores" AS s
WHERE s."IsActive"
ORDER BY s."Name"
2026-09-27 01:52:30.834 +03:00 [INF] HTTP GET /api/stores responded 200 in 27.6736 ms
2026-09-27 01:52:30.855 +03:00 [INF] Executed DbCommand (1ms) [Parameters=[], CommandType='"Text"', CommandTimeout='30']
SELECT d."Id", d."BaseDistanceKm", d."BaseFee", d."FreeDeliveryRadius", d."IsEnabled", d."PerKmFee", d."UpdatedAt", d."UpdatedBy"
FROM "DeliverySettings" AS d
LIMIT 1
2026-09-27 01:52:30.855 +03:00 [INF] HTTP GET /api/admin/settings/delivery responded 200 in 2.7320 ms
2026-09-27 01:52:30.886 +03:00 [INF] Executed DbCommand (1ms) [Parameters=[], CommandType='"Text"', CommandTimeout='30']
SELECT d."Id", d."CreatedAt", d."FullName", d."Phone", d."Status", d."UpdatedAt", d."UserId", d0."Id", d0."Amount", d0."CreatedAt", d0."CreatedBy", d0."Description", d0."Direction", d0."DriverId", d0."OrderId", d0."Reference", d0."Type", d0."UpdatedAt"
FROM "Drivers" AS d
LEFT JOIN "DriverTransactions" AS d0 ON d."Id" = d0."DriverId"
ORDER BY d."Id"
2026-09-27 01:52:30.886 +03:00 [INF] HTTP GET /api/admin/drivers responded 200 in 3.0891 ms
2026-09-27 01:52:30.911 +03:00 [INF] Executed DbCommand (1ms) [Parameters=[@p='100'], CommandType='"Text"', CommandTimeout='30']
SELECT a."Id", a."Action", a."ActorId", a."ActorType", a."CreatedAt", a."EntityId", a."EntityName", a."IpAddress", a."NewValuesJson", a."OldValuesJson", a."UpdatedAt", a."UserAgent"
FROM "AuditLogs" AS a
ORDER BY a."CreatedAt" DESC
LIMIT @p
2026-09-27 01:52:30.912 +03:00 [INF] HTTP GET /api/admin/audit-logs responded 200 in 3.3789 ms
2026-09-27 01:52:34.322 +03:00 [INF] Executed DbCommand (1ms) [Parameters=[@id='8b62ec41-444d-4fbb-ada7-195da81e77d8'], CommandType='"Text"', CommandTimeout='30']
SELECT s."Id", s."Address", s."CreatedAt", s."ImageKey", s."IsActive", s."Latitude", s."Longitude", s."Name", s."Phone", s."UpdatedAt"
FROM "Stores" AS s
WHERE s."Id" = @id
LIMIT 1
2026-09-27 01:52:34.325 +03:00 [INF] Executed DbCommand (3ms) [Parameters=[@p2='8b62ec41-444d-4fbb-ada7-195da81e77d8', @p0='False', @p1='2026-09-26T22:52:34.3224177Z' (DbType = DateTime)], CommandType='"Text"', CommandTimeout='30']
UPDATE "Stores" SET "IsActive" = @p0, "UpdatedAt" = @p1
WHERE "Id" = @p2;
2026-09-27 01:52:34.326 +03:00 [INF] HTTP PATCH /api/admin/stores/8b62ec41-444d-4fbb-ada7-195da81e77d8/toggle responded 200 in 6.5638 ms
2026-09-27 01:52:34.348 +03:00 [INF] Executed DbCommand (1ms) [Parameters=[@today='2026-09-26T00:00:00.0000000Z' (DbType = DateTime)], CommandType='"Text"', CommandTimeout='30']
SELECT count(*)::int
FROM "Orders" AS o
WHERE o."CreatedAt" >= @today
2026-09-27 01:52:34.349 +03:00 [INF] Executed DbCommand (1ms) [Parameters=[@today='2026-09-26T00:00:00.0000000Z' (DbType = DateTime)], CommandType='"Text"', CommandTimeout='30']
SELECT COALESCE(sum(o."TotalAmount"), 0.0)
FROM "Orders" AS o
WHERE o."CreatedAt" >= @today AND o."Status" <> 'Cancelled'
2026-09-27 01:52:34.350 +03:00 [INF] Executed DbCommand (1ms) [Parameters=[], CommandType='"Text"', CommandTimeout='30']
SELECT count(*)::int
FROM "Payments" AS p
WHERE p."Status" = 'PendingVerification'
2026-09-27 01:52:34.351 +03:00 [INF] Executed DbCommand (1ms) [Parameters=[], CommandType='"Text"', CommandTimeout='30']
SELECT count(*)::int
FROM "Orders" AS o
WHERE o."Status" IN ('SearchingDriver', 'Confirmed')
2026-09-27 01:52:34.352 +03:00 [INF] Executed DbCommand (1ms) [Parameters=[], CommandType='"Text"', CommandTimeout='30']
SELECT count(*)::int
FROM "Drivers" AS d
WHERE d."Status" IN ('Online', 'Busy')
2026-09-27 01:52:34.353 +03:00 [INF] Executed DbCommand (1ms) [Parameters=[], CommandType='"Text"', CommandTimeout='30']
SELECT count(*)::int
FROM "Inventories" AS i
WHERE i."Quantity" <= 5
2026-09-27 01:52:34.353 +03:00 [INF] HTTP GET /api/admin/dashboard responded 200 in 6.4781 ms
2026-09-27 01:52:34.371 +03:00 [INF] Executed DbCommand (2ms) [Parameters=[], CommandType='"Text"', CommandTimeout='30']
SELECT o."Id", o."AddressId", o."CreatedAt", o."CustomerId", o."DeliveryFee", o."Discount", o."DriverId", o."IdempotencyKey", o."Notes", o."OrderNumber", o."PaymentMethod", o."PaymentStatus", o."Status", o."SubTotal", o."TotalAmount", o."UpdatedAt", d."Id", d."CreatedAt", d."FullName", d."Phone", d."Status", d."UpdatedAt", d."UserId", a."Id", a."Building", a."City", a."CreatedAt", a."CustomerId", a."Description", a."District", a."IsDefault", a."Label", a."Latitude", a."Longitude", a."Street", a."UpdatedAt", s1."Id", s1."ActualPurchaseCost", s1."CreatedAt", s1."ExpectedPurchaseCost", s1."Notes", s1."OrderId", s1."Status", s1."StoreId", s1."SubTotal", s1."UpdatedAt", s1."Id0", s1."Address", s1."CreatedAt0", s1."ImageKey", s1."IsActive", s1."Latitude", s1."Longitude", s1."Name", s1."Phone", s1."UpdatedAt0", s1."Id1", s1."ActualPurchasePrice", s1."CreatedAt1", s1."ExpectedProfitSnapshot", s1."ExpectedPurchasePriceSnapshot", s1."ProductId", s1."ProductNameSnapshot", s1."Quantity", s1."SellingPriceSnapshot", s1."SubOrderId", s1."TotalSellingPrice", s1."UpdatedAt1"
FROM "Orders" AS o
LEFT JOIN "Drivers" AS d ON o."DriverId" = d."Id"
INNER JOIN "Addresses" AS a ON o."AddressId" = a."Id"
LEFT JOIN (
    SELECT s."Id", s."ActualPurchaseCost", s."CreatedAt", s."ExpectedPurchaseCost", s."Notes", s."OrderId", s."Status", s."StoreId", s."SubTotal", s."UpdatedAt", s0."Id" AS "Id0", s0."Address", s0."CreatedAt" AS "CreatedAt0", s0."ImageKey", s0."IsActive", s0."Latitude", s0."Longitude", s0."Name", s0."Phone", s0."UpdatedAt" AS "UpdatedAt0", o0."Id" AS "Id1", o0."ActualPurchasePrice", o0."CreatedAt" AS "CreatedAt1", o0."ExpectedProfitSnapshot", o0."ExpectedPurchasePriceSnapshot", o0."ProductId", o0."ProductNameSnapshot", o0."Quantity", o0."SellingPriceSnapshot", o0."SubOrderId", o0."TotalSellingPrice", o0."UpdatedAt" AS "UpdatedAt1"
    FROM "SubOrders" AS s
    INNER JOIN "Stores" AS s0 ON s."StoreId" = s0."Id"
    LEFT JOIN "OrderItems" AS o0 ON s."Id" = o0."SubOrderId"
) AS s1 ON o."Id" = s1."OrderId"
ORDER BY o."CreatedAt" DESC, o."Id", d."Id", a."Id", s1."Id", s1."Id0"
2026-09-27 01:52:34.372 +03:00 [INF] HTTP GET /api/admin/orders responded 200 in 4.1917 ms
2026-09-27 01:52:34.407 +03:00 [INF] Executed DbCommand (1ms) [Parameters=[], CommandType='"Text"', CommandTimeout='30']
SELECT p."Id", p."OrderId", o."OrderNumber", p."Amount", p."Method", p."Status", o."Id", p0."Id", p0."Url", p0."StorageKey", p0."UploadedAt"
FROM "Payments" AS p
INNER JOIN "Orders" AS o ON p."OrderId" = o."Id"
LEFT JOIN "PaymentReceipts" AS p0 ON p."Id" = p0."PaymentId"
WHERE p."Status" = 'PendingVerification'
ORDER BY p."CreatedAt" DESC, p."Id", o."Id"
2026-09-27 01:52:34.408 +03:00 [INF] HTTP GET /api/admin/payments/pending responded 200 in 2.6156 ms
2026-09-27 01:52:34.436 +03:00 [INF] Executed DbCommand (1ms) [Parameters=[], CommandType='"Text"', CommandTimeout='30']
SELECT count(*)::int
FROM "Products" AS p
WHERE NOT (p."IsDeleted") AND p."IsActive"
2026-09-27 01:52:34.438 +03:00 [INF] Executed DbCommand (1ms) [Parameters=[@p0='100', @p='0'], CommandType='"Text"', CommandTimeout='30']
SELECT p0."Id", p0."Name", p0."Description", p0."CategoryId", c."Name", p0."StoreId", s."Name", p0."SourceType", p0."SellingPrice", i."Quantity", p0."IsActive", c."Id", s."Id", i."Id", p1."ImageKey", p1."Id"
FROM (
    SELECT p."Id", p."CategoryId", p."CreatedAt", p."Description", p."IsActive", p."Name", p."SellingPrice", p."SourceType", p."StoreId"
    FROM "Products" AS p
    WHERE NOT (p."IsDeleted") AND p."IsActive"
    ORDER BY p."CreatedAt" DESC
    LIMIT @p0 OFFSET @p
) AS p0
INNER JOIN "Categories" AS c ON p0."CategoryId" = c."Id"
INNER JOIN "Stores" AS s ON p0."StoreId" = s."Id"
LEFT JOIN "Inventories" AS i ON p0."Id" = i."ProductId"
LEFT JOIN "ProductImages" AS p1 ON p0."Id" = p1."ProductId"
ORDER BY p0."CreatedAt" DESC, p0."Id", c."Id", s."Id", i."Id", p1."SortOrder"
2026-09-27 01:52:34.438 +03:00 [INF] HTTP GET /api/products responded 200 in 3.3432 ms
2026-09-27 01:52:34.468 +03:00 [INF] Executed DbCommand (1ms) [Parameters=[], CommandType='"Text"', CommandTimeout='30']
SELECT c."Id", c."Name", c."IconName", c."SortOrder", (
    SELECT count(*)::int
    FROM "Products" AS p
    WHERE NOT (p."IsDeleted") AND p."CategoryId" = c."Id" AND p."IsActive")
FROM "Categories" AS c
WHERE c."IsActive"
ORDER BY c."SortOrder"
2026-09-27 01:52:34.468 +03:00 [INF] HTTP GET /api/categories responded 200 in 1.9571 ms
2026-09-27 01:52:34.492 +03:00 [INF] Executed DbCommand (1ms) [Parameters=[], CommandType='"Text"', CommandTimeout='30']
SELECT s."Id", s."Name", s."Phone", s."Address", s."Latitude", s."Longitude", s."ImageKey", s."IsActive"
FROM "Stores" AS s
WHERE s."IsActive"
ORDER BY s."Name"
2026-09-27 01:52:34.492 +03:00 [INF] HTTP GET /api/stores responded 200 in 1.4967 ms
2026-09-27 01:52:34.525 +03:00 [INF] Executed DbCommand (1ms) [Parameters=[], CommandType='"Text"', CommandTimeout='30']
SELECT d."Id", d."BaseDistanceKm", d."BaseFee", d."FreeDeliveryRadius", d."IsEnabled", d."PerKmFee", d."UpdatedAt", d."UpdatedBy"
FROM "DeliverySettings" AS d
LIMIT 1
2026-09-27 01:52:34.525 +03:00 [INF] HTTP GET /api/admin/settings/delivery responded 200 in 1.8389 ms
2026-09-27 01:52:34.549 +03:00 [INF] Executed DbCommand (1ms) [Parameters=[], CommandType='"Text"', CommandTimeout='30']
SELECT d."Id", d."CreatedAt", d."FullName", d."Phone", d."Status", d."UpdatedAt", d."UserId", d0."Id", d0."Amount", d0."CreatedAt", d0."CreatedBy", d0."Description", d0."Direction", d0."DriverId", d0."OrderId", d0."Reference", d0."Type", d0."UpdatedAt"
FROM "Drivers" AS d
LEFT JOIN "DriverTransactions" AS d0 ON d."Id" = d0."DriverId"
ORDER BY d."Id"
2026-09-27 01:52:34.550 +03:00 [INF] HTTP GET /api/admin/drivers responded 200 in 1.9673 ms
2026-09-27 01:52:34.591 +03:00 [INF] Executed DbCommand (1ms) [Parameters=[@p='100'], CommandType='"Text"', CommandTimeout='30']
SELECT a."Id", a."Action", a."ActorId", a."ActorType", a."CreatedAt", a."EntityId", a."EntityName", a."IpAddress", a."NewValuesJson", a."OldValuesJson", a."UpdatedAt", a."UserAgent"
FROM "AuditLogs" AS a
ORDER BY a."CreatedAt" DESC
LIMIT @p
2026-09-27 01:52:34.591 +03:00 [INF] HTTP GET /api/admin/audit-logs responded 200 in 2.7721 ms
2026-09-27 01:52:47.593 +03:00 [INF] Executed DbCommand (1ms) [Parameters=[@id='19a63c95-76f6-49f5-bdd4-9deb3c1a0c91'], CommandType='"Text"', CommandTimeout='30']
SELECT s."Id", s."Address", s."CreatedAt", s."ImageKey", s."IsActive", s."Latitude", s."Longitude", s."Name", s."Phone", s."UpdatedAt"
FROM "Stores" AS s
WHERE s."Id" = @id
LIMIT 1
2026-09-27 01:52:47.595 +03:00 [INF] Executed DbCommand (2ms) [Parameters=[@p2='19a63c95-76f6-49f5-bdd4-9deb3c1a0c91', @p0='False', @p1='2026-09-26T22:52:47.5934911Z' (DbType = DateTime)], CommandType='"Text"', CommandTimeout='30']
UPDATE "Stores" SET "IsActive" = @p0, "UpdatedAt" = @p1
WHERE "Id" = @p2;
2026-09-27 01:52:47.595 +03:00 [INF] HTTP PATCH /api/admin/stores/19a63c95-76f6-49f5-bdd4-9deb3c1a0c91/toggle responded 200 in 4.2463 ms
2026-09-27 01:52:47.603 +03:00 [INF] Executed DbCommand (1ms) [Parameters=[@today='2026-09-26T00:00:00.0000000Z' (DbType = DateTime)], CommandType='"Text"', CommandTimeout='30']
SELECT count(*)::int
FROM "Orders" AS o
WHERE o."CreatedAt" >= @today
2026-09-27 01:52:47.604 +03:00 [INF] Executed DbCommand (1ms) [Parameters=[@today='2026-09-26T00:00:00.0000000Z' (DbType = DateTime)], CommandType='"Text"', CommandTimeout='30']
SELECT COALESCE(sum(o."TotalAmount"), 0.0)
FROM "Orders" AS o
WHERE o."CreatedAt" >= @today AND o."Status" <> 'Cancelled'
2026-09-27 01:52:47.605 +03:00 [INF] Executed DbCommand (1ms) [Parameters=[], CommandType='"Text"', CommandTimeout='30']
SELECT count(*)::int
FROM "Payments" AS p
WHERE p."Status" = 'PendingVerification'
2026-09-27 01:52:47.606 +03:00 [INF] Executed DbCommand (1ms) [Parameters=[], CommandType='"Text"', CommandTimeout='30']
SELECT count(*)::int
FROM "Orders" AS o
WHERE o."Status" IN ('SearchingDriver', 'Confirmed')
2026-09-27 01:52:47.607 +03:00 [INF] Executed DbCommand (1ms) [Parameters=[], CommandType='"Text"', CommandTimeout='30']
SELECT count(*)::int
FROM "Drivers" AS d
WHERE d."Status" IN ('Online', 'Busy')
2026-09-27 01:52:47.608 +03:00 [INF] Executed DbCommand (0ms) [Parameters=[], CommandType='"Text"', CommandTimeout='30']
SELECT count(*)::int
FROM "Inventories" AS i
WHERE i."Quantity" <= 5
2026-09-27 01:52:47.608 +03:00 [INF] HTTP GET /api/admin/dashboard responded 200 in 6.3685 ms
2026-09-27 01:52:47.646 +03:00 [INF] Executed DbCommand (3ms) [Parameters=[], CommandType='"Text"', CommandTimeout='30']
SELECT o."Id", o."AddressId", o."CreatedAt", o."CustomerId", o."DeliveryFee", o."Discount", o."DriverId", o."IdempotencyKey", o."Notes", o."OrderNumber", o."PaymentMethod", o."PaymentStatus", o."Status", o."SubTotal", o."TotalAmount", o."UpdatedAt", d."Id", d."CreatedAt", d."FullName", d."Phone", d."Status", d."UpdatedAt", d."UserId", a."Id", a."Building", a."City", a."CreatedAt", a."CustomerId", a."Description", a."District", a."IsDefault", a."Label", a."Latitude", a."Longitude", a."Street", a."UpdatedAt", s1."Id", s1."ActualPurchaseCost", s1."CreatedAt", s1."ExpectedPurchaseCost", s1."Notes", s1."OrderId", s1."Status", s1."StoreId", s1."SubTotal", s1."UpdatedAt", s1."Id0", s1."Address", s1."CreatedAt0", s1."ImageKey", s1."IsActive", s1."Latitude", s1."Longitude", s1."Name", s1."Phone", s1."UpdatedAt0", s1."Id1", s1."ActualPurchasePrice", s1."CreatedAt1", s1."ExpectedProfitSnapshot", s1."ExpectedPurchasePriceSnapshot", s1."ProductId", s1."ProductNameSnapshot", s1."Quantity", s1."SellingPriceSnapshot", s1."SubOrderId", s1."TotalSellingPrice", s1."UpdatedAt1"
FROM "Orders" AS o
LEFT JOIN "Drivers" AS d ON o."DriverId" = d."Id"
INNER JOIN "Addresses" AS a ON o."AddressId" = a."Id"
LEFT JOIN (
    SELECT s."Id", s."ActualPurchaseCost", s."CreatedAt", s."ExpectedPurchaseCost", s."Notes", s."OrderId", s."Status", s."StoreId", s."SubTotal", s."UpdatedAt", s0."Id" AS "Id0", s0."Address", s0."CreatedAt" AS "CreatedAt0", s0."ImageKey", s0."IsActive", s0."Latitude", s0."Longitude", s0."Name", s0."Phone", s0."UpdatedAt" AS "UpdatedAt0", o0."Id" AS "Id1", o0."ActualPurchasePrice", o0."CreatedAt" AS "CreatedAt1", o0."ExpectedProfitSnapshot", o0."ExpectedPurchasePriceSnapshot", o0."ProductId", o0."ProductNameSnapshot", o0."Quantity", o0."SellingPriceSnapshot", o0."SubOrderId", o0."TotalSellingPrice", o0."UpdatedAt" AS "UpdatedAt1"
    FROM "SubOrders" AS s
    INNER JOIN "Stores" AS s0 ON s."StoreId" = s0."Id"
    LEFT JOIN "OrderItems" AS o0 ON s."Id" = o0."SubOrderId"
) AS s1 ON o."Id" = s1."OrderId"
ORDER BY o."CreatedAt" DESC, o."Id", d."Id", a."Id", s1."Id", s1."Id0"
2026-09-27 01:52:47.647 +03:00 [INF] HTTP GET /api/admin/orders responded 200 in 5.8148 ms
2026-09-27 01:52:47.671 +03:00 [INF] Executed DbCommand (1ms) [Parameters=[], CommandType='"Text"', CommandTimeout='30']
SELECT p."Id", p."OrderId", o."OrderNumber", p."Amount", p."Method", p."Status", o."Id", p0."Id", p0."Url", p0."StorageKey", p0."UploadedAt"
FROM "Payments" AS p
INNER JOIN "Orders" AS o ON p."OrderId" = o."Id"
LEFT JOIN "PaymentReceipts" AS p0 ON p."Id" = p0."PaymentId"
WHERE p."Status" = 'PendingVerification'
ORDER BY p."CreatedAt" DESC, p."Id", o."Id"
2026-09-27 01:52:47.671 +03:00 [INF] HTTP GET /api/admin/payments/pending responded 200 in 2.3185 ms
2026-09-27 01:52:47.698 +03:00 [INF] Executed DbCommand (1ms) [Parameters=[], CommandType='"Text"', CommandTimeout='30']
SELECT count(*)::int
FROM "Products" AS p
WHERE NOT (p."IsDeleted") AND p."IsActive"
2026-09-27 01:52:47.700 +03:00 [INF] Executed DbCommand (2ms) [Parameters=[@p0='100', @p='0'], CommandType='"Text"', CommandTimeout='30']
SELECT p0."Id", p0."Name", p0."Description", p0."CategoryId", c."Name", p0."StoreId", s."Name", p0."SourceType", p0."SellingPrice", i."Quantity", p0."IsActive", c."Id", s."Id", i."Id", p1."ImageKey", p1."Id"
FROM (
    SELECT p."Id", p."CategoryId", p."CreatedAt", p."Description", p."IsActive", p."Name", p."SellingPrice", p."SourceType", p."StoreId"
    FROM "Products" AS p
    WHERE NOT (p."IsDeleted") AND p."IsActive"
    ORDER BY p."CreatedAt" DESC
    LIMIT @p0 OFFSET @p
) AS p0
INNER JOIN "Categories" AS c ON p0."CategoryId" = c."Id"
INNER JOIN "Stores" AS s ON p0."StoreId" = s."Id"
LEFT JOIN "Inventories" AS i ON p0."Id" = i."ProductId"
LEFT JOIN "ProductImages" AS p1 ON p0."Id" = p1."ProductId"
ORDER BY p0."CreatedAt" DESC, p0."Id", c."Id", s."Id", i."Id", p1."SortOrder"
2026-09-27 01:52:47.700 +03:00 [INF] HTTP GET /api/products responded 200 in 3.5318 ms
2026-09-27 01:52:47.724 +03:00 [INF] Executed DbCommand (1ms) [Parameters=[], CommandType='"Text"', CommandTimeout='30']
SELECT c."Id", c."Name", c."IconName", c."SortOrder", (
    SELECT count(*)::int
    FROM "Products" AS p
    WHERE NOT (p."IsDeleted") AND p."CategoryId" = c."Id" AND p."IsActive")
FROM "Categories" AS c
WHERE c."IsActive"
ORDER BY c."SortOrder"
2026-09-27 01:52:47.724 +03:00 [INF] HTTP GET /api/categories responded 200 in 1.7594 ms
2026-09-27 01:52:47.746 +03:00 [INF] Executed DbCommand (1ms) [Parameters=[], CommandType='"Text"', CommandTimeout='30']
SELECT s."Id", s."Name", s."Phone", s."Address", s."Latitude", s."Longitude", s."ImageKey", s."IsActive"
FROM "Stores" AS s
WHERE s."IsActive"
ORDER BY s."Name"
2026-09-27 01:52:47.746 +03:00 [INF] HTTP GET /api/stores responded 200 in 1.3959 ms
2026-09-27 01:52:47.770 +03:00 [INF] Executed DbCommand (1ms) [Parameters=[], CommandType='"Text"', CommandTimeout='30']
SELECT d."Id", d."BaseDistanceKm", d."BaseFee", d."FreeDeliveryRadius", d."IsEnabled", d."PerKmFee", d."UpdatedAt", d."UpdatedBy"
FROM "DeliverySettings" AS d
LIMIT 1
2026-09-27 01:52:47.770 +03:00 [INF] HTTP GET /api/admin/settings/delivery responded 200 in 1.3453 ms
2026-09-27 01:52:47.796 +03:00 [INF] Executed DbCommand (1ms) [Parameters=[], CommandType='"Text"', CommandTimeout='30']
SELECT d."Id", d."CreatedAt", d."FullName", d."Phone", d."Status", d."UpdatedAt", d."UserId", d0."Id", d0."Amount", d0."CreatedAt", d0."CreatedBy", d0."Description", d0."Direction", d0."DriverId", d0."OrderId", d0."Reference", d0."Type", d0."UpdatedAt"
FROM "Drivers" AS d
LEFT JOIN "DriverTransactions" AS d0 ON d."Id" = d0."DriverId"
ORDER BY d."Id"
2026-09-27 01:52:47.797 +03:00 [INF] HTTP GET /api/admin/drivers responded 200 in 2.0364 ms
2026-09-27 01:52:47.812 +03:00 [INF] Executed DbCommand (1ms) [Parameters=[@p='100'], CommandType='"Text"', CommandTimeout='30']
SELECT a."Id", a."Action", a."ActorId", a."ActorType", a."CreatedAt", a."EntityId", a."EntityName", a."IpAddress", a."NewValuesJson", a."OldValuesJson", a."UpdatedAt", a."UserAgent"
FROM "AuditLogs" AS a
ORDER BY a."CreatedAt" DESC
LIMIT @p
2026-09-27 01:52:47.813 +03:00 [INF] HTTP GET /api/admin/audit-logs responded 200 in 1.5498 ms
2026-09-27 01:56:38.721 +03:00 [WRN] Compiling a query which loads related collections for more than one collection navigation, either via 'Include' or through projection, but no 'QuerySplittingBehavior' has been configured. By default, Entity Framework will use 'QuerySplittingBehavior.SingleQuery', which can potentially result in slow query performance. See https://go.microsoft.com/fwlink/?linkid=2134277 for more information. To identify the query that's triggering this warning call 'ConfigureWarnings(w => w.Throw(RelationalEventId.MultipleCollectionIncludeWarning))'.
2026-09-27 01:56:38.750 +03:00 [INF] Executed DbCommand (2ms) [Parameters=[@id='01a0d109-57a8-7a92-8fe5-d7f653dac2f9'], CommandType='"Text"', CommandTimeout='30']
SELECT s1."Id", s1."AddressId", s1."CreatedAt", s1."CustomerId", s1."DeliveryFee", s1."Discount", s1."DriverId", s1."IdempotencyKey", s1."Notes", s1."OrderNumber", s1."PaymentMethod", s1."PaymentStatus", s1."Status", s1."SubTotal", s1."TotalAmount", s1."UpdatedAt", s1."Id0", s1."CreatedAt0", s1."FullName", s1."Phone", s1."Status0", s1."UpdatedAt0", s1."UserId", s1."Id1", s1."Building", s1."City", s1."CreatedAt1", s1."CustomerId0", s1."Description", s1."District", s1."IsDefault", s1."Label", s1."Latitude", s1."Longitude", s1."Street", s1."UpdatedAt1", s2."Id", s2."ActualPurchaseCost", s2."CreatedAt", s2."ExpectedPurchaseCost", s2."Notes", s2."OrderId", s2."Status", s2."StoreId", s2."SubTotal", s2."UpdatedAt", s2."Id0", s2."Address", s2."CreatedAt0", s2."ImageKey", s2."IsActive", s2."Latitude", s2."Longitude", s2."Name", s2."Phone", s2."UpdatedAt0", s2."Id1", s2."ActualPurchasePrice", s2."CreatedAt1", s2."ExpectedProfitSnapshot", s2."ExpectedPurchasePriceSnapshot", s2."ProductId", s2."ProductNameSnapshot", s2."Quantity", s2."SellingPriceSnapshot", s2."SubOrderId", s2."TotalSellingPrice", s2."UpdatedAt1"
FROM (
    SELECT o."Id", o."AddressId", o."CreatedAt", o."CustomerId", o."DeliveryFee", o."Discount", o."DriverId", o."IdempotencyKey", o."Notes", o."OrderNumber", o."PaymentMethod", o."PaymentStatus", o."Status", o."SubTotal", o."TotalAmount", o."UpdatedAt", d."Id" AS "Id0", d."CreatedAt" AS "CreatedAt0", d."FullName", d."Phone", d."Status" AS "Status0", d."UpdatedAt" AS "UpdatedAt0", d."UserId", a."Id" AS "Id1", a."Building", a."City", a."CreatedAt" AS "CreatedAt1", a."CustomerId" AS "CustomerId0", a."Description", a."District", a."IsDefault", a."Label", a."Latitude", a."Longitude", a."Street", a."UpdatedAt" AS "UpdatedAt1"
    FROM "Orders" AS o
    LEFT JOIN "Drivers" AS d ON o."DriverId" = d."Id"
    INNER JOIN "Addresses" AS a ON o."AddressId" = a."Id"
    WHERE o."Id" = @id
    LIMIT 1
) AS s1
LEFT JOIN (
    SELECT s."Id", s."ActualPurchaseCost", s."CreatedAt", s."ExpectedPurchaseCost", s."Notes", s."OrderId", s."Status", s."StoreId", s."SubTotal", s."UpdatedAt", s0."Id" AS "Id0", s0."Address", s0."CreatedAt" AS "CreatedAt0", s0."ImageKey", s0."IsActive", s0."Latitude", s0."Longitude", s0."Name", s0."Phone", s0."UpdatedAt" AS "UpdatedAt0", o0."Id" AS "Id1", o0."ActualPurchasePrice", o0."CreatedAt" AS "CreatedAt1", o0."ExpectedProfitSnapshot", o0."ExpectedPurchasePriceSnapshot", o0."ProductId", o0."ProductNameSnapshot", o0."Quantity", o0."SellingPriceSnapshot", o0."SubOrderId", o0."TotalSellingPrice", o0."UpdatedAt" AS "UpdatedAt1"
    FROM "SubOrders" AS s
    INNER JOIN "Stores" AS s0 ON s."StoreId" = s0."Id"
    LEFT JOIN "OrderItems" AS o0 ON s."Id" = o0."SubOrderId"
) AS s2 ON s1."Id" = s2."OrderId"
ORDER BY s1."Id", s1."Id0", s1."Id1", s2."Id", s2."Id0"
2026-09-27 01:56:38.767 +03:00 [INF] Executed DbCommand (3ms) [Parameters=[@request_DriverId='81d5cbd2-d1d2-4d87-a9a8-021465f5c326'], CommandType='"Text"', CommandTimeout='30']
SELECT d."Id", d."CreatedAt", d."FullName", d."Phone", d."Status", d."UpdatedAt", d."UserId"
FROM "Drivers" AS d
WHERE d."Id" = @request_DriverId
LIMIT 1
2026-09-27 01:56:38.996 +03:00 [INF] Executed DbCommand (11ms) [Parameters=[@p0='01a0dfef-5393-7923-8a99-618cac2bb41a', @p1='4c39b4c4-f51d-4fad-a42c-d03db9ef7d62' (Nullable = true), @p2='Admin' (Nullable = false), @p3='2026-09-26T22:56:38.7682939Z' (DbType = DateTime), @p4='4', @p5='4', @p6='01a0d109-57a8-7a92-8fe5-d7f653dac2f9', @p7='تعيين الكابتن الكابتن أحمد المحمدي', @p8='2026-09-26T22:56:38.7682940Z' (DbType = DateTime), @p12='01a0d109-57a8-7a92-8fe5-d7f653dac2f9', @p9='81d5cbd2-d1d2-4d87-a9a8-021465f5c326' (Nullable = true), @p10='DriverAssigned' (Nullable = false), @p11='2026-09-26T22:56:38.9714579Z' (DbType = DateTime)], CommandType='"Text"', CommandTimeout='30']
INSERT INTO "OrderStatusHistories" ("Id", "ActorId", "ActorType", "CreatedAt", "NewStatus", "OldStatus", "OrderId", "Reason", "UpdatedAt")
VALUES (@p0, @p1, @p2, @p3, @p4, @p5, @p6, @p7, @p8);
UPDATE "Orders" SET "DriverId" = @p9, "Status" = @p10, "UpdatedAt" = @p11
WHERE "Id" = @p12;
2026-09-27 01:56:39.000 +03:00 [INF] HTTP POST /api/admin/orders/01a0d109-57a8-7a92-8fe5-d7f653dac2f9/assign-driver responded 200 in 296.6704 ms
2026-09-27 01:56:39.030 +03:00 [INF] Executed DbCommand (1ms) [Parameters=[@today='2026-09-26T00:00:00.0000000Z' (DbType = DateTime)], CommandType='"Text"', CommandTimeout='30']
SELECT count(*)::int
FROM "Orders" AS o
WHERE o."CreatedAt" >= @today
2026-09-27 01:56:39.032 +03:00 [INF] Executed DbCommand (1ms) [Parameters=[@today='2026-09-26T00:00:00.0000000Z' (DbType = DateTime)], CommandType='"Text"', CommandTimeout='30']
SELECT COALESCE(sum(o."TotalAmount"), 0.0)
FROM "Orders" AS o
WHERE o."CreatedAt" >= @today AND o."Status" <> 'Cancelled'
2026-09-27 01:56:39.034 +03:00 [INF] Executed DbCommand (1ms) [Parameters=[], CommandType='"Text"', CommandTimeout='30']
SELECT count(*)::int
FROM "Payments" AS p
WHERE p."Status" = 'PendingVerification'
2026-09-27 01:56:39.035 +03:00 [INF] Executed DbCommand (1ms) [Parameters=[], CommandType='"Text"', CommandTimeout='30']
SELECT count(*)::int
FROM "Orders" AS o
WHERE o."Status" IN ('SearchingDriver', 'Confirmed')
2026-09-27 01:56:39.036 +03:00 [INF] Executed DbCommand (1ms) [Parameters=[], CommandType='"Text"', CommandTimeout='30']
SELECT count(*)::int
FROM "Drivers" AS d
WHERE d."Status" IN ('Online', 'Busy')
2026-09-27 01:56:39.037 +03:00 [INF] Executed DbCommand (1ms) [Parameters=[], CommandType='"Text"', CommandTimeout='30']
SELECT count(*)::int
FROM "Inventories" AS i
WHERE i."Quantity" <= 5
2026-09-27 01:56:39.037 +03:00 [INF] HTTP GET /api/admin/dashboard responded 200 in 8.8587 ms
2026-09-27 01:56:39.073 +03:00 [INF] Executed DbCommand (2ms) [Parameters=[], CommandType='"Text"', CommandTimeout='30']
SELECT o."Id", o."AddressId", o."CreatedAt", o."CustomerId", o."DeliveryFee", o."Discount", o."DriverId", o."IdempotencyKey", o."Notes", o."OrderNumber", o."PaymentMethod", o."PaymentStatus", o."Status", o."SubTotal", o."TotalAmount", o."UpdatedAt", d."Id", d."CreatedAt", d."FullName", d."Phone", d."Status", d."UpdatedAt", d."UserId", a."Id", a."Building", a."City", a."CreatedAt", a."CustomerId", a."Description", a."District", a."IsDefault", a."Label", a."Latitude", a."Longitude", a."Street", a."UpdatedAt", s1."Id", s1."ActualPurchaseCost", s1."CreatedAt", s1."ExpectedPurchaseCost", s1."Notes", s1."OrderId", s1."Status", s1."StoreId", s1."SubTotal", s1."UpdatedAt", s1."Id0", s1."Address", s1."CreatedAt0", s1."ImageKey", s1."IsActive", s1."Latitude", s1."Longitude", s1."Name", s1."Phone", s1."UpdatedAt0", s1."Id1", s1."ActualPurchasePrice", s1."CreatedAt1", s1."ExpectedProfitSnapshot", s1."ExpectedPurchasePriceSnapshot", s1."ProductId", s1."ProductNameSnapshot", s1."Quantity", s1."SellingPriceSnapshot", s1."SubOrderId", s1."TotalSellingPrice", s1."UpdatedAt1"
FROM "Orders" AS o
LEFT JOIN "Drivers" AS d ON o."DriverId" = d."Id"
INNER JOIN "Addresses" AS a ON o."AddressId" = a."Id"
LEFT JOIN (
    SELECT s."Id", s."ActualPurchaseCost", s."CreatedAt", s."ExpectedPurchaseCost", s."Notes", s."OrderId", s."Status", s."StoreId", s."SubTotal", s."UpdatedAt", s0."Id" AS "Id0", s0."Address", s0."CreatedAt" AS "CreatedAt0", s0."ImageKey", s0."IsActive", s0."Latitude", s0."Longitude", s0."Name", s0."Phone", s0."UpdatedAt" AS "UpdatedAt0", o0."Id" AS "Id1", o0."ActualPurchasePrice", o0."CreatedAt" AS "CreatedAt1", o0."ExpectedProfitSnapshot", o0."ExpectedPurchasePriceSnapshot", o0."ProductId", o0."ProductNameSnapshot", o0."Quantity", o0."SellingPriceSnapshot", o0."SubOrderId", o0."TotalSellingPrice", o0."UpdatedAt" AS "UpdatedAt1"
    FROM "SubOrders" AS s
    INNER JOIN "Stores" AS s0 ON s."StoreId" = s0."Id"
    LEFT JOIN "OrderItems" AS o0 ON s."Id" = o0."SubOrderId"
) AS s1 ON o."Id" = s1."OrderId"
ORDER BY o."CreatedAt" DESC, o."Id", d."Id", a."Id", s1."Id", s1."Id0"
2026-09-27 01:56:39.074 +03:00 [INF] HTTP GET /api/admin/orders responded 200 in 4.1827 ms
2026-09-27 01:56:39.108 +03:00 [INF] Executed DbCommand (1ms) [Parameters=[], CommandType='"Text"', CommandTimeout='30']
SELECT p."Id", p."OrderId", o."OrderNumber", p."Amount", p."Method", p."Status", o."Id", p0."Id", p0."Url", p0."StorageKey", p0."UploadedAt"
FROM "Payments" AS p
INNER JOIN "Orders" AS o ON p."OrderId" = o."Id"
LEFT JOIN "PaymentReceipts" AS p0 ON p."Id" = p0."PaymentId"
WHERE p."Status" = 'PendingVerification'
ORDER BY p."CreatedAt" DESC, p."Id", o."Id"
2026-09-27 01:56:39.109 +03:00 [INF] HTTP GET /api/admin/payments/pending responded 200 in 2.4394 ms
2026-09-27 01:56:39.151 +03:00 [INF] Executed DbCommand (1ms) [Parameters=[], CommandType='"Text"', CommandTimeout='30']
SELECT count(*)::int
FROM "Products" AS p
WHERE NOT (p."IsDeleted") AND p."IsActive"
2026-09-27 01:56:39.156 +03:00 [INF] Executed DbCommand (2ms) [Parameters=[@p0='100', @p='0'], CommandType='"Text"', CommandTimeout='30']
SELECT p0."Id", p0."Name", p0."Description", p0."CategoryId", c."Name", p0."StoreId", s."Name", p0."SourceType", p0."SellingPrice", i."Quantity", p0."IsActive", c."Id", s."Id", i."Id", p1."ImageKey", p1."Id"
FROM (
    SELECT p."Id", p."CategoryId", p."CreatedAt", p."Description", p."IsActive", p."Name", p."SellingPrice", p."SourceType", p."StoreId"
    FROM "Products" AS p
    WHERE NOT (p."IsDeleted") AND p."IsActive"
    ORDER BY p."CreatedAt" DESC
    LIMIT @p0 OFFSET @p
) AS p0
INNER JOIN "Categories" AS c ON p0."CategoryId" = c."Id"
INNER JOIN "Stores" AS s ON p0."StoreId" = s."Id"
LEFT JOIN "Inventories" AS i ON p0."Id" = i."ProductId"
LEFT JOIN "ProductImages" AS p1 ON p0."Id" = p1."ProductId"
ORDER BY p0."CreatedAt" DESC, p0."Id", c."Id", s."Id", i."Id", p1."SortOrder"
2026-09-27 01:56:39.156 +03:00 [INF] HTTP GET /api/products responded 200 in 6.7619 ms
2026-09-27 01:56:39.168 +03:00 [INF] Executed DbCommand (1ms) [Parameters=[], CommandType='"Text"', CommandTimeout='30']
SELECT c."Id", c."Name", c."IconName", c."SortOrder", (
    SELECT count(*)::int
    FROM "Products" AS p
    WHERE NOT (p."IsDeleted") AND p."CategoryId" = c."Id" AND p."IsActive")
FROM "Categories" AS c
WHERE c."IsActive"
ORDER BY c."SortOrder"
2026-09-27 01:56:39.168 +03:00 [INF] HTTP GET /api/categories responded 200 in 1.7600 ms
2026-09-27 01:56:39.202 +03:00 [INF] Executed DbCommand (1ms) [Parameters=[], CommandType='"Text"', CommandTimeout='30']
SELECT s."Id", s."Name", s."Phone", s."Address", s."Latitude", s."Longitude", s."ImageKey", s."IsActive"
FROM "Stores" AS s
WHERE s."IsActive"
ORDER BY s."Name"
2026-09-27 01:56:39.203 +03:00 [INF] HTTP GET /api/stores responded 200 in 1.7052 ms
2026-09-27 01:56:39.230 +03:00 [INF] Executed DbCommand (1ms) [Parameters=[], CommandType='"Text"', CommandTimeout='30']
SELECT d."Id", d."BaseDistanceKm", d."BaseFee", d."FreeDeliveryRadius", d."IsEnabled", d."PerKmFee", d."UpdatedAt", d."UpdatedBy"
FROM "DeliverySettings" AS d
LIMIT 1
2026-09-27 01:56:39.230 +03:00 [INF] HTTP GET /api/admin/settings/delivery responded 200 in 1.6235 ms
2026-09-27 01:56:39.264 +03:00 [INF] Executed DbCommand (1ms) [Parameters=[], CommandType='"Text"', CommandTimeout='30']
SELECT d."Id", d."CreatedAt", d."FullName", d."Phone", d."Status", d."UpdatedAt", d."UserId", d0."Id", d0."Amount", d0."CreatedAt", d0."CreatedBy", d0."Description", d0."Direction", d0."DriverId", d0."OrderId", d0."Reference", d0."Type", d0."UpdatedAt"
FROM "Drivers" AS d
LEFT JOIN "DriverTransactions" AS d0 ON d."Id" = d0."DriverId"
ORDER BY d."Id"
2026-09-27 01:56:39.264 +03:00 [INF] HTTP GET /api/admin/drivers responded 200 in 2.3835 ms
2026-09-27 01:56:39.292 +03:00 [INF] Executed DbCommand (1ms) [Parameters=[@p='100'], CommandType='"Text"', CommandTimeout='30']
SELECT a."Id", a."Action", a."ActorId", a."ActorType", a."CreatedAt", a."EntityId", a."EntityName", a."IpAddress", a."NewValuesJson", a."OldValuesJson", a."UpdatedAt", a."UserAgent"
FROM "AuditLogs" AS a
ORDER BY a."CreatedAt" DESC
LIMIT @p
2026-09-27 01:56:39.292 +03:00 [INF] HTTP GET /api/admin/audit-logs responded 200 in 1.9209 ms
2026-09-27 01:59:16.150 +03:00 [INF] Executed DbCommand (1ms) [Parameters=[], CommandType='"Text"', CommandTimeout='30']
SELECT d."Id", d."BaseDistanceKm", d."BaseFee", d."FreeDeliveryRadius", d."IsEnabled", d."PerKmFee", d."UpdatedAt", d."UpdatedBy"
FROM "DeliverySettings" AS d
LIMIT 1
2026-09-27 01:59:16.154 +03:00 [INF] Executed DbCommand (3ms) [Parameters=[@p1='1', @p0='2026-09-26T22:59:16.1513075Z' (DbType = DateTime)], CommandType='"Text"', CommandTimeout='30']
UPDATE "DeliverySettings" SET "UpdatedAt" = @p0
WHERE "Id" = @p1;
2026-09-27 01:59:16.155 +03:00 [INF] HTTP PUT /api/admin/settings/delivery responded 200 in 56.6780 ms
2026-09-27 01:59:56.584 +03:00 [WRN] Entity 'Product' has a global query filter defined and is the required end of a relationship with the entity 'CartItem'. This may lead to unexpected results when the required entity is filtered out. Either configure the navigation as optional, or define matching query filters for both entities in the navigation. See https://go.microsoft.com/fwlink/?linkid=2131316 for more information.
2026-09-27 01:59:56.625 +03:00 [WRN] Entity 'Product' has a global query filter defined and is the required end of a relationship with the entity 'InventoryTransaction'. This may lead to unexpected results when the required entity is filtered out. Either configure the navigation as optional, or define matching query filters for both entities in the navigation. See https://go.microsoft.com/fwlink/?linkid=2131316 for more information.
2026-09-27 01:59:56.628 +03:00 [WRN] Entity 'Product' has a global query filter defined and is the required end of a relationship with the entity 'ProductImage'. This may lead to unexpected results when the required entity is filtered out. Either configure the navigation as optional, or define matching query filters for both entities in the navigation. See https://go.microsoft.com/fwlink/?linkid=2131316 for more information.
2026-09-27 01:59:56.640 +03:00 [WRN] Sensitive data logging is enabled. Log entries and exception messages may include sensitive application data; this mode should only be enabled during development.
2026-09-27 01:59:57.332 +03:00 [INF] Executed DbCommand (42ms) [Parameters=[], CommandType='"Text"', CommandTimeout='30']
SELECT "MigrationId", "ProductVersion"
FROM "__EFMigrationsHistory"
ORDER BY "MigrationId";
2026-09-27 01:59:57.930 +03:00 [INF] Executed DbCommand (13ms) [Parameters=[], CommandType='"Text"', CommandTimeout='30']
SELECT 1
2026-09-27 01:59:58.081 +03:00 [INF] Executed DbCommand (10ms) [Parameters=[], CommandType='"Text"', CommandTimeout='30']
CREATE TABLE IF NOT EXISTS "__EFMigrationsHistory" (
    "MigrationId" character varying(150) NOT NULL,
    "ProductVersion" character varying(32) NOT NULL,
    CONSTRAINT "PK___EFMigrationsHistory" PRIMARY KEY ("MigrationId")
);
2026-09-27 01:59:58.135 +03:00 [INF] Executed DbCommand (1ms) [Parameters=[], CommandType='"Text"', CommandTimeout='30']
LOCK TABLE "__EFMigrationsHistory" IN ACCESS EXCLUSIVE MODE
2026-09-27 01:59:58.205 +03:00 [INF] Executed DbCommand (4ms) [Parameters=[], CommandType='"Text"', CommandTimeout='30']
SELECT "MigrationId", "ProductVersion"
FROM "__EFMigrationsHistory"
ORDER BY "MigrationId";
2026-09-27 01:59:58.229 +03:00 [INF] Database migration applied successfully.
2026-09-27 01:59:58.510 +03:00 [WRN] The query uses the 'First'/'FirstOrDefault' operator without 'OrderBy' and filter operators. This may lead to unpredictable results.
2026-09-27 01:59:58.735 +03:00 [INF] Executed DbCommand (2ms) [Parameters=[], CommandType='"Text"', CommandTimeout='30']
SELECT d."Id", d."BaseDistanceKm", d."BaseFee", d."FreeDeliveryRadius", d."IsEnabled", d."PerKmFee", d."UpdatedAt", d."UpdatedBy"
FROM "DeliverySettings" AS d
LIMIT 1
2026-09-27 01:59:58.938 +03:00 [INF] Executed DbCommand (1ms) [Parameters=[], CommandType='"Text"', CommandTimeout='30']
SELECT EXISTS (
    SELECT 1
    FROM "PaymentSettings" AS p)
2026-09-27 01:59:58.950 +03:00 [INF] Executed DbCommand (2ms) [Parameters=[], CommandType='"Text"', CommandTimeout='30']
SELECT EXISTS (
    SELECT 1
    FROM "CancellationReasons" AS c)
2026-09-27 01:59:59.054 +03:00 [INF] Executed DbCommand (19ms) [Parameters=[@adminPhone='777000000'], CommandType='"Text"', CommandTimeout='30']
SELECT EXISTS (
    SELECT 1
    FROM "Users" AS u
    WHERE u."Phone" = @adminPhone)
2026-09-27 01:59:59.064 +03:00 [INF] Executed DbCommand (1ms) [Parameters=[@driverPhone='777000222'], CommandType='"Text"', CommandTimeout='30']
SELECT EXISTS (
    SELECT 1
    FROM "Users" AS u
    WHERE u."Phone" = @driverPhone)
2026-09-27 01:59:59.075 +03:00 [INF] Executed DbCommand (3ms) [Parameters=[], CommandType='"Text"', CommandTimeout='30']
SELECT EXISTS (
    SELECT 1
    FROM "Categories" AS c)
2026-09-27 01:59:59.090 +03:00 [INF] BS Store API starting on Development
2026-09-27 02:00:08.061 +03:00 [INF] Executed DbCommand (5ms) [Parameters=[@request_Phone='777000000'], CommandType='"Text"', CommandTimeout='30']
SELECT u."Id", u."CreatedAt", u."Email", u."FcmToken", u."IsActive", u."PasswordHash", u."Phone", u."Role", u."UpdatedAt", c."Id", c."CreatedAt", c."FullName", c."ProfileImageKey", c."UpdatedAt", c."UserId", d."Id", d."CreatedAt", d."FullName", d."Phone", d."Status", d."UpdatedAt", d."UserId"
FROM "Users" AS u
LEFT JOIN "Customers" AS c ON u."Id" = c."UserId"
LEFT JOIN "Drivers" AS d ON u."Id" = d."UserId"
WHERE u."Phone" = @request_Phone
LIMIT 1
2026-09-27 02:00:09.784 +03:00 [INF] Executed DbCommand (10ms) [Parameters=[@p0='01a0dff2-8ac8-7f2d-b025-873f2270827c', @p1='2026-09-26T23:00:09.5100985Z' (DbType = DateTime), @p2='2026-10-26T23:00:09.5092990Z' (DbType = DateTime), @p3='False', @p4='ZysSSIeKLXtTtqRLrQRqEDcMLzsuCDt2P31r7E60P8E=' (Nullable = false), @p5='2026-09-26T23:00:09.5100989Z' (DbType = DateTime), @p6='4c39b4c4-f51d-4fad-a42c-d03db9ef7d62'], CommandType='"Text"', CommandTimeout='30']
INSERT INTO "RefreshTokens" ("Id", "CreatedAt", "ExpiresAt", "IsRevoked", "TokenHash", "UpdatedAt", "UserId")
VALUES (@p0, @p1, @p2, @p3, @p4, @p5, @p6);
2026-09-27 02:00:09.869 +03:00 [INF] HTTP POST /api/auth/login responded 200 in 2333.3292 ms
2026-09-27 02:00:10.191 +03:00 [INF] Executed DbCommand (7ms) [Parameters=[@today='2026-09-26T00:00:00.0000000Z' (DbType = DateTime)], CommandType='"Text"', CommandTimeout='30']
SELECT count(*)::int
FROM "Orders" AS o
WHERE o."CreatedAt" >= @today
2026-09-27 02:00:10.520 +03:00 [INF] Executed DbCommand (9ms) [Parameters=[@today='2026-09-26T00:00:00.0000000Z' (DbType = DateTime)], CommandType='"Text"', CommandTimeout='30']
SELECT COALESCE(sum(o."TotalAmount"), 0.0)
FROM "Orders" AS o
WHERE o."CreatedAt" >= @today AND o."Status" <> 'Cancelled'
2026-09-27 02:00:10.566 +03:00 [INF] Executed DbCommand (3ms) [Parameters=[], CommandType='"Text"', CommandTimeout='30']
SELECT count(*)::int
FROM "Payments" AS p
WHERE p."Status" = 'PendingVerification'
2026-09-27 02:00:10.605 +03:00 [INF] Executed DbCommand (3ms) [Parameters=[], CommandType='"Text"', CommandTimeout='30']
SELECT count(*)::int
FROM "Orders" AS o
WHERE o."Status" IN ('SearchingDriver', 'Confirmed')
2026-09-27 02:00:10.620 +03:00 [INF] Executed DbCommand (1ms) [Parameters=[], CommandType='"Text"', CommandTimeout='30']
SELECT count(*)::int
FROM "Drivers" AS d
WHERE d."Status" IN ('Online', 'Busy')
2026-09-27 02:00:10.636 +03:00 [INF] Executed DbCommand (2ms) [Parameters=[], CommandType='"Text"', CommandTimeout='30']
SELECT count(*)::int
FROM "Inventories" AS i
WHERE i."Quantity" <= 5
2026-09-27 02:00:10.657 +03:00 [INF] HTTP GET /api/admin/dashboard responded 200 in 765.4448 ms
2026-09-27 02:00:10.834 +03:00 [WRN] Compiling a query which loads related collections for more than one collection navigation, either via 'Include' or through projection, but no 'QuerySplittingBehavior' has been configured. By default, Entity Framework will use 'QuerySplittingBehavior.SingleQuery', which can potentially result in slow query performance. See https://go.microsoft.com/fwlink/?linkid=2134277 for more information. To identify the query that's triggering this warning call 'ConfigureWarnings(w => w.Throw(RelationalEventId.MultipleCollectionIncludeWarning))'.
2026-09-27 02:00:10.905 +03:00 [INF] Executed DbCommand (6ms) [Parameters=[], CommandType='"Text"', CommandTimeout='30']
SELECT o."Id", o."AddressId", o."CreatedAt", o."CustomerId", o."DeliveryFee", o."Discount", o."DriverId", o."IdempotencyKey", o."Notes", o."OrderNumber", o."PaymentMethod", o."PaymentStatus", o."Status", o."SubTotal", o."TotalAmount", o."UpdatedAt", d."Id", d."CreatedAt", d."FullName", d."Phone", d."Status", d."UpdatedAt", d."UserId", a."Id", a."Building", a."City", a."CreatedAt", a."CustomerId", a."Description", a."District", a."IsDefault", a."Label", a."Latitude", a."Longitude", a."Street", a."UpdatedAt", s1."Id", s1."ActualPurchaseCost", s1."CreatedAt", s1."ExpectedPurchaseCost", s1."Notes", s1."OrderId", s1."Status", s1."StoreId", s1."SubTotal", s1."UpdatedAt", s1."Id0", s1."Address", s1."CreatedAt0", s1."ImageKey", s1."IsActive", s1."Latitude", s1."Longitude", s1."Name", s1."Phone", s1."UpdatedAt0", s1."Id1", s1."ActualPurchasePrice", s1."CreatedAt1", s1."ExpectedProfitSnapshot", s1."ExpectedPurchasePriceSnapshot", s1."ProductId", s1."ProductNameSnapshot", s1."Quantity", s1."SellingPriceSnapshot", s1."SubOrderId", s1."TotalSellingPrice", s1."UpdatedAt1"
FROM "Orders" AS o
LEFT JOIN "Drivers" AS d ON o."DriverId" = d."Id"
INNER JOIN "Addresses" AS a ON o."AddressId" = a."Id"
LEFT JOIN (
    SELECT s."Id", s."ActualPurchaseCost", s."CreatedAt", s."ExpectedPurchaseCost", s."Notes", s."OrderId", s."Status", s."StoreId", s."SubTotal", s."UpdatedAt", s0."Id" AS "Id0", s0."Address", s0."CreatedAt" AS "CreatedAt0", s0."ImageKey", s0."IsActive", s0."Latitude", s0."Longitude", s0."Name", s0."Phone", s0."UpdatedAt" AS "UpdatedAt0", o0."Id" AS "Id1", o0."ActualPurchasePrice", o0."CreatedAt" AS "CreatedAt1", o0."ExpectedProfitSnapshot", o0."ExpectedPurchasePriceSnapshot", o0."ProductId", o0."ProductNameSnapshot", o0."Quantity", o0."SellingPriceSnapshot", o0."SubOrderId", o0."TotalSellingPrice", o0."UpdatedAt" AS "UpdatedAt1"
    FROM "SubOrders" AS s
    INNER JOIN "Stores" AS s0 ON s."StoreId" = s0."Id"
    LEFT JOIN "OrderItems" AS o0 ON s."Id" = o0."SubOrderId"
) AS s1 ON o."Id" = s1."OrderId"
ORDER BY o."CreatedAt" DESC, o."Id", d."Id", a."Id", s1."Id", s1."Id0"
2026-09-27 02:00:11.362 +03:00 [INF] HTTP GET /api/admin/orders responded 200 in 678.7252 ms
2026-09-27 02:00:11.455 +03:00 [INF] Executed DbCommand (3ms) [Parameters=[], CommandType='"Text"', CommandTimeout='30']
SELECT p."Id", p."OrderId", o."OrderNumber", p."Amount", p."Method", p."Status", o."Id", p0."Id", p0."Url", p0."StorageKey", p0."UploadedAt"
FROM "Payments" AS p
INNER JOIN "Orders" AS o ON p."OrderId" = o."Id"
LEFT JOIN "PaymentReceipts" AS p0 ON p."Id" = p0."PaymentId"
WHERE p."Status" = 'PendingVerification'
ORDER BY p."CreatedAt" DESC, p."Id", o."Id"
2026-09-27 02:00:11.472 +03:00 [INF] HTTP GET /api/admin/payments/pending responded 200 in 77.6533 ms
2026-09-27 02:00:11.534 +03:00 [INF] Executed DbCommand (3ms) [Parameters=[], CommandType='"Text"', CommandTimeout='30']
SELECT count(*)::int
FROM "Products" AS p
WHERE NOT (p."IsDeleted") AND p."IsActive"
2026-09-27 02:00:11.610 +03:00 [INF] Executed DbCommand (3ms) [Parameters=[@p0='100', @p='0'], CommandType='"Text"', CommandTimeout='30']
SELECT p0."Id", p0."Name", p0."Description", p0."CategoryId", c."Name", p0."StoreId", s."Name", p0."SourceType", p0."SellingPrice", i."Quantity", p0."IsActive", c."Id", s."Id", i."Id", p1."ImageKey", p1."Id"
FROM (
    SELECT p."Id", p."CategoryId", p."CreatedAt", p."Description", p."IsActive", p."Name", p."SellingPrice", p."SourceType", p."StoreId"
    FROM "Products" AS p
    WHERE NOT (p."IsDeleted") AND p."IsActive"
    ORDER BY p."CreatedAt" DESC
    LIMIT @p0 OFFSET @p
) AS p0
INNER JOIN "Categories" AS c ON p0."CategoryId" = c."Id"
INNER JOIN "Stores" AS s ON p0."StoreId" = s."Id"
LEFT JOIN "Inventories" AS i ON p0."Id" = i."ProductId"
LEFT JOIN "ProductImages" AS p1 ON p0."Id" = p1."ProductId"
ORDER BY p0."CreatedAt" DESC, p0."Id", c."Id", s."Id", i."Id", p1."SortOrder"
2026-09-27 02:00:11.659 +03:00 [INF] HTTP GET /api/products responded 200 in 170.6761 ms
2026-09-27 02:00:11.703 +03:00 [INF] Executed DbCommand (2ms) [Parameters=[], CommandType='"Text"', CommandTimeout='30']
SELECT c."Id", c."Name", c."IconName", c."SortOrder", (
    SELECT count(*)::int
    FROM "Products" AS p
    WHERE NOT (p."IsDeleted") AND p."CategoryId" = c."Id" AND p."IsActive")
FROM "Categories" AS c
WHERE c."IsActive"
ORDER BY c."SortOrder"
2026-09-27 02:00:11.716 +03:00 [INF] HTTP GET /api/categories responded 200 in 43.7939 ms
2026-09-27 02:00:11.761 +03:00 [INF] Executed DbCommand (1ms) [Parameters=[], CommandType='"Text"', CommandTimeout='30']
SELECT s."Id", s."Name", s."Phone", s."Address", s."Latitude", s."Longitude", s."ImageKey", s."IsActive"
FROM "Stores" AS s
WHERE s."IsActive"
ORDER BY s."Name"
2026-09-27 02:00:11.770 +03:00 [INF] HTTP GET /api/stores responded 200 in 31.5269 ms
2026-09-27 02:00:11.799 +03:00 [INF] Executed DbCommand (2ms) [Parameters=[], CommandType='"Text"', CommandTimeout='30']
SELECT d."Id", d."BaseDistanceKm", d."BaseFee", d."FreeDeliveryRadius", d."IsEnabled", d."PerKmFee", d."UpdatedAt", d."UpdatedBy"
FROM "DeliverySettings" AS d
LIMIT 1
2026-09-27 02:00:11.808 +03:00 [INF] HTTP GET /api/admin/settings/delivery responded 200 in 24.8475 ms
2026-09-27 02:00:11.895 +03:00 [INF] Executed DbCommand (4ms) [Parameters=[], CommandType='"Text"', CommandTimeout='30']
SELECT d."Id", d."CreatedAt", d."FullName", d."Phone", d."Status", d."UpdatedAt", d."UserId", d0."Id", d0."Amount", d0."CreatedAt", d0."CreatedBy", d0."Description", d0."Direction", d0."DriverId", d0."OrderId", d0."Reference", d0."Type", d0."UpdatedAt"
FROM "Drivers" AS d
LEFT JOIN "DriverTransactions" AS d0 ON d."Id" = d0."DriverId"
ORDER BY d."Id"
2026-09-27 02:00:11.979 +03:00 [INF] HTTP GET /api/admin/drivers responded 200 in 144.1549 ms
2026-09-27 02:00:12.035 +03:00 [INF] Executed DbCommand (2ms) [Parameters=[@p='100'], CommandType='"Text"', CommandTimeout='30']
SELECT a."Id", a."Action", a."ActorId", a."ActorType", a."CreatedAt", a."EntityId", a."EntityName", a."IpAddress", a."NewValuesJson", a."OldValuesJson", a."UpdatedAt", a."UserAgent"
FROM "AuditLogs" AS a
ORDER BY a."CreatedAt" DESC
LIMIT @p
2026-09-27 02:00:12.045 +03:00 [INF] HTTP GET /api/admin/audit-logs responded 200 in 47.5682 ms
2026-09-27 02:00:18.944 +03:00 [INF] Executed DbCommand (1ms) [Parameters=[], CommandType='"Text"', CommandTimeout='30']
SELECT d."Id", d."BaseDistanceKm", d."BaseFee", d."FreeDeliveryRadius", d."IsEnabled", d."PerKmFee", d."UpdatedAt", d."UpdatedBy"
FROM "DeliverySettings" AS d
LIMIT 1
2026-09-27 02:00:18.958 +03:00 [INF] Executed DbCommand (2ms) [Parameters=[@p1='1', @p0='2026-09-26T23:00:18.9483697Z' (DbType = DateTime)], CommandType='"Text"', CommandTimeout='30']
UPDATE "DeliverySettings" SET "UpdatedAt" = @p0
WHERE "Id" = @p1;
2026-09-27 02:00:18.962 +03:00 [INF] HTTP PUT /api/admin/settings/delivery responded 200 in 43.5787 ms
2026-09-27 02:05:36.512 +03:00 [INF] Executed DbCommand (2ms) [Parameters=[@id='01a0dfe9-3576-7104-b9d7-8bca9040c1d4'], CommandType='"Text"', CommandTimeout='30']
SELECT c."Id", c."CreatedAt", c."IconName", c."IsActive", c."Name", c."SortOrder", c."UpdatedAt"
FROM "Categories" AS c
WHERE c."Id" = @id
LIMIT 1
2026-09-27 02:05:36.532 +03:00 [INF] Executed DbCommand (3ms) [Parameters=[@p3='01a0dfe9-3576-7104-b9d7-8bca9040c1d4', @p0='طعام١' (Nullable = false), @p1='0', @p2='2026-09-26T23:05:36.5291192Z' (DbType = DateTime)], CommandType='"Text"', CommandTimeout='30']
UPDATE "Categories" SET "Name" = @p0, "SortOrder" = @p1, "UpdatedAt" = @p2
WHERE "Id" = @p3;
2026-09-27 02:05:36.537 +03:00 [INF] HTTP PUT /api/admin/categories/01a0dfe9-3576-7104-b9d7-8bca9040c1d4 responded 200 in 138.8112 ms
2026-09-27 02:05:36.561 +03:00 [INF] Executed DbCommand (2ms) [Parameters=[@today='2026-09-26T00:00:00.0000000Z' (DbType = DateTime)], CommandType='"Text"', CommandTimeout='30']
SELECT count(*)::int
FROM "Orders" AS o
WHERE o."CreatedAt" >= @today
2026-09-27 02:05:36.566 +03:00 [INF] Executed DbCommand (1ms) [Parameters=[@today='2026-09-26T00:00:00.0000000Z' (DbType = DateTime)], CommandType='"Text"', CommandTimeout='30']
SELECT COALESCE(sum(o."TotalAmount"), 0.0)
FROM "Orders" AS o
WHERE o."CreatedAt" >= @today AND o."Status" <> 'Cancelled'
2026-09-27 02:05:36.570 +03:00 [INF] Executed DbCommand (2ms) [Parameters=[], CommandType='"Text"', CommandTimeout='30']
SELECT count(*)::int
FROM "Payments" AS p
WHERE p."Status" = 'PendingVerification'
2026-09-27 02:05:36.575 +03:00 [INF] Executed DbCommand (2ms) [Parameters=[], CommandType='"Text"', CommandTimeout='30']
SELECT count(*)::int
FROM "Orders" AS o
WHERE o."Status" IN ('SearchingDriver', 'Confirmed')
2026-09-27 02:05:36.579 +03:00 [INF] Executed DbCommand (2ms) [Parameters=[], CommandType='"Text"', CommandTimeout='30']
SELECT count(*)::int
FROM "Drivers" AS d
WHERE d."Status" IN ('Online', 'Busy')
2026-09-27 02:05:36.584 +03:00 [INF] Executed DbCommand (2ms) [Parameters=[], CommandType='"Text"', CommandTimeout='30']
SELECT count(*)::int
FROM "Inventories" AS i
WHERE i."Quantity" <= 5
2026-09-27 02:05:36.588 +03:00 [INF] HTTP GET /api/admin/dashboard responded 200 in 35.4684 ms
2026-09-27 02:05:36.664 +03:00 [INF] Executed DbCommand (5ms) [Parameters=[], CommandType='"Text"', CommandTimeout='30']
SELECT o."Id", o."AddressId", o."CreatedAt", o."CustomerId", o."DeliveryFee", o."Discount", o."DriverId", o."IdempotencyKey", o."Notes", o."OrderNumber", o."PaymentMethod", o."PaymentStatus", o."Status", o."SubTotal", o."TotalAmount", o."UpdatedAt", d."Id", d."CreatedAt", d."FullName", d."Phone", d."Status", d."UpdatedAt", d."UserId", a."Id", a."Building", a."City", a."CreatedAt", a."CustomerId", a."Description", a."District", a."IsDefault", a."Label", a."Latitude", a."Longitude", a."Street", a."UpdatedAt", s1."Id", s1."ActualPurchaseCost", s1."CreatedAt", s1."ExpectedPurchaseCost", s1."Notes", s1."OrderId", s1."Status", s1."StoreId", s1."SubTotal", s1."UpdatedAt", s1."Id0", s1."Address", s1."CreatedAt0", s1."ImageKey", s1."IsActive", s1."Latitude", s1."Longitude", s1."Name", s1."Phone", s1."UpdatedAt0", s1."Id1", s1."ActualPurchasePrice", s1."CreatedAt1", s1."ExpectedProfitSnapshot", s1."ExpectedPurchasePriceSnapshot", s1."ProductId", s1."ProductNameSnapshot", s1."Quantity", s1."SellingPriceSnapshot", s1."SubOrderId", s1."TotalSellingPrice", s1."UpdatedAt1"
FROM "Orders" AS o
LEFT JOIN "Drivers" AS d ON o."DriverId" = d."Id"
INNER JOIN "Addresses" AS a ON o."AddressId" = a."Id"
LEFT JOIN (
    SELECT s."Id", s."ActualPurchaseCost", s."CreatedAt", s."ExpectedPurchaseCost", s."Notes", s."OrderId", s."Status", s."StoreId", s."SubTotal", s."UpdatedAt", s0."Id" AS "Id0", s0."Address", s0."CreatedAt" AS "CreatedAt0", s0."ImageKey", s0."IsActive", s0."Latitude", s0."Longitude", s0."Name", s0."Phone", s0."UpdatedAt" AS "UpdatedAt0", o0."Id" AS "Id1", o0."ActualPurchasePrice", o0."CreatedAt" AS "CreatedAt1", o0."ExpectedProfitSnapshot", o0."ExpectedPurchasePriceSnapshot", o0."ProductId", o0."ProductNameSnapshot", o0."Quantity", o0."SellingPriceSnapshot", o0."SubOrderId", o0."TotalSellingPrice", o0."UpdatedAt" AS "UpdatedAt1"
    FROM "SubOrders" AS s
    INNER JOIN "Stores" AS s0 ON s."StoreId" = s0."Id"
    LEFT JOIN "OrderItems" AS o0 ON s."Id" = o0."SubOrderId"
) AS s1 ON o."Id" = s1."OrderId"
ORDER BY o."CreatedAt" DESC, o."Id", d."Id", a."Id", s1."Id", s1."Id0"
2026-09-27 02:05:36.672 +03:00 [INF] HTTP GET /api/admin/orders responded 200 in 14.9640 ms
2026-09-27 02:05:36.712 +03:00 [INF] Executed DbCommand (2ms) [Parameters=[], CommandType='"Text"', CommandTimeout='30']
SELECT p."Id", p."OrderId", o."OrderNumber", p."Amount", p."Method", p."Status", o."Id", p0."Id", p0."Url", p0."StorageKey", p0."UploadedAt"
FROM "Payments" AS p
INNER JOIN "Orders" AS o ON p."OrderId" = o."Id"
LEFT JOIN "PaymentReceipts" AS p0 ON p."Id" = p0."PaymentId"
WHERE p."Status" = 'PendingVerification'
ORDER BY p."CreatedAt" DESC, p."Id", o."Id"
2026-09-27 02:05:36.714 +03:00 [INF] HTTP GET /api/admin/payments/pending responded 200 in 7.8512 ms
2026-09-27 02:05:36.754 +03:00 [INF] Executed DbCommand (2ms) [Parameters=[], CommandType='"Text"', CommandTimeout='30']
SELECT count(*)::int
FROM "Products" AS p
WHERE NOT (p."IsDeleted") AND p."IsActive"
2026-09-27 02:05:36.759 +03:00 [INF] Executed DbCommand (2ms) [Parameters=[@p0='100', @p='0'], CommandType='"Text"', CommandTimeout='30']
SELECT p0."Id", p0."Name", p0."Description", p0."CategoryId", c."Name", p0."StoreId", s."Name", p0."SourceType", p0."SellingPrice", i."Quantity", p0."IsActive", c."Id", s."Id", i."Id", p1."ImageKey", p1."Id"
FROM (
    SELECT p."Id", p."CategoryId", p."CreatedAt", p."Description", p."IsActive", p."Name", p."SellingPrice", p."SourceType", p."StoreId"
    FROM "Products" AS p
    WHERE NOT (p."IsDeleted") AND p."IsActive"
    ORDER BY p."CreatedAt" DESC
    LIMIT @p0 OFFSET @p
) AS p0
INNER JOIN "Categories" AS c ON p0."CategoryId" = c."Id"
INNER JOIN "Stores" AS s ON p0."StoreId" = s."Id"
LEFT JOIN "Inventories" AS i ON p0."Id" = i."ProductId"
LEFT JOIN "ProductImages" AS p1 ON p0."Id" = p1."ProductId"
ORDER BY p0."CreatedAt" DESC, p0."Id", c."Id", s."Id", i."Id", p1."SortOrder"
2026-09-27 02:05:36.762 +03:00 [INF] HTTP GET /api/products responded 200 in 12.0762 ms
2026-09-27 02:05:36.793 +03:00 [INF] Executed DbCommand (2ms) [Parameters=[], CommandType='"Text"', CommandTimeout='30']
SELECT c."Id", c."Name", c."IconName", c."SortOrder", (
    SELECT count(*)::int
    FROM "Products" AS p
    WHERE NOT (p."IsDeleted") AND p."CategoryId" = c."Id" AND p."IsActive")
FROM "Categories" AS c
WHERE c."IsActive"
ORDER BY c."SortOrder"
2026-09-27 02:05:36.795 +03:00 [INF] HTTP GET /api/categories responded 200 in 6.5660 ms
2026-09-27 02:05:36.835 +03:00 [INF] Executed DbCommand (1ms) [Parameters=[], CommandType='"Text"', CommandTimeout='30']
SELECT s."Id", s."Name", s."Phone", s."Address", s."Latitude", s."Longitude", s."ImageKey", s."IsActive"
FROM "Stores" AS s
WHERE s."IsActive"
ORDER BY s."Name"
2026-09-27 02:05:36.838 +03:00 [INF] HTTP GET /api/stores responded 200 in 5.7625 ms
2026-09-27 02:05:36.867 +03:00 [INF] Executed DbCommand (1ms) [Parameters=[], CommandType='"Text"', CommandTimeout='30']
SELECT d."Id", d."BaseDistanceKm", d."BaseFee", d."FreeDeliveryRadius", d."IsEnabled", d."PerKmFee", d."UpdatedAt", d."UpdatedBy"
FROM "DeliverySettings" AS d
LIMIT 1
2026-09-27 02:05:36.871 +03:00 [INF] HTTP GET /api/admin/settings/delivery responded 200 in 5.9217 ms
2026-09-27 02:05:36.910 +03:00 [INF] Executed DbCommand (1ms) [Parameters=[], CommandType='"Text"', CommandTimeout='30']
SELECT d."Id", d."CreatedAt", d."FullName", d."Phone", d."Status", d."UpdatedAt", d."UserId", d0."Id", d0."Amount", d0."CreatedAt", d0."CreatedBy", d0."Description", d0."Direction", d0."DriverId", d0."OrderId", d0."Reference", d0."Type", d0."UpdatedAt"
FROM "Drivers" AS d
LEFT JOIN "DriverTransactions" AS d0 ON d."Id" = d0."DriverId"
ORDER BY d."Id"
2026-09-27 02:05:36.913 +03:00 [INF] HTTP GET /api/admin/drivers responded 200 in 5.8038 ms
2026-09-27 02:05:36.959 +03:00 [INF] Executed DbCommand (1ms) [Parameters=[@p='100'], CommandType='"Text"', CommandTimeout='30']
SELECT a."Id", a."Action", a."ActorId", a."ActorType", a."CreatedAt", a."EntityId", a."EntityName", a."IpAddress", a."NewValuesJson", a."OldValuesJson", a."UpdatedAt", a."UserAgent"
FROM "AuditLogs" AS a
ORDER BY a."CreatedAt" DESC
LIMIT @p
2026-09-27 02:05:36.963 +03:00 [INF] HTTP GET /api/admin/audit-logs responded 200 in 6.4618 ms
2026-09-27 02:11:13.652 +03:00 [WRN] Entity 'Product' has a global query filter defined and is the required end of a relationship with the entity 'CartItem'. This may lead to unexpected results when the required entity is filtered out. Either configure the navigation as optional, or define matching query filters for both entities in the navigation. See https://go.microsoft.com/fwlink/?linkid=2131316 for more information.
2026-09-27 02:11:13.701 +03:00 [WRN] Entity 'Product' has a global query filter defined and is the required end of a relationship with the entity 'InventoryTransaction'. This may lead to unexpected results when the required entity is filtered out. Either configure the navigation as optional, or define matching query filters for both entities in the navigation. See https://go.microsoft.com/fwlink/?linkid=2131316 for more information.
2026-09-27 02:11:13.701 +03:00 [WRN] Entity 'Product' has a global query filter defined and is the required end of a relationship with the entity 'ProductImage'. This may lead to unexpected results when the required entity is filtered out. Either configure the navigation as optional, or define matching query filters for both entities in the navigation. See https://go.microsoft.com/fwlink/?linkid=2131316 for more information.
2026-09-27 02:11:13.711 +03:00 [WRN] Sensitive data logging is enabled. Log entries and exception messages may include sensitive application data; this mode should only be enabled during development.
2026-09-27 02:11:14.295 +03:00 [INF] Executed DbCommand (26ms) [Parameters=[], CommandType='"Text"', CommandTimeout='30']
SELECT "MigrationId", "ProductVersion"
FROM "__EFMigrationsHistory"
ORDER BY "MigrationId";
2026-09-27 02:11:14.676 +03:00 [INF] Executed DbCommand (10ms) [Parameters=[], CommandType='"Text"', CommandTimeout='30']
SELECT 1
2026-09-27 02:11:14.761 +03:00 [INF] Executed DbCommand (6ms) [Parameters=[], CommandType='"Text"', CommandTimeout='30']
CREATE TABLE IF NOT EXISTS "__EFMigrationsHistory" (
    "MigrationId" character varying(150) NOT NULL,
    "ProductVersion" character varying(32) NOT NULL,
    CONSTRAINT "PK___EFMigrationsHistory" PRIMARY KEY ("MigrationId")
);
2026-09-27 02:11:14.784 +03:00 [INF] Executed DbCommand (1ms) [Parameters=[], CommandType='"Text"', CommandTimeout='30']
LOCK TABLE "__EFMigrationsHistory" IN ACCESS EXCLUSIVE MODE
2026-09-27 02:11:14.791 +03:00 [INF] Executed DbCommand (3ms) [Parameters=[], CommandType='"Text"', CommandTimeout='30']
SELECT "MigrationId", "ProductVersion"
FROM "__EFMigrationsHistory"
ORDER BY "MigrationId";
2026-09-27 02:11:14.806 +03:00 [INF] Database migration applied successfully.
2026-09-27 02:11:15.023 +03:00 [WRN] The query uses the 'First'/'FirstOrDefault' operator without 'OrderBy' and filter operators. This may lead to unpredictable results.
2026-09-27 02:11:15.231 +03:00 [INF] Executed DbCommand (2ms) [Parameters=[], CommandType='"Text"', CommandTimeout='30']
SELECT d."Id", d."BaseDistanceKm", d."BaseFee", d."FreeDeliveryRadius", d."IsEnabled", d."PerKmFee", d."UpdatedAt", d."UpdatedBy"
FROM "DeliverySettings" AS d
LIMIT 1
2026-09-27 02:11:15.392 +03:00 [INF] Executed DbCommand (1ms) [Parameters=[], CommandType='"Text"', CommandTimeout='30']
SELECT EXISTS (
    SELECT 1
    FROM "PaymentSettings" AS p)
2026-09-27 02:11:15.402 +03:00 [INF] Executed DbCommand (2ms) [Parameters=[], CommandType='"Text"', CommandTimeout='30']
SELECT EXISTS (
    SELECT 1
    FROM "CancellationReasons" AS c)
2026-09-27 02:11:15.476 +03:00 [INF] Executed DbCommand (11ms) [Parameters=[@adminPhone='777000000'], CommandType='"Text"', CommandTimeout='30']
SELECT EXISTS (
    SELECT 1
    FROM "Users" AS u
    WHERE u."Phone" = @adminPhone)
2026-09-27 02:11:15.480 +03:00 [INF] Executed DbCommand (1ms) [Parameters=[@driverPhone='777000222'], CommandType='"Text"', CommandTimeout='30']
SELECT EXISTS (
    SELECT 1
    FROM "Users" AS u
    WHERE u."Phone" = @driverPhone)
2026-09-27 02:11:15.486 +03:00 [INF] Executed DbCommand (1ms) [Parameters=[], CommandType='"Text"', CommandTimeout='30']
SELECT EXISTS (
    SELECT 1
    FROM "Categories" AS c)
2026-09-27 02:11:15.493 +03:00 [INF] BS Store API starting on Development
2026-09-27 02:13:41.492 +03:00 [INF] Executed DbCommand (2ms) [Parameters=[@id='01a0dfe9-3576-7104-b9d7-8bca9040c1d4'], CommandType='"Text"', CommandTimeout='30']
SELECT c."Id", c."CreatedAt", c."IconName", c."IsActive", c."Name", c."SortOrder", c."UpdatedAt"
FROM "Categories" AS c
WHERE c."Id" = @id
LIMIT 1
2026-09-27 02:13:41.577 +03:00 [INF] Executed DbCommand (5ms) [Parameters=[@p2='01a0dfe9-3576-7104-b9d7-8bca9040c1d4', @p0='False', @p1='2026-09-26T23:13:41.5320787Z' (DbType = DateTime)], CommandType='"Text"', CommandTimeout='30']
UPDATE "Categories" SET "IsActive" = @p0, "UpdatedAt" = @p1
WHERE "Id" = @p2;
2026-09-27 02:13:41.615 +03:00 [INF] HTTP PATCH /api/admin/categories/01a0dfe9-3576-7104-b9d7-8bca9040c1d4/toggle responded 200 in 260.3109 ms
2026-09-27 02:13:42.625 +03:00 [INF] Executed DbCommand (1ms) [Parameters=[@id='01a0dfe9-3576-7104-b9d7-8bca9040c1d4'], CommandType='"Text"', CommandTimeout='30']
SELECT c."Id", c."CreatedAt", c."IconName", c."IsActive", c."Name", c."SortOrder", c."UpdatedAt"
FROM "Categories" AS c
WHERE c."Id" = @id
LIMIT 1
2026-09-27 02:13:42.628 +03:00 [INF] Executed DbCommand (1ms) [Parameters=[@p2='01a0dfe9-3576-7104-b9d7-8bca9040c1d4', @p0='True', @p1='2026-09-26T23:13:42.6265438Z' (DbType = DateTime)], CommandType='"Text"', CommandTimeout='30']
UPDATE "Categories" SET "IsActive" = @p0, "UpdatedAt" = @p1
WHERE "Id" = @p2;
2026-09-27 02:13:42.629 +03:00 [INF] HTTP PATCH /api/admin/categories/01a0dfe9-3576-7104-b9d7-8bca9040c1d4/toggle responded 200 in 70.5521 ms
2026-09-27 02:13:43.271 +03:00 [INF] Executed DbCommand (1ms) [Parameters=[@id='01a0dfe9-3576-7104-b9d7-8bca9040c1d4'], CommandType='"Text"', CommandTimeout='30']
SELECT c."Id", c."CreatedAt", c."IconName", c."IsActive", c."Name", c."SortOrder", c."UpdatedAt"
FROM "Categories" AS c
WHERE c."Id" = @id
LIMIT 1
2026-09-27 02:13:43.275 +03:00 [INF] Executed DbCommand (2ms) [Parameters=[@p2='01a0dfe9-3576-7104-b9d7-8bca9040c1d4', @p0='False', @p1='2026-09-26T23:13:43.2725460Z' (DbType = DateTime)], CommandType='"Text"', CommandTimeout='30']
UPDATE "Categories" SET "IsActive" = @p0, "UpdatedAt" = @p1
WHERE "Id" = @p2;
2026-09-27 02:13:43.275 +03:00 [INF] HTTP PATCH /api/admin/categories/01a0dfe9-3576-7104-b9d7-8bca9040c1d4/toggle responded 200 in 9.7273 ms
2026-09-27 02:13:45.269 +03:00 [INF] Executed DbCommand (1ms) [Parameters=[@id='01a0dfe9-3576-7104-b9d7-8bca9040c1d4'], CommandType='"Text"', CommandTimeout='30']
SELECT c."Id", c."CreatedAt", c."IconName", c."IsActive", c."Name", c."SortOrder", c."UpdatedAt"
FROM "Categories" AS c
WHERE c."Id" = @id
LIMIT 1
2026-09-27 02:13:45.274 +03:00 [INF] Executed DbCommand (3ms) [Parameters=[@p2='01a0dfe9-3576-7104-b9d7-8bca9040c1d4', @p0='True', @p1='2026-09-26T23:13:45.2706698Z' (DbType = DateTime)], CommandType='"Text"', CommandTimeout='30']
UPDATE "Categories" SET "IsActive" = @p0, "UpdatedAt" = @p1
WHERE "Id" = @p2;
2026-09-27 02:13:45.274 +03:00 [INF] HTTP PATCH /api/admin/categories/01a0dfe9-3576-7104-b9d7-8bca9040c1d4/toggle responded 200 in 8.4775 ms
2026-09-27 02:13:51.347 +03:00 [INF] Executed DbCommand (2ms) [Parameters=[], CommandType='"Text"', CommandTimeout='30']
SELECT s."Id", s."Name", s."Phone", s."Address", s."Latitude", s."Longitude", s."ImageKey", s."IsActive"
FROM "Stores" AS s
ORDER BY s."Name"
2026-09-27 02:13:51.377 +03:00 [INF] HTTP GET /api/stores responded 200 in 69.7475 ms
2026-09-27 02:13:52.452 +03:00 [INF] Executed DbCommand (1ms) [Parameters=[@id='01a0dfe9-3576-7104-b9d7-8bca9040c1d4'], CommandType='"Text"', CommandTimeout='30']
SELECT c."Id", c."CreatedAt", c."IconName", c."IsActive", c."Name", c."SortOrder", c."UpdatedAt"
FROM "Categories" AS c
WHERE c."Id" = @id
LIMIT 1
2026-09-27 02:13:52.456 +03:00 [INF] Executed DbCommand (3ms) [Parameters=[@p2='01a0dfe9-3576-7104-b9d7-8bca9040c1d4', @p0='False', @p1='2026-09-26T23:13:52.4526297Z' (DbType = DateTime)], CommandType='"Text"', CommandTimeout='30']
UPDATE "Categories" SET "IsActive" = @p0, "UpdatedAt" = @p1
WHERE "Id" = @p2;
2026-09-27 02:13:52.457 +03:00 [INF] HTTP PATCH /api/admin/categories/01a0dfe9-3576-7104-b9d7-8bca9040c1d4/toggle responded 200 in 7.8315 ms
2026-09-27 02:13:54.681 +03:00 [INF] Executed DbCommand (1ms) [Parameters=[@id='01a0dfe9-3576-7104-b9d7-8bca9040c1d4'], CommandType='"Text"', CommandTimeout='30']
SELECT c."Id", c."CreatedAt", c."IconName", c."IsActive", c."Name", c."SortOrder", c."UpdatedAt"
FROM "Categories" AS c
WHERE c."Id" = @id
LIMIT 1
2026-09-27 02:13:54.685 +03:00 [INF] Executed DbCommand (3ms) [Parameters=[@p2='01a0dfe9-3576-7104-b9d7-8bca9040c1d4', @p0='True', @p1='2026-09-26T23:13:54.6821895Z' (DbType = DateTime)], CommandType='"Text"', CommandTimeout='30']
UPDATE "Categories" SET "IsActive" = @p0, "UpdatedAt" = @p1
WHERE "Id" = @p2;
2026-09-27 02:13:54.686 +03:00 [INF] HTTP PATCH /api/admin/categories/01a0dfe9-3576-7104-b9d7-8bca9040c1d4/toggle responded 200 in 6.6261 ms
2026-09-27 02:13:56.678 +03:00 [INF] Executed DbCommand (1ms) [Parameters=[@id='01a0dfe9-3576-7104-b9d7-8bca9040c1d4'], CommandType='"Text"', CommandTimeout='30']
SELECT c."Id", c."CreatedAt", c."IconName", c."IsActive", c."Name", c."SortOrder", c."UpdatedAt"
FROM "Categories" AS c
WHERE c."Id" = @id
LIMIT 1
2026-09-27 02:13:56.682 +03:00 [INF] Executed DbCommand (3ms) [Parameters=[@p2='01a0dfe9-3576-7104-b9d7-8bca9040c1d4', @p0='False', @p1='2026-09-26T23:13:56.6794774Z' (DbType = DateTime)], CommandType='"Text"', CommandTimeout='30']
UPDATE "Categories" SET "IsActive" = @p0, "UpdatedAt" = @p1
WHERE "Id" = @p2;
2026-09-27 02:13:56.683 +03:00 [INF] HTTP PATCH /api/admin/categories/01a0dfe9-3576-7104-b9d7-8bca9040c1d4/toggle responded 200 in 6.8220 ms
2026-09-27 02:13:57.097 +03:00 [INF] Executed DbCommand (1ms) [Parameters=[@id='01a0dfe9-3576-7104-b9d7-8bca9040c1d4'], CommandType='"Text"', CommandTimeout='30']
SELECT c."Id", c."CreatedAt", c."IconName", c."IsActive", c."Name", c."SortOrder", c."UpdatedAt"
FROM "Categories" AS c
WHERE c."Id" = @id
LIMIT 1
2026-09-27 02:13:57.101 +03:00 [INF] Executed DbCommand (3ms) [Parameters=[@p2='01a0dfe9-3576-7104-b9d7-8bca9040c1d4', @p0='True', @p1='2026-09-26T23:13:57.0981467Z' (DbType = DateTime)], CommandType='"Text"', CommandTimeout='30']
UPDATE "Categories" SET "IsActive" = @p0, "UpdatedAt" = @p1
WHERE "Id" = @p2;
2026-09-27 02:13:57.101 +03:00 [INF] HTTP PATCH /api/admin/categories/01a0dfe9-3576-7104-b9d7-8bca9040c1d4/toggle responded 200 in 6.0788 ms
2026-09-27 02:14:02.632 +03:00 [INF] Executed DbCommand (3ms) [Parameters=[], CommandType='"Text"', CommandTimeout='30']
SELECT c."Id", c."Name", c."IconName", c."SortOrder", (
    SELECT count(*)::int
    FROM "Products" AS p
    WHERE NOT (p."IsDeleted") AND p."CategoryId" = c."Id" AND p."IsActive"), c."IsActive"
FROM "Categories" AS c
ORDER BY c."SortOrder"
2026-09-27 02:14:02.638 +03:00 [INF] HTTP GET /api/categories responded 200 in 61.6087 ms
2026-09-27 02:16:29.899 +03:00 [WRN] Entity 'Product' has a global query filter defined and is the required end of a relationship with the entity 'CartItem'. This may lead to unexpected results when the required entity is filtered out. Either configure the navigation as optional, or define matching query filters for both entities in the navigation. See https://go.microsoft.com/fwlink/?linkid=2131316 for more information.
2026-09-27 02:16:29.935 +03:00 [WRN] Entity 'Product' has a global query filter defined and is the required end of a relationship with the entity 'InventoryTransaction'. This may lead to unexpected results when the required entity is filtered out. Either configure the navigation as optional, or define matching query filters for both entities in the navigation. See https://go.microsoft.com/fwlink/?linkid=2131316 for more information.
2026-09-27 02:16:29.935 +03:00 [WRN] Entity 'Product' has a global query filter defined and is the required end of a relationship with the entity 'ProductImage'. This may lead to unexpected results when the required entity is filtered out. Either configure the navigation as optional, or define matching query filters for both entities in the navigation. See https://go.microsoft.com/fwlink/?linkid=2131316 for more information.
2026-09-27 02:16:29.943 +03:00 [WRN] Sensitive data logging is enabled. Log entries and exception messages may include sensitive application data; this mode should only be enabled during development.
2026-09-27 02:16:30.820 +03:00 [INF] Executed DbCommand (42ms) [Parameters=[], CommandType='"Text"', CommandTimeout='30']
SELECT "MigrationId", "ProductVersion"
FROM "__EFMigrationsHistory"
ORDER BY "MigrationId";
2026-09-27 02:16:31.206 +03:00 [INF] Executed DbCommand (10ms) [Parameters=[], CommandType='"Text"', CommandTimeout='30']
SELECT 1
2026-09-27 02:16:37.584 +03:00 [WRN] Entity 'Product' has a global query filter defined and is the required end of a relationship with the entity 'CartItem'. This may lead to unexpected results when the required entity is filtered out. Either configure the navigation as optional, or define matching query filters for both entities in the navigation. See https://go.microsoft.com/fwlink/?linkid=2131316 for more information.
2026-09-27 02:16:37.620 +03:00 [WRN] Entity 'Product' has a global query filter defined and is the required end of a relationship with the entity 'InventoryTransaction'. This may lead to unexpected results when the required entity is filtered out. Either configure the navigation as optional, or define matching query filters for both entities in the navigation. See https://go.microsoft.com/fwlink/?linkid=2131316 for more information.
2026-09-27 02:16:37.621 +03:00 [WRN] Entity 'Product' has a global query filter defined and is the required end of a relationship with the entity 'ProductImage'. This may lead to unexpected results when the required entity is filtered out. Either configure the navigation as optional, or define matching query filters for both entities in the navigation. See https://go.microsoft.com/fwlink/?linkid=2131316 for more information.
2026-09-27 02:16:37.631 +03:00 [WRN] Sensitive data logging is enabled. Log entries and exception messages may include sensitive application data; this mode should only be enabled during development.
2026-09-27 02:16:38.097 +03:00 [INF] Executed DbCommand (30ms) [Parameters=[], CommandType='"Text"', CommandTimeout='30']
SELECT "MigrationId", "ProductVersion"
FROM "__EFMigrationsHistory"
ORDER BY "MigrationId";
2026-09-27 02:16:38.453 +03:00 [INF] Executed DbCommand (9ms) [Parameters=[], CommandType='"Text"', CommandTimeout='30']
SELECT 1
2026-09-27 02:16:38.535 +03:00 [INF] Executed DbCommand (6ms) [Parameters=[], CommandType='"Text"', CommandTimeout='30']
CREATE TABLE IF NOT EXISTS "__EFMigrationsHistory" (
    "MigrationId" character varying(150) NOT NULL,
    "ProductVersion" character varying(32) NOT NULL,
    CONSTRAINT "PK___EFMigrationsHistory" PRIMARY KEY ("MigrationId")
);
2026-09-27 02:16:38.555 +03:00 [INF] Executed DbCommand (1ms) [Parameters=[], CommandType='"Text"', CommandTimeout='30']
LOCK TABLE "__EFMigrationsHistory" IN ACCESS EXCLUSIVE MODE
2026-09-27 02:16:38.560 +03:00 [INF] Executed DbCommand (2ms) [Parameters=[], CommandType='"Text"', CommandTimeout='30']
SELECT "MigrationId", "ProductVersion"
FROM "__EFMigrationsHistory"
ORDER BY "MigrationId";
2026-09-27 02:16:38.575 +03:00 [INF] Database migration applied successfully.
2026-09-27 02:16:38.783 +03:00 [WRN] The query uses the 'First'/'FirstOrDefault' operator without 'OrderBy' and filter operators. This may lead to unpredictable results.
2026-09-27 02:16:38.945 +03:00 [INF] Executed DbCommand (2ms) [Parameters=[], CommandType='"Text"', CommandTimeout='30']
SELECT d."Id", d."BaseDistanceKm", d."BaseFee", d."FreeDeliveryRadius", d."IsEnabled", d."PerKmFee", d."UpdatedAt", d."UpdatedBy"
FROM "DeliverySettings" AS d
LIMIT 1
2026-09-27 02:16:39.118 +03:00 [INF] Executed DbCommand (1ms) [Parameters=[], CommandType='"Text"', CommandTimeout='30']
SELECT EXISTS (
    SELECT 1
    FROM "PaymentSettings" AS p)
2026-09-27 02:16:39.127 +03:00 [INF] Executed DbCommand (1ms) [Parameters=[], CommandType='"Text"', CommandTimeout='30']
SELECT EXISTS (
    SELECT 1
    FROM "CancellationReasons" AS c)
2026-09-27 02:16:39.189 +03:00 [INF] Executed DbCommand (10ms) [Parameters=[@adminPhone='777000000'], CommandType='"Text"', CommandTimeout='30']
SELECT EXISTS (
    SELECT 1
    FROM "Users" AS u
    WHERE u."Phone" = @adminPhone)
2026-09-27 02:16:39.194 +03:00 [INF] Executed DbCommand (1ms) [Parameters=[@driverPhone='777000222'], CommandType='"Text"', CommandTimeout='30']
SELECT EXISTS (
    SELECT 1
    FROM "Users" AS u
    WHERE u."Phone" = @driverPhone)
2026-09-27 02:16:39.199 +03:00 [INF] Executed DbCommand (1ms) [Parameters=[], CommandType='"Text"', CommandTimeout='30']
SELECT EXISTS (
    SELECT 1
    FROM "Categories" AS c)
2026-09-27 02:16:39.204 +03:00 [INF] BS Store API starting on Development
2026-09-27 02:16:47.945 +03:00 [WRN] Entity 'Product' has a global query filter defined and is the required end of a relationship with the entity 'CartItem'. This may lead to unexpected results when the required entity is filtered out. Either configure the navigation as optional, or define matching query filters for both entities in the navigation. See https://go.microsoft.com/fwlink/?linkid=2131316 for more information.
2026-09-27 02:16:47.984 +03:00 [WRN] Entity 'Product' has a global query filter defined and is the required end of a relationship with the entity 'InventoryTransaction'. This may lead to unexpected results when the required entity is filtered out. Either configure the navigation as optional, or define matching query filters for both entities in the navigation. See https://go.microsoft.com/fwlink/?linkid=2131316 for more information.
2026-09-27 02:16:47.984 +03:00 [WRN] Entity 'Product' has a global query filter defined and is the required end of a relationship with the entity 'ProductImage'. This may lead to unexpected results when the required entity is filtered out. Either configure the navigation as optional, or define matching query filters for both entities in the navigation. See https://go.microsoft.com/fwlink/?linkid=2131316 for more information.
2026-09-27 02:16:47.992 +03:00 [WRN] Sensitive data logging is enabled. Log entries and exception messages may include sensitive application data; this mode should only be enabled during development.
2026-09-27 02:16:48.855 +03:00 [INF] Executed DbCommand (22ms) [Parameters=[], CommandType='"Text"', CommandTimeout='30']
SELECT "MigrationId", "ProductVersion"
FROM "__EFMigrationsHistory"
ORDER BY "MigrationId";
2026-09-27 02:16:49.172 +03:00 [INF] Executed DbCommand (11ms) [Parameters=[], CommandType='"Text"', CommandTimeout='30']
SELECT 1
2026-09-27 02:16:49.247 +03:00 [INF] Executed DbCommand (5ms) [Parameters=[], CommandType='"Text"', CommandTimeout='30']
CREATE TABLE IF NOT EXISTS "__EFMigrationsHistory" (
    "MigrationId" character varying(150) NOT NULL,
    "ProductVersion" character varying(32) NOT NULL,
    CONSTRAINT "PK___EFMigrationsHistory" PRIMARY KEY ("MigrationId")
);
2026-09-27 02:16:49.266 +03:00 [INF] Executed DbCommand (1ms) [Parameters=[], CommandType='"Text"', CommandTimeout='30']
LOCK TABLE "__EFMigrationsHistory" IN ACCESS EXCLUSIVE MODE
2026-09-27 02:16:49.272 +03:00 [INF] Executed DbCommand (3ms) [Parameters=[], CommandType='"Text"', CommandTimeout='30']
SELECT "MigrationId", "ProductVersion"
FROM "__EFMigrationsHistory"
ORDER BY "MigrationId";
2026-09-27 02:16:49.282 +03:00 [INF] Database migration applied successfully.
2026-09-27 02:16:49.460 +03:00 [WRN] The query uses the 'First'/'FirstOrDefault' operator without 'OrderBy' and filter operators. This may lead to unpredictable results.
2026-09-27 02:16:49.584 +03:00 [INF] Executed DbCommand (1ms) [Parameters=[], CommandType='"Text"', CommandTimeout='30']
SELECT d."Id", d."BaseDistanceKm", d."BaseFee", d."FreeDeliveryRadius", d."IsEnabled", d."PerKmFee", d."UpdatedAt", d."UpdatedBy"
FROM "DeliverySettings" AS d
LIMIT 1
2026-09-27 02:16:49.700 +03:00 [INF] Executed DbCommand (1ms) [Parameters=[], CommandType='"Text"', CommandTimeout='30']
SELECT EXISTS (
    SELECT 1
    FROM "PaymentSettings" AS p)
2026-09-27 02:16:49.706 +03:00 [INF] Executed DbCommand (1ms) [Parameters=[], CommandType='"Text"', CommandTimeout='30']
SELECT EXISTS (
    SELECT 1
    FROM "CancellationReasons" AS c)
2026-09-27 02:16:49.763 +03:00 [INF] Executed DbCommand (9ms) [Parameters=[@adminPhone='777000000'], CommandType='"Text"', CommandTimeout='30']
SELECT EXISTS (
    SELECT 1
    FROM "Users" AS u
    WHERE u."Phone" = @adminPhone)
2026-09-27 02:16:49.767 +03:00 [INF] Executed DbCommand (1ms) [Parameters=[@driverPhone='777000222'], CommandType='"Text"', CommandTimeout='30']
SELECT EXISTS (
    SELECT 1
    FROM "Users" AS u
    WHERE u."Phone" = @driverPhone)
2026-09-27 02:16:49.770 +03:00 [INF] Executed DbCommand (1ms) [Parameters=[], CommandType='"Text"', CommandTimeout='30']
SELECT EXISTS (
    SELECT 1
    FROM "Categories" AS c)
2026-09-27 02:16:49.775 +03:00 [INF] BS Store API starting on Development
2026-09-27 02:17:12.315 +03:00 [INF] Executed DbCommand (1ms) [Parameters=[], CommandType='"Text"', CommandTimeout='30']
SELECT s."Id", s."Name", s."Phone", s."Address", s."Latitude", s."Longitude", s."ImageKey", s."IsActive"
FROM "Stores" AS s
WHERE s."IsActive"
ORDER BY s."Name"
2026-09-27 02:17:12.360 +03:00 [INF] HTTP GET /api/stores responded 200 in 146.3746 ms
2026-09-27 02:17:25.258 +03:00 [WRN] Entity 'Product' has a global query filter defined and is the required end of a relationship with the entity 'CartItem'. This may lead to unexpected results when the required entity is filtered out. Either configure the navigation as optional, or define matching query filters for both entities in the navigation. See https://go.microsoft.com/fwlink/?linkid=2131316 for more information.
2026-09-27 02:17:25.291 +03:00 [WRN] Entity 'Product' has a global query filter defined and is the required end of a relationship with the entity 'InventoryTransaction'. This may lead to unexpected results when the required entity is filtered out. Either configure the navigation as optional, or define matching query filters for both entities in the navigation. See https://go.microsoft.com/fwlink/?linkid=2131316 for more information.
2026-09-27 02:17:25.291 +03:00 [WRN] Entity 'Product' has a global query filter defined and is the required end of a relationship with the entity 'ProductImage'. This may lead to unexpected results when the required entity is filtered out. Either configure the navigation as optional, or define matching query filters for both entities in the navigation. See https://go.microsoft.com/fwlink/?linkid=2131316 for more information.
2026-09-27 02:17:25.297 +03:00 [WRN] Sensitive data logging is enabled. Log entries and exception messages may include sensitive application data; this mode should only be enabled during development.
2026-09-27 02:17:25.773 +03:00 [INF] Executed DbCommand (22ms) [Parameters=[], CommandType='"Text"', CommandTimeout='30']
SELECT "MigrationId", "ProductVersion"
FROM "__EFMigrationsHistory"
ORDER BY "MigrationId";
2026-09-27 02:17:26.058 +03:00 [INF] Executed DbCommand (8ms) [Parameters=[], CommandType='"Text"', CommandTimeout='30']
SELECT 1
2026-09-27 02:17:26.127 +03:00 [INF] Executed DbCommand (7ms) [Parameters=[], CommandType='"Text"', CommandTimeout='30']
CREATE TABLE IF NOT EXISTS "__EFMigrationsHistory" (
    "MigrationId" character varying(150) NOT NULL,
    "ProductVersion" character varying(32) NOT NULL,
    CONSTRAINT "PK___EFMigrationsHistory" PRIMARY KEY ("MigrationId")
);
2026-09-27 02:17:26.152 +03:00 [INF] Executed DbCommand (1ms) [Parameters=[], CommandType='"Text"', CommandTimeout='30']
LOCK TABLE "__EFMigrationsHistory" IN ACCESS EXCLUSIVE MODE
2026-09-27 02:17:26.158 +03:00 [INF] Executed DbCommand (3ms) [Parameters=[], CommandType='"Text"', CommandTimeout='30']
SELECT "MigrationId", "ProductVersion"
FROM "__EFMigrationsHistory"
ORDER BY "MigrationId";
2026-09-27 02:17:26.170 +03:00 [INF] Database migration applied successfully.
2026-09-27 02:17:26.322 +03:00 [WRN] The query uses the 'First'/'FirstOrDefault' operator without 'OrderBy' and filter operators. This may lead to unpredictable results.
2026-09-27 02:17:26.471 +03:00 [INF] Executed DbCommand (1ms) [Parameters=[], CommandType='"Text"', CommandTimeout='30']
SELECT d."Id", d."BaseDistanceKm", d."BaseFee", d."FreeDeliveryRadius", d."IsEnabled", d."PerKmFee", d."UpdatedAt", d."UpdatedBy"
FROM "DeliverySettings" AS d
LIMIT 1
2026-09-27 02:17:26.612 +03:00 [INF] Executed DbCommand (1ms) [Parameters=[], CommandType='"Text"', CommandTimeout='30']
SELECT EXISTS (
    SELECT 1
    FROM "PaymentSettings" AS p)
2026-09-27 02:17:26.620 +03:00 [INF] Executed DbCommand (1ms) [Parameters=[], CommandType='"Text"', CommandTimeout='30']
SELECT EXISTS (
    SELECT 1
    FROM "CancellationReasons" AS c)
2026-09-27 02:17:26.683 +03:00 [INF] Executed DbCommand (10ms) [Parameters=[@adminPhone='777000000'], CommandType='"Text"', CommandTimeout='30']
SELECT EXISTS (
    SELECT 1
    FROM "Users" AS u
    WHERE u."Phone" = @adminPhone)
2026-09-27 02:17:26.687 +03:00 [INF] Executed DbCommand (1ms) [Parameters=[@driverPhone='777000222'], CommandType='"Text"', CommandTimeout='30']
SELECT EXISTS (
    SELECT 1
    FROM "Users" AS u
    WHERE u."Phone" = @driverPhone)
2026-09-27 02:17:26.691 +03:00 [INF] Executed DbCommand (1ms) [Parameters=[], CommandType='"Text"', CommandTimeout='30']
SELECT EXISTS (
    SELECT 1
    FROM "Categories" AS c)
2026-09-27 02:17:26.696 +03:00 [INF] BS Store API starting on Development
2026-09-27 02:21:41.010 +03:00 [WRN] Entity 'Product' has a global query filter defined and is the required end of a relationship with the entity 'CartItem'. This may lead to unexpected results when the required entity is filtered out. Either configure the navigation as optional, or define matching query filters for both entities in the navigation. See https://go.microsoft.com/fwlink/?linkid=2131316 for more information.
2026-09-27 02:21:41.049 +03:00 [WRN] Entity 'Product' has a global query filter defined and is the required end of a relationship with the entity 'InventoryTransaction'. This may lead to unexpected results when the required entity is filtered out. Either configure the navigation as optional, or define matching query filters for both entities in the navigation. See https://go.microsoft.com/fwlink/?linkid=2131316 for more information.
2026-09-27 02:21:41.049 +03:00 [WRN] Entity 'Product' has a global query filter defined and is the required end of a relationship with the entity 'ProductImage'. This may lead to unexpected results when the required entity is filtered out. Either configure the navigation as optional, or define matching query filters for both entities in the navigation. See https://go.microsoft.com/fwlink/?linkid=2131316 for more information.
2026-09-27 02:21:41.060 +03:00 [WRN] Sensitive data logging is enabled. Log entries and exception messages may include sensitive application data; this mode should only be enabled during development.
2026-09-27 02:21:41.541 +03:00 [INF] Executed DbCommand (30ms) [Parameters=[], CommandType='"Text"', CommandTimeout='30']
SELECT "MigrationId", "ProductVersion"
FROM "__EFMigrationsHistory"
ORDER BY "MigrationId";
2026-09-27 02:21:41.862 +03:00 [INF] Executed DbCommand (10ms) [Parameters=[], CommandType='"Text"', CommandTimeout='30']
SELECT 1
2026-09-27 02:21:41.928 +03:00 [INF] Executed DbCommand (5ms) [Parameters=[], CommandType='"Text"', CommandTimeout='30']
CREATE TABLE IF NOT EXISTS "__EFMigrationsHistory" (
    "MigrationId" character varying(150) NOT NULL,
    "ProductVersion" character varying(32) NOT NULL,
    CONSTRAINT "PK___EFMigrationsHistory" PRIMARY KEY ("MigrationId")
);
2026-09-27 02:21:41.946 +03:00 [INF] Executed DbCommand (1ms) [Parameters=[], CommandType='"Text"', CommandTimeout='30']
LOCK TABLE "__EFMigrationsHistory" IN ACCESS EXCLUSIVE MODE
2026-09-27 02:21:41.950 +03:00 [INF] Executed DbCommand (2ms) [Parameters=[], CommandType='"Text"', CommandTimeout='30']
SELECT "MigrationId", "ProductVersion"
FROM "__EFMigrationsHistory"
ORDER BY "MigrationId";
2026-09-27 02:21:41.958 +03:00 [INF] Database migration applied successfully.
2026-09-27 02:21:42.101 +03:00 [WRN] The query uses the 'First'/'FirstOrDefault' operator without 'OrderBy' and filter operators. This may lead to unpredictable results.
2026-09-27 02:21:42.226 +03:00 [INF] Executed DbCommand (1ms) [Parameters=[], CommandType='"Text"', CommandTimeout='30']
SELECT d."Id", d."BaseDistanceKm", d."BaseFee", d."FreeDeliveryRadius", d."IsEnabled", d."PerKmFee", d."UpdatedAt", d."UpdatedBy"
FROM "DeliverySettings" AS d
LIMIT 1
2026-09-27 02:21:42.344 +03:00 [INF] Executed DbCommand (1ms) [Parameters=[], CommandType='"Text"', CommandTimeout='30']
SELECT EXISTS (
    SELECT 1
    FROM "PaymentSettings" AS p)
2026-09-27 02:21:42.352 +03:00 [INF] Executed DbCommand (1ms) [Parameters=[], CommandType='"Text"', CommandTimeout='30']
SELECT EXISTS (
    SELECT 1
    FROM "CancellationReasons" AS c)
2026-09-27 02:21:42.420 +03:00 [INF] Executed DbCommand (14ms) [Parameters=[@adminPhone='777000000'], CommandType='"Text"', CommandTimeout='30']
SELECT EXISTS (
    SELECT 1
    FROM "Users" AS u
    WHERE u."Phone" = @adminPhone)
2026-09-27 02:21:42.425 +03:00 [INF] Executed DbCommand (1ms) [Parameters=[@driverPhone='777000222'], CommandType='"Text"', CommandTimeout='30']
SELECT EXISTS (
    SELECT 1
    FROM "Users" AS u
    WHERE u."Phone" = @driverPhone)
2026-09-27 02:21:42.429 +03:00 [INF] Executed DbCommand (1ms) [Parameters=[], CommandType='"Text"', CommandTimeout='30']
SELECT EXISTS (
    SELECT 1
    FROM "Categories" AS c)
2026-09-27 02:21:42.434 +03:00 [INF] BS Store API starting on Development
2026-09-27 02:21:58.036 +03:00 [WRN] Entity 'Product' has a global query filter defined and is the required end of a relationship with the entity 'CartItem'. This may lead to unexpected results when the required entity is filtered out. Either configure the navigation as optional, or define matching query filters for both entities in the navigation. See https://go.microsoft.com/fwlink/?linkid=2131316 for more information.
2026-09-27 02:21:58.072 +03:00 [WRN] Entity 'Product' has a global query filter defined and is the required end of a relationship with the entity 'InventoryTransaction'. This may lead to unexpected results when the required entity is filtered out. Either configure the navigation as optional, or define matching query filters for both entities in the navigation. See https://go.microsoft.com/fwlink/?linkid=2131316 for more information.
2026-09-27 02:21:58.073 +03:00 [WRN] Entity 'Product' has a global query filter defined and is the required end of a relationship with the entity 'ProductImage'. This may lead to unexpected results when the required entity is filtered out. Either configure the navigation as optional, or define matching query filters for both entities in the navigation. See https://go.microsoft.com/fwlink/?linkid=2131316 for more information.
2026-09-27 02:21:58.081 +03:00 [WRN] Sensitive data logging is enabled. Log entries and exception messages may include sensitive application data; this mode should only be enabled during development.
2026-09-27 02:21:58.518 +03:00 [INF] Executed DbCommand (32ms) [Parameters=[], CommandType='"Text"', CommandTimeout='30']
SELECT "MigrationId", "ProductVersion"
FROM "__EFMigrationsHistory"
ORDER BY "MigrationId";
2026-09-27 02:21:58.796 +03:00 [INF] Executed DbCommand (9ms) [Parameters=[], CommandType='"Text"', CommandTimeout='30']
SELECT 1
2026-09-27 02:21:58.871 +03:00 [INF] Executed DbCommand (7ms) [Parameters=[], CommandType='"Text"', CommandTimeout='30']
CREATE TABLE IF NOT EXISTS "__EFMigrationsHistory" (
    "MigrationId" character varying(150) NOT NULL,
    "ProductVersion" character varying(32) NOT NULL,
    CONSTRAINT "PK___EFMigrationsHistory" PRIMARY KEY ("MigrationId")
);
2026-09-27 02:21:58.891 +03:00 [INF] Executed DbCommand (1ms) [Parameters=[], CommandType='"Text"', CommandTimeout='30']
LOCK TABLE "__EFMigrationsHistory" IN ACCESS EXCLUSIVE MODE
2026-09-27 02:21:58.897 +03:00 [INF] Executed DbCommand (3ms) [Parameters=[], CommandType='"Text"', CommandTimeout='30']
SELECT "MigrationId", "ProductVersion"
FROM "__EFMigrationsHistory"
ORDER BY "MigrationId";
2026-09-27 02:21:58.908 +03:00 [INF] Database migration applied successfully.
2026-09-27 02:21:59.083 +03:00 [WRN] The query uses the 'First'/'FirstOrDefault' operator without 'OrderBy' and filter operators. This may lead to unpredictable results.
2026-09-27 02:21:59.251 +03:00 [INF] Executed DbCommand (2ms) [Parameters=[], CommandType='"Text"', CommandTimeout='30']
SELECT d."Id", d."BaseDistanceKm", d."BaseFee", d."FreeDeliveryRadius", d."IsEnabled", d."PerKmFee", d."UpdatedAt", d."UpdatedBy"
FROM "DeliverySettings" AS d
LIMIT 1
2026-09-27 02:21:59.388 +03:00 [INF] Executed DbCommand (1ms) [Parameters=[], CommandType='"Text"', CommandTimeout='30']
SELECT EXISTS (
    SELECT 1
    FROM "PaymentSettings" AS p)
2026-09-27 02:21:59.394 +03:00 [INF] Executed DbCommand (1ms) [Parameters=[], CommandType='"Text"', CommandTimeout='30']
SELECT EXISTS (
    SELECT 1
    FROM "CancellationReasons" AS c)
2026-09-27 02:21:59.457 +03:00 [INF] Executed DbCommand (9ms) [Parameters=[@adminPhone='777000000'], CommandType='"Text"', CommandTimeout='30']
SELECT EXISTS (
    SELECT 1
    FROM "Users" AS u
    WHERE u."Phone" = @adminPhone)
2026-09-27 02:21:59.462 +03:00 [INF] Executed DbCommand (1ms) [Parameters=[@driverPhone='777000222'], CommandType='"Text"', CommandTimeout='30']
SELECT EXISTS (
    SELECT 1
    FROM "Users" AS u
    WHERE u."Phone" = @driverPhone)
2026-09-27 02:21:59.467 +03:00 [INF] Executed DbCommand (1ms) [Parameters=[], CommandType='"Text"', CommandTimeout='30']
SELECT EXISTS (
    SELECT 1
    FROM "Categories" AS c)
2026-09-27 02:21:59.472 +03:00 [INF] BS Store API starting on Development
2026-09-27 02:36:43.623 +03:00 [WRN] Entity 'Product' has a global query filter defined and is the required end of a relationship with the entity 'CartItem'. This may lead to unexpected results when the required entity is filtered out. Either configure the navigation as optional, or define matching query filters for both entities in the navigation. See https://go.microsoft.com/fwlink/?linkid=2131316 for more information.
2026-09-27 02:36:43.666 +03:00 [WRN] Entity 'Product' has a global query filter defined and is the required end of a relationship with the entity 'InventoryTransaction'. This may lead to unexpected results when the required entity is filtered out. Either configure the navigation as optional, or define matching query filters for both entities in the navigation. See https://go.microsoft.com/fwlink/?linkid=2131316 for more information.
2026-09-27 02:36:43.666 +03:00 [WRN] Entity 'Product' has a global query filter defined and is the required end of a relationship with the entity 'ProductImage'. This may lead to unexpected results when the required entity is filtered out. Either configure the navigation as optional, or define matching query filters for both entities in the navigation. See https://go.microsoft.com/fwlink/?linkid=2131316 for more information.
2026-09-27 02:36:43.673 +03:00 [WRN] Sensitive data logging is enabled. Log entries and exception messages may include sensitive application data; this mode should only be enabled during development.
2026-09-27 02:36:44.159 +03:00 [INF] Executed DbCommand (20ms) [Parameters=[], CommandType='"Text"', CommandTimeout='30']
SELECT "MigrationId", "ProductVersion"
FROM "__EFMigrationsHistory"
ORDER BY "MigrationId";
2026-09-27 02:36:44.490 +03:00 [INF] Executed DbCommand (10ms) [Parameters=[], CommandType='"Text"', CommandTimeout='30']
SELECT 1
2026-09-27 02:36:44.574 +03:00 [INF] Executed DbCommand (7ms) [Parameters=[], CommandType='"Text"', CommandTimeout='30']
CREATE TABLE IF NOT EXISTS "__EFMigrationsHistory" (
    "MigrationId" character varying(150) NOT NULL,
    "ProductVersion" character varying(32) NOT NULL,
    CONSTRAINT "PK___EFMigrationsHistory" PRIMARY KEY ("MigrationId")
);
2026-09-27 02:36:44.594 +03:00 [INF] Executed DbCommand (1ms) [Parameters=[], CommandType='"Text"', CommandTimeout='30']
LOCK TABLE "__EFMigrationsHistory" IN ACCESS EXCLUSIVE MODE
2026-09-27 02:36:44.598 +03:00 [INF] Executed DbCommand (2ms) [Parameters=[], CommandType='"Text"', CommandTimeout='30']
SELECT "MigrationId", "ProductVersion"
FROM "__EFMigrationsHistory"
ORDER BY "MigrationId";
2026-09-27 02:36:44.609 +03:00 [INF] Database migration applied successfully.
2026-09-27 02:36:44.763 +03:00 [WRN] The query uses the 'First'/'FirstOrDefault' operator without 'OrderBy' and filter operators. This may lead to unpredictable results.
2026-09-27 02:36:44.891 +03:00 [INF] Executed DbCommand (2ms) [Parameters=[], CommandType='"Text"', CommandTimeout='30']
SELECT d."Id", d."BaseDistanceKm", d."BaseFee", d."FreeDeliveryRadius", d."IsEnabled", d."PerKmFee", d."UpdatedAt", d."UpdatedBy"
FROM "DeliverySettings" AS d
LIMIT 1
2026-09-27 02:36:45.052 +03:00 [INF] Executed DbCommand (2ms) [Parameters=[], CommandType='"Text"', CommandTimeout='30']
SELECT EXISTS (
    SELECT 1
    FROM "PaymentSettings" AS p)
2026-09-27 02:36:45.066 +03:00 [INF] Executed DbCommand (2ms) [Parameters=[], CommandType='"Text"', CommandTimeout='30']
SELECT EXISTS (
    SELECT 1
    FROM "CancellationReasons" AS c)
2026-09-27 02:36:45.164 +03:00 [INF] Executed DbCommand (16ms) [Parameters=[@adminPhone='777000000'], CommandType='"Text"', CommandTimeout='30']
SELECT EXISTS (
    SELECT 1
    FROM "Users" AS u
    WHERE u."Phone" = @adminPhone)
2026-09-27 02:36:45.170 +03:00 [INF] Executed DbCommand (1ms) [Parameters=[@driverPhone='777000222'], CommandType='"Text"', CommandTimeout='30']
SELECT EXISTS (
    SELECT 1
    FROM "Users" AS u
    WHERE u."Phone" = @driverPhone)
2026-09-27 02:36:45.176 +03:00 [INF] Executed DbCommand (1ms) [Parameters=[], CommandType='"Text"', CommandTimeout='30']
SELECT EXISTS (
    SELECT 1
    FROM "Categories" AS c)
2026-09-27 02:36:45.184 +03:00 [INF] BS Store API starting on Development
2026-09-27 02:36:59.229 +03:00 [INF] Executed DbCommand (2ms) [Parameters=[], CommandType='"Text"', CommandTimeout='30']
SELECT s."Id", s."Name", s."Phone", s."Address", s."Latitude", s."Longitude", s."ImageKey", s."IsActive"
FROM "Stores" AS s
ORDER BY s."Name"
2026-09-27 02:36:59.284 +03:00 [INF] HTTP GET /api/stores responded 200 in 180.8028 ms
2026-09-27 02:37:09.816 +03:00 [INF] HTTP GET /api/admin/stores responded 401 in 11.4893 ms
2026-09-27 02:38:00.854 +03:00 [INF] Executed DbCommand (1ms) [Parameters=[], CommandType='"Text"', CommandTimeout='30']
SELECT s."Id", s."Name", s."Phone", s."Address", s."Latitude", s."Longitude", s."ImageKey", s."IsActive"
FROM "Stores" AS s
WHERE s."IsActive"
ORDER BY s."Name"
2026-09-27 02:38:00.856 +03:00 [INF] HTTP GET /api/stores responded 200 in 77.7125 ms
2026-09-27 02:38:07.539 +03:00 [INF] Executed DbCommand (1ms) [Parameters=[], CommandType='"Text"', CommandTimeout='30']
SELECT s."Id", s."Name", s."Phone", s."Address", s."Latitude", s."Longitude", s."ImageKey", s."IsActive"
FROM "Stores" AS s
ORDER BY s."Name"
2026-09-27 02:38:07.540 +03:00 [INF] HTTP GET /api/stores responded 200 in 9.1758 ms
2026-09-27 02:38:40.780 +03:00 [INF] Executed DbCommand (1ms) [Parameters=[], CommandType='"Text"', CommandTimeout='30']
SELECT s."Id", s."Name", s."Phone", s."Address", s."Latitude", s."Longitude", s."ImageKey", s."IsActive"
FROM "Stores" AS s
ORDER BY s."Name"
2026-09-27 02:38:40.781 +03:00 [INF] HTTP GET /api/stores responded 200 in 3.2137 ms
2026-09-27 02:41:15.523 +03:00 [INF] HTTP PATCH /api/admin/stores/4695f5c4-79ea-4796-9a83-293acb9f35b8/toggle responded 401 in 3.1834 ms
2026-09-27 02:41:24.216 +03:00 [INF] HTTP PATCH /api/admin/stores/4695f5c4-79ea-4796-9a83-293acb9f35b8/toggle responded 401 in 3.3128 ms
2026-09-27 02:41:48.548 +03:00 [INF] HTTP POST /api/admin/stores responded 401 in 0.3031 ms
2026-09-27 02:42:32.970 +03:00 [INF] Executed DbCommand (5ms) [Parameters=[@request_Phone='777000000'], CommandType='"Text"', CommandTimeout='30']
SELECT u."Id", u."CreatedAt", u."Email", u."FcmToken", u."IsActive", u."PasswordHash", u."Phone", u."Role", u."UpdatedAt", c."Id", c."CreatedAt", c."FullName", c."ProfileImageKey", c."UpdatedAt", c."UserId", d."Id", d."CreatedAt", d."FullName", d."Phone", d."Status", d."UpdatedAt", d."UserId"
FROM "Users" AS u
LEFT JOIN "Customers" AS c ON u."Id" = c."UserId"
LEFT JOIN "Drivers" AS d ON u."Id" = d."UserId"
WHERE u."Phone" = @request_Phone
LIMIT 1
2026-09-27 02:42:33.791 +03:00 [ERR] HTTP POST /api/auth/login responded 500 in 1017.9832 ms
BSStore.Domain.Exceptions.BusinessRuleException: رقم الهاتف أو كلمة المرور غير صحيحة.
   at BSStore.Infrastructure.Services.AuthService.LoginAsync(LoginRequest request, CancellationToken ct) in d:\MyProjects\BS_Store\backend\src\BSStore.Infrastructure\Services\AuthService.cs:line 86
   at BSStore.API.Controllers.AuthController.Login(LoginRequest request, CancellationToken ct) in d:\MyProjects\BS_Store\backend\src\BSStore.API\Controllers\AuthController.cs:line 38
   at Microsoft.AspNetCore.Mvc.Infrastructure.ActionMethodExecutor.TaskOfIActionResultExecutor.Execute(ActionContext actionContext, IActionResultTypeMapper mapper, ObjectMethodExecutor executor, Object controller, Object[] arguments)
   at Microsoft.AspNetCore.Mvc.Infrastructure.ControllerActionInvoker.<InvokeActionMethodAsync>g__Awaited|12_0(ControllerActionInvoker invoker, ValueTask`1 actionResultValueTask)
   at Microsoft.AspNetCore.Mvc.Infrastructure.ControllerActionInvoker.<InvokeNextActionFilterAsync>g__Awaited|10_0(ControllerActionInvoker invoker, Task lastTask, State next, Scope scope, Object state, Boolean isCompleted)
   at Microsoft.AspNetCore.Mvc.Infrastructure.ControllerActionInvoker.Rethrow(ActionExecutedContextSealed context)
   at Microsoft.AspNetCore.Mvc.Infrastructure.ControllerActionInvoker.Next(State& next, Scope& scope, Object& state, Boolean& isCompleted)
   at Microsoft.AspNetCore.Mvc.Infrastructure.ControllerActionInvoker.<InvokeInnerFilterAsync>g__Awaited|13_0(ControllerActionInvoker invoker, Task lastTask, State next, Scope scope, Object state, Boolean isCompleted)
   at Microsoft.AspNetCore.Mvc.Infrastructure.ResourceInvoker.<InvokeFilterPipelineAsync>g__Awaited|20_0(ResourceInvoker invoker, Task lastTask, State next, Scope scope, Object state, Boolean isCompleted)
   at Microsoft.AspNetCore.Mvc.Infrastructure.ResourceInvoker.<InvokeAsync>g__Awaited|17_0(ResourceInvoker invoker, Task task, IDisposable scope)
   at Microsoft.AspNetCore.Mvc.Infrastructure.ResourceInvoker.<InvokeAsync>g__Awaited|17_0(ResourceInvoker invoker, Task task, IDisposable scope)
   at Microsoft.AspNetCore.Authorization.AuthorizationMiddleware.Invoke(HttpContext context)
   at Microsoft.AspNetCore.Authentication.AuthenticationMiddleware.Invoke(HttpContext context)
   at Microsoft.AspNetCore.RateLimiting.RateLimitingMiddleware.InvokeInternal(HttpContext context, EnableRateLimitingAttribute enableRateLimitingAttribute)
   at Swashbuckle.AspNetCore.SwaggerUI.SwaggerUIMiddleware.Invoke(HttpContext httpContext)
   at Swashbuckle.AspNetCore.Swagger.SwaggerMiddleware.Invoke(HttpContext httpContext, ISwaggerProvider swaggerProvider)
   at Serilog.AspNetCore.RequestLoggingMiddleware.Invoke(HttpContext httpContext)
2026-09-27 02:42:33.808 +03:00 [WRN] Business exception [INVALID_CREDENTIALS]: رقم الهاتف أو كلمة المرور غير صحيحة.
2026-09-27 02:42:59.003 +03:00 [INF] Executed DbCommand (2ms) [Parameters=[@request_Phone='777000000'], CommandType='"Text"', CommandTimeout='30']
SELECT u."Id", u."CreatedAt", u."Email", u."FcmToken", u."IsActive", u."PasswordHash", u."Phone", u."Role", u."UpdatedAt", c."Id", c."CreatedAt", c."FullName", c."ProfileImageKey", c."UpdatedAt", c."UserId", d."Id", d."CreatedAt", d."FullName", d."Phone", d."Status", d."UpdatedAt", d."UserId"
FROM "Users" AS u
LEFT JOIN "Customers" AS c ON u."Id" = c."UserId"
LEFT JOIN "Drivers" AS d ON u."Id" = d."UserId"
WHERE u."Phone" = @request_Phone
LIMIT 1
2026-09-27 02:42:59.726 +03:00 [INF] Executed DbCommand (8ms) [Parameters=[@p0='01a0e019-c20c-74c7-adbb-0cd1f20971d5', @p1='2026-09-26T23:42:59.5794038Z' (DbType = DateTime), @p2='2026-10-26T23:42:59.5789913Z' (DbType = DateTime), @p3='False', @p4='UeWE8ZvmxxhS5hSGCxQy1nh0rpCfabeO8E3T7DPrPNw=' (Nullable = false), @p5='2026-09-26T23:42:59.5794039Z' (DbType = DateTime), @p6='4c39b4c4-f51d-4fad-a42c-d03db9ef7d62'], CommandType='"Text"', CommandTimeout='30']
INSERT INTO "RefreshTokens" ("Id", "CreatedAt", "ExpiresAt", "IsRevoked", "TokenHash", "UpdatedAt", "UserId")
VALUES (@p0, @p1, @p2, @p3, @p4, @p5, @p6);
2026-09-27 02:42:59.741 +03:00 [INF] HTTP POST /api/auth/login responded 200 in 743.3514 ms
2026-09-27 02:42:59.803 +03:00 [INF] Executed DbCommand (2ms) [Parameters=[], CommandType='"Text"', CommandTimeout='30']
SELECT s."Id", s."Name", s."Phone", s."Address", s."Latitude", s."Longitude", s."ImageKey", s."IsActive"
FROM "Stores" AS s
ORDER BY s."Name"
2026-09-27 02:42:59.803 +03:00 [INF] HTTP GET /api/stores responded 200 in 52.4031 ms
2026-09-27 02:42:59.830 +03:00 [INF] Executed DbCommand (1ms) [Parameters=[@id='01a0dfe9-804d-7393-a718-06876c26451b'], CommandType='"Text"', CommandTimeout='30']
SELECT s."Id", s."Address", s."CreatedAt", s."ImageKey", s."IsActive", s."Latitude", s."Longitude", s."Name", s."Phone", s."UpdatedAt"
FROM "Stores" AS s
WHERE s."Id" = @id
LIMIT 1
2026-09-27 02:42:59.874 +03:00 [INF] Executed DbCommand (2ms) [Parameters=[@p2='01a0dfe9-804d-7393-a718-06876c26451b', @p0='True', @p1='2026-09-26T23:42:59.8674201Z' (DbType = DateTime)], CommandType='"Text"', CommandTimeout='30']
UPDATE "Stores" SET "IsActive" = @p0, "UpdatedAt" = @p1
WHERE "Id" = @p2;
2026-09-27 02:42:59.877 +03:00 [INF] HTTP PATCH /api/admin/stores/01a0dfe9-804d-7393-a718-06876c26451b/toggle responded 200 in 71.2899 ms
2026-09-27 02:42:59.883 +03:00 [INF] Executed DbCommand (1ms) [Parameters=[@id='4695f5c4-79ea-4796-9a83-293acb9f35b8'], CommandType='"Text"', CommandTimeout='30']
SELECT s."Id", s."Address", s."CreatedAt", s."ImageKey", s."IsActive", s."Latitude", s."Longitude", s."Name", s."Phone", s."UpdatedAt"
FROM "Stores" AS s
WHERE s."Id" = @id
LIMIT 1
2026-09-27 02:42:59.885 +03:00 [INF] Executed DbCommand (1ms) [Parameters=[@p2='4695f5c4-79ea-4796-9a83-293acb9f35b8', @p0='True', @p1='2026-09-26T23:42:59.8835192Z' (DbType = DateTime)], CommandType='"Text"', CommandTimeout='30']
UPDATE "Stores" SET "IsActive" = @p0, "UpdatedAt" = @p1
WHERE "Id" = @p2;
2026-09-27 02:42:59.885 +03:00 [INF] HTTP PATCH /api/admin/stores/4695f5c4-79ea-4796-9a83-293acb9f35b8/toggle responded 200 in 4.9758 ms
2026-09-27 02:42:59.890 +03:00 [INF] Executed DbCommand (1ms) [Parameters=[@id='8b62ec41-444d-4fbb-ada7-195da81e77d8'], CommandType='"Text"', CommandTimeout='30']
SELECT s."Id", s."Address", s."CreatedAt", s."ImageKey", s."IsActive", s."Latitude", s."Longitude", s."Name", s."Phone", s."UpdatedAt"
FROM "Stores" AS s
WHERE s."Id" = @id
LIMIT 1
2026-09-27 02:42:59.892 +03:00 [INF] Executed DbCommand (1ms) [Parameters=[@p2='8b62ec41-444d-4fbb-ada7-195da81e77d8', @p0='True', @p1='2026-09-26T23:42:59.8906204Z' (DbType = DateTime)], CommandType='"Text"', CommandTimeout='30']
UPDATE "Stores" SET "IsActive" = @p0, "UpdatedAt" = @p1
WHERE "Id" = @p2;
2026-09-27 02:42:59.893 +03:00 [INF] HTTP PATCH /api/admin/stores/8b62ec41-444d-4fbb-ada7-195da81e77d8/toggle responded 200 in 5.2086 ms
2026-09-27 02:42:59.898 +03:00 [INF] Executed DbCommand (1ms) [Parameters=[@id='19a63c95-76f6-49f5-bdd4-9deb3c1a0c91'], CommandType='"Text"', CommandTimeout='30']
SELECT s."Id", s."Address", s."CreatedAt", s."ImageKey", s."IsActive", s."Latitude", s."Longitude", s."Name", s."Phone", s."UpdatedAt"
FROM "Stores" AS s
WHERE s."Id" = @id
LIMIT 1
2026-09-27 02:42:59.901 +03:00 [INF] Executed DbCommand (1ms) [Parameters=[@p2='19a63c95-76f6-49f5-bdd4-9deb3c1a0c91', @p0='True', @p1='2026-09-26T23:42:59.8994209Z' (DbType = DateTime)], CommandType='"Text"', CommandTimeout='30']
UPDATE "Stores" SET "IsActive" = @p0, "UpdatedAt" = @p1
WHERE "Id" = @p2;
2026-09-27 02:42:59.903 +03:00 [INF] HTTP PATCH /api/admin/stores/19a63c95-76f6-49f5-bdd4-9deb3c1a0c91/toggle responded 200 in 7.5560 ms
2026-09-27 02:42:59.909 +03:00 [INF] Executed DbCommand (1ms) [Parameters=[], CommandType='"Text"', CommandTimeout='30']
SELECT s."Id", s."Name", s."Phone", s."Address", s."Latitude", s."Longitude", s."ImageKey", s."IsActive"
FROM "Stores" AS s
WHERE s."IsActive"
ORDER BY s."Name"
2026-09-27 02:42:59.909 +03:00 [INF] HTTP GET /api/stores responded 200 in 3.5829 ms
2026-09-27 02:48:31.042 +03:00 [INF] Executed DbCommand (3ms) [Parameters=[], CommandType='"Text"', CommandTimeout='30']
SELECT s."Id", s."Name", s."Phone", s."Address", s."Latitude", s."Longitude", s."ImageKey", s."IsActive"
FROM "Stores" AS s
WHERE s."IsActive"
ORDER BY s."Name"
2026-09-27 02:48:31.046 +03:00 [INF] HTTP GET /api/stores responded 200 in 71.8063 ms
2026-09-27 02:48:39.476 +03:00 [INF] Executed DbCommand (1ms) [Parameters=[], CommandType='"Text"', CommandTimeout='30']
SELECT s."Id", s."Name", s."Phone", s."Address", s."Latitude", s."Longitude", s."ImageKey", s."IsActive"
FROM "Stores" AS s
WHERE s."IsActive"
ORDER BY s."Name"
2026-09-27 02:48:39.477 +03:00 [INF] HTTP GET /api/stores responded 200 in 2.8849 ms
2026-09-27 02:50:07.929 +03:00 [INF] Executed DbCommand (5ms) [Parameters=[@request_Phone='777000000'], CommandType='"Text"', CommandTimeout='30']
SELECT u."Id", u."CreatedAt", u."Email", u."FcmToken", u."IsActive", u."PasswordHash", u."Phone", u."Role", u."UpdatedAt", c."Id", c."CreatedAt", c."FullName", c."ProfileImageKey", c."UpdatedAt", c."UserId", d."Id", d."CreatedAt", d."FullName", d."Phone", d."Status", d."UpdatedAt", d."UserId"
FROM "Users" AS u
LEFT JOIN "Customers" AS c ON u."Id" = c."UserId"
LEFT JOIN "Drivers" AS d ON u."Id" = d."UserId"
WHERE u."Phone" = @request_Phone
LIMIT 1
2026-09-27 02:50:08.331 +03:00 [INF] Executed DbCommand (6ms) [Parameters=[@p0='01a0e020-4cc4-7288-a590-97a2edb9717e', @p1='2026-09-26T23:50:08.3232157Z' (DbType = DateTime), @p2='2026-10-26T23:50:08.3231986Z' (DbType = DateTime), @p3='False', @p4='EaUrMg0TWizZk3A/y5FNydtvdRSLS8e5BQ8/Xm5U+pg=' (Nullable = false), @p5='2026-09-26T23:50:08.3232157Z' (DbType = DateTime), @p6='4c39b4c4-f51d-4fad-a42c-d03db9ef7d62'], CommandType='"Text"', CommandTimeout='30']
INSERT INTO "RefreshTokens" ("Id", "CreatedAt", "ExpiresAt", "IsRevoked", "TokenHash", "UpdatedAt", "UserId")
VALUES (@p0, @p1, @p2, @p3, @p4, @p5, @p6);
2026-09-27 02:50:08.334 +03:00 [INF] HTTP POST /api/auth/login responded 200 in 421.1594 ms
2026-09-27 02:50:08.350 +03:00 [WRN] JWT authentication failed: IDX14100: JWT is not well formed, there are no dots (.).
The token needs to be in JWS or JWE Compact Serialization Format. (JWS): 'EncodedHeader.EncodedPayload.EncodedSignature'. (JWE): 'EncodedProtectedHeader.EncodedEncryptedKey.EncodedInitializationVector.EncodedCiphertext.EncodedAuthenticationTag'.
2026-09-27 02:50:08.353 +03:00 [INF] HTTP GET /api/admin/payments/pending responded 401 in 4.6874 ms
2026-09-27 02:50:17.034 +03:00 [INF] Executed DbCommand (1ms) [Parameters=[@request_Phone='777000000'], CommandType='"Text"', CommandTimeout='30']
SELECT u."Id", u."CreatedAt", u."Email", u."FcmToken", u."IsActive", u."PasswordHash", u."Phone", u."Role", u."UpdatedAt", c."Id", c."CreatedAt", c."FullName", c."ProfileImageKey", c."UpdatedAt", c."UserId", d."Id", d."CreatedAt", d."FullName", d."Phone", d."Status", d."UpdatedAt", d."UserId"
FROM "Users" AS u
LEFT JOIN "Customers" AS c ON u."Id" = c."UserId"
LEFT JOIN "Drivers" AS d ON u."Id" = d."UserId"
WHERE u."Phone" = @request_Phone
LIMIT 1
2026-09-27 02:50:17.349 +03:00 [INF] Executed DbCommand (3ms) [Parameters=[@p0='01a0e020-7000-7c7f-b637-c06bab45549b', @p1='2026-09-26T23:50:17.3449174Z' (DbType = DateTime), @p2='2026-10-26T23:50:17.3448967Z' (DbType = DateTime), @p3='False', @p4='Z0A5QLREX0SI6/VReltxMFbSkJA3PbHcx8Hd+jEVJHQ=' (Nullable = false), @p5='2026-09-26T23:50:17.3449174Z' (DbType = DateTime), @p6='4c39b4c4-f51d-4fad-a42c-d03db9ef7d62'], CommandType='"Text"', CommandTimeout='30']
INSERT INTO "RefreshTokens" ("Id", "CreatedAt", "ExpiresAt", "IsRevoked", "TokenHash", "UpdatedAt", "UserId")
VALUES (@p0, @p1, @p2, @p3, @p4, @p5, @p6);
2026-09-27 02:50:17.349 +03:00 [INF] HTTP POST /api/auth/login responded 200 in 317.2623 ms
2026-09-27 02:50:24.569 +03:00 [INF] Executed DbCommand (1ms) [Parameters=[@request_Phone='777000000'], CommandType='"Text"', CommandTimeout='30']
SELECT u."Id", u."CreatedAt", u."Email", u."FcmToken", u."IsActive", u."PasswordHash", u."Phone", u."Role", u."UpdatedAt", c."Id", c."CreatedAt", c."FullName", c."ProfileImageKey", c."UpdatedAt", c."UserId", d."Id", d."CreatedAt", d."FullName", d."Phone", d."Status", d."UpdatedAt", d."UserId"
FROM "Users" AS u
LEFT JOIN "Customers" AS c ON u."Id" = c."UserId"
LEFT JOIN "Drivers" AS d ON u."Id" = d."UserId"
WHERE u."Phone" = @request_Phone
LIMIT 1
2026-09-27 02:50:24.900 +03:00 [INF] Executed DbCommand (1ms) [Parameters=[@p0='01a0e020-8d82-7b8f-afa5-4fddb0494137', @p1='2026-09-26T23:50:24.8982954Z' (DbType = DateTime), @p2='2026-10-26T23:50:24.8982784Z' (DbType = DateTime), @p3='False', @p4='ChBfV5BbgKSpcTp0mrQrbiqyPZSIwCHbsxZ6QKjtkFw=' (Nullable = false), @p5='2026-09-26T23:50:24.8982955Z' (DbType = DateTime), @p6='4c39b4c4-f51d-4fad-a42c-d03db9ef7d62'], CommandType='"Text"', CommandTimeout='30']
INSERT INTO "RefreshTokens" ("Id", "CreatedAt", "ExpiresAt", "IsRevoked", "TokenHash", "UpdatedAt", "UserId")
VALUES (@p0, @p1, @p2, @p3, @p4, @p5, @p6);
2026-09-27 02:50:24.901 +03:00 [INF] HTTP POST /api/auth/login responded 200 in 334.6831 ms
2026-09-27 02:50:24.995 +03:00 [INF] Executed DbCommand (4ms) [Parameters=[], CommandType='"Text"', CommandTimeout='30']
SELECT p."Id", p."OrderId", o."OrderNumber", p."Amount", p."Method", p."Status", o."Id", p0."Id", p0."Url", p0."StorageKey", p0."UploadedAt"
FROM "Payments" AS p
INNER JOIN "Orders" AS o ON p."OrderId" = o."Id"
LEFT JOIN "PaymentReceipts" AS p0 ON p."Id" = p0."PaymentId"
WHERE p."Status" = 'PendingVerification'
ORDER BY p."CreatedAt" DESC, p."Id", o."Id"
2026-09-27 02:50:25.028 +03:00 [INF] HTTP GET /api/admin/payments/pending responded 200 in 108.1740 ms
2026-09-27 02:50:52.607 +03:00 [INF] Executed DbCommand (1ms) [Parameters=[@request_Phone='777000000'], CommandType='"Text"', CommandTimeout='30']
SELECT u."Id", u."CreatedAt", u."Email", u."FcmToken", u."IsActive", u."PasswordHash", u."Phone", u."Role", u."UpdatedAt", c."Id", c."CreatedAt", c."FullName", c."ProfileImageKey", c."UpdatedAt", c."UserId", d."Id", d."CreatedAt", d."FullName", d."Phone", d."Status", d."UpdatedAt", d."UserId"
FROM "Users" AS u
LEFT JOIN "Customers" AS c ON u."Id" = c."UserId"
LEFT JOIN "Drivers" AS d ON u."Id" = d."UserId"
WHERE u."Phone" = @request_Phone
LIMIT 1
2026-09-27 02:50:52.949 +03:00 [INF] Executed DbCommand (3ms) [Parameters=[@p0='01a0e020-fb11-7bd1-a606-c9d82fd0895a', @p1='2026-09-26T23:50:52.9457838Z' (DbType = DateTime), @p2='2026-10-26T23:50:52.9457685Z' (DbType = DateTime), @p3='False', @p4='gLJEF3Lkl6aMdBxquK2QGG1pY4s9fFg/1CP9rU1sLl4=' (Nullable = false), @p5='2026-09-26T23:50:52.9457839Z' (DbType = DateTime), @p6='4c39b4c4-f51d-4fad-a42c-d03db9ef7d62'], CommandType='"Text"', CommandTimeout='30']
INSERT INTO "RefreshTokens" ("Id", "CreatedAt", "ExpiresAt", "IsRevoked", "TokenHash", "UpdatedAt", "UserId")
VALUES (@p0, @p1, @p2, @p3, @p4, @p5, @p6);
2026-09-27 02:50:52.949 +03:00 [INF] HTTP POST /api/auth/login responded 200 in 344.7821 ms
2026-09-27 02:50:53.002 +03:00 [WRN] Compiling a query which loads related collections for more than one collection navigation, either via 'Include' or through projection, but no 'QuerySplittingBehavior' has been configured. By default, Entity Framework will use 'QuerySplittingBehavior.SingleQuery', which can potentially result in slow query performance. See https://go.microsoft.com/fwlink/?linkid=2134277 for more information. To identify the query that's triggering this warning call 'ConfigureWarnings(w => w.Throw(RelationalEventId.MultipleCollectionIncludeWarning))'.
2026-09-27 02:50:53.039 +03:00 [INF] Executed DbCommand (6ms) [Parameters=[], CommandType='"Text"', CommandTimeout='30']
SELECT o."Id", o."AddressId", o."CreatedAt", o."CustomerId", o."DeliveryFee", o."Discount", o."DriverId", o."IdempotencyKey", o."Notes", o."OrderNumber", o."PaymentMethod", o."PaymentStatus", o."Status", o."SubTotal", o."TotalAmount", o."UpdatedAt", d."Id", d."CreatedAt", d."FullName", d."Phone", d."Status", d."UpdatedAt", d."UserId", a."Id", a."Building", a."City", a."CreatedAt", a."CustomerId", a."Description", a."District", a."IsDefault", a."Label", a."Latitude", a."Longitude", a."Street", a."UpdatedAt", s1."Id", s1."ActualPurchaseCost", s1."CreatedAt", s1."ExpectedPurchaseCost", s1."Notes", s1."OrderId", s1."Status", s1."StoreId", s1."SubTotal", s1."UpdatedAt", s1."Id0", s1."Address", s1."CreatedAt0", s1."ImageKey", s1."IsActive", s1."Latitude", s1."Longitude", s1."Name", s1."Phone", s1."UpdatedAt0", s1."Id1", s1."ActualPurchasePrice", s1."CreatedAt1", s1."ExpectedProfitSnapshot", s1."ExpectedPurchasePriceSnapshot", s1."ProductId", s1."ProductNameSnapshot", s1."Quantity", s1."SellingPriceSnapshot", s1."SubOrderId", s1."TotalSellingPrice", s1."UpdatedAt1"
FROM "Orders" AS o
LEFT JOIN "Drivers" AS d ON o."DriverId" = d."Id"
INNER JOIN "Addresses" AS a ON o."AddressId" = a."Id"
LEFT JOIN (
    SELECT s."Id", s."ActualPurchaseCost", s."CreatedAt", s."ExpectedPurchaseCost", s."Notes", s."OrderId", s."Status", s."StoreId", s."SubTotal", s."UpdatedAt", s0."Id" AS "Id0", s0."Address", s0."CreatedAt" AS "CreatedAt0", s0."ImageKey", s0."IsActive", s0."Latitude", s0."Longitude", s0."Name", s0."Phone", s0."UpdatedAt" AS "UpdatedAt0", o0."Id" AS "Id1", o0."ActualPurchasePrice", o0."CreatedAt" AS "CreatedAt1", o0."ExpectedProfitSnapshot", o0."ExpectedPurchasePriceSnapshot", o0."ProductId", o0."ProductNameSnapshot", o0."Quantity", o0."SellingPriceSnapshot", o0."SubOrderId", o0."TotalSellingPrice", o0."UpdatedAt" AS "UpdatedAt1"
    FROM "SubOrders" AS s
    INNER JOIN "Stores" AS s0 ON s."StoreId" = s0."Id"
    LEFT JOIN "OrderItems" AS o0 ON s."Id" = o0."SubOrderId"
) AS s1 ON o."Id" = s1."OrderId"
ORDER BY o."CreatedAt" DESC, o."Id", d."Id", a."Id", s1."Id", s1."Id0"
2026-09-27 02:50:53.242 +03:00 [INF] HTTP GET /api/admin/orders responded 200 in 279.7188 ms
2026-09-27 02:51:58.368 +03:00 [INF] Executed DbCommand (2ms) [Parameters=[@request_Phone='777000000'], CommandType='"Text"', CommandTimeout='30']
SELECT u."Id", u."CreatedAt", u."Email", u."FcmToken", u."IsActive", u."PasswordHash", u."Phone", u."Role", u."UpdatedAt", c."Id", c."CreatedAt", c."FullName", c."ProfileImageKey", c."UpdatedAt", c."UserId", d."Id", d."CreatedAt", d."FullName", d."Phone", d."Status", d."UpdatedAt", d."UserId"
FROM "Users" AS u
LEFT JOIN "Customers" AS c ON u."Id" = c."UserId"
LEFT JOIN "Drivers" AS d ON u."Id" = d."UserId"
WHERE u."Phone" = @request_Phone
LIMIT 1
2026-09-27 02:51:58.667 +03:00 [INF] Executed DbCommand (3ms) [Parameters=[@p0='01a0e021-fbc7-78e1-81a6-fd7d80982a7c', @p1='2026-09-26T23:51:58.6632556Z' (DbType = DateTime), @p2='2026-10-26T23:51:58.6632266Z' (DbType = DateTime), @p3='False', @p4='UoIBdIkHLqL87h5zZWry7jdb7/wjqwrV350xjF151BY=' (Nullable = false), @p5='2026-09-26T23:51:58.6632556Z' (DbType = DateTime), @p6='4c39b4c4-f51d-4fad-a42c-d03db9ef7d62'], CommandType='"Text"', CommandTimeout='30']
INSERT INTO "RefreshTokens" ("Id", "CreatedAt", "ExpiresAt", "IsRevoked", "TokenHash", "UpdatedAt", "UserId")
VALUES (@p0, @p1, @p2, @p3, @p4, @p5, @p6);
2026-09-27 02:51:58.667 +03:00 [INF] HTTP POST /api/auth/login responded 200 in 302.0589 ms
2026-09-27 02:51:58.681 +03:00 [INF] Executed DbCommand (2ms) [Parameters=[], CommandType='"Text"', CommandTimeout='30']
SELECT o."Id", o."AddressId", o."CreatedAt", o."CustomerId", o."DeliveryFee", o."Discount", o."DriverId", o."IdempotencyKey", o."Notes", o."OrderNumber", o."PaymentMethod", o."PaymentStatus", o."Status", o."SubTotal", o."TotalAmount", o."UpdatedAt", d."Id", d."CreatedAt", d."FullName", d."Phone", d."Status", d."UpdatedAt", d."UserId", a."Id", a."Building", a."City", a."CreatedAt", a."CustomerId", a."Description", a."District", a."IsDefault", a."Label", a."Latitude", a."Longitude", a."Street", a."UpdatedAt", s1."Id", s1."ActualPurchaseCost", s1."CreatedAt", s1."ExpectedPurchaseCost", s1."Notes", s1."OrderId", s1."Status", s1."StoreId", s1."SubTotal", s1."UpdatedAt", s1."Id0", s1."Address", s1."CreatedAt0", s1."ImageKey", s1."IsActive", s1."Latitude", s1."Longitude", s1."Name", s1."Phone", s1."UpdatedAt0", s1."Id1", s1."ActualPurchasePrice", s1."CreatedAt1", s1."ExpectedProfitSnapshot", s1."ExpectedPurchasePriceSnapshot", s1."ProductId", s1."ProductNameSnapshot", s1."Quantity", s1."SellingPriceSnapshot", s1."SubOrderId", s1."TotalSellingPrice", s1."UpdatedAt1"
FROM "Orders" AS o
LEFT JOIN "Drivers" AS d ON o."DriverId" = d."Id"
INNER JOIN "Addresses" AS a ON o."AddressId" = a."Id"
LEFT JOIN (
    SELECT s."Id", s."ActualPurchaseCost", s."CreatedAt", s."ExpectedPurchaseCost", s."Notes", s."OrderId", s."Status", s."StoreId", s."SubTotal", s."UpdatedAt", s0."Id" AS "Id0", s0."Address", s0."CreatedAt" AS "CreatedAt0", s0."ImageKey", s0."IsActive", s0."Latitude", s0."Longitude", s0."Name", s0."Phone", s0."UpdatedAt" AS "UpdatedAt0", o0."Id" AS "Id1", o0."ActualPurchasePrice", o0."CreatedAt" AS "CreatedAt1", o0."ExpectedProfitSnapshot", o0."ExpectedPurchasePriceSnapshot", o0."ProductId", o0."ProductNameSnapshot", o0."Quantity", o0."SellingPriceSnapshot", o0."SubOrderId", o0."TotalSellingPrice", o0."UpdatedAt" AS "UpdatedAt1"
    FROM "SubOrders" AS s
    INNER JOIN "Stores" AS s0 ON s."StoreId" = s0."Id"
    LEFT JOIN "OrderItems" AS o0 ON s."Id" = o0."SubOrderId"
) AS s1 ON o."Id" = s1."OrderId"
ORDER BY o."CreatedAt" DESC, o."Id", d."Id", a."Id", s1."Id", s1."Id0"
2026-09-27 02:51:58.684 +03:00 [INF] HTTP GET /api/admin/orders responded 200 in 5.6815 ms
2026-09-27 02:53:42.266 +03:00 [INF] Executed DbCommand (5ms) [Parameters=[@request_Phone='777000000'], CommandType='"Text"', CommandTimeout='30']
SELECT u."Id", u."CreatedAt", u."Email", u."FcmToken", u."IsActive", u."PasswordHash", u."Phone", u."Role", u."UpdatedAt", c."Id", c."CreatedAt", c."FullName", c."ProfileImageKey", c."UpdatedAt", c."UserId", d."Id", d."CreatedAt", d."FullName", d."Phone", d."Status", d."UpdatedAt", d."UserId"
FROM "Users" AS u
LEFT JOIN "Customers" AS c ON u."Id" = c."UserId"
LEFT JOIN "Drivers" AS d ON u."Id" = d."UserId"
WHERE u."Phone" = @request_Phone
LIMIT 1
2026-09-27 02:53:42.641 +03:00 [INF] Executed DbCommand (33ms) [Parameters=[@p0='01a0e023-91cf-71cb-a8e7-c0102c7496fb', @p1='2026-09-26T23:53:42.6073768Z' (DbType = DateTime), @p2='2026-10-26T23:53:42.6073562Z' (DbType = DateTime), @p3='False', @p4='tp7H4RdBG5vdV17ytpK/2uSII5s6oL97n+5K+QjEzSw=' (Nullable = false), @p5='2026-09-26T23:53:42.6073769Z' (DbType = DateTime), @p6='4c39b4c4-f51d-4fad-a42c-d03db9ef7d62'], CommandType='"Text"', CommandTimeout='30']
INSERT INTO "RefreshTokens" ("Id", "CreatedAt", "ExpiresAt", "IsRevoked", "TokenHash", "UpdatedAt", "UserId")
VALUES (@p0, @p1, @p2, @p3, @p4, @p5, @p6);
2026-09-27 02:53:42.642 +03:00 [INF] HTTP POST /api/auth/login responded 200 in 437.0363 ms
2026-09-27 02:53:42.667 +03:00 [INF] Executed DbCommand (7ms) [Parameters=[], CommandType='"Text"', CommandTimeout='30']
SELECT o."Id", o."AddressId", o."CreatedAt", o."CustomerId", o."DeliveryFee", o."Discount", o."DriverId", o."IdempotencyKey", o."Notes", o."OrderNumber", o."PaymentMethod", o."PaymentStatus", o."Status", o."SubTotal", o."TotalAmount", o."UpdatedAt", d."Id", d."CreatedAt", d."FullName", d."Phone", d."Status", d."UpdatedAt", d."UserId", a."Id", a."Building", a."City", a."CreatedAt", a."CustomerId", a."Description", a."District", a."IsDefault", a."Label", a."Latitude", a."Longitude", a."Street", a."UpdatedAt", s1."Id", s1."ActualPurchaseCost", s1."CreatedAt", s1."ExpectedPurchaseCost", s1."Notes", s1."OrderId", s1."Status", s1."StoreId", s1."SubTotal", s1."UpdatedAt", s1."Id0", s1."Address", s1."CreatedAt0", s1."ImageKey", s1."IsActive", s1."Latitude", s1."Longitude", s1."Name", s1."Phone", s1."UpdatedAt0", s1."Id1", s1."ActualPurchasePrice", s1."CreatedAt1", s1."ExpectedProfitSnapshot", s1."ExpectedPurchasePriceSnapshot", s1."ProductId", s1."ProductNameSnapshot", s1."Quantity", s1."SellingPriceSnapshot", s1."SubOrderId", s1."TotalSellingPrice", s1."UpdatedAt1"
FROM "Orders" AS o
LEFT JOIN "Drivers" AS d ON o."DriverId" = d."Id"
INNER JOIN "Addresses" AS a ON o."AddressId" = a."Id"
LEFT JOIN (
    SELECT s."Id", s."ActualPurchaseCost", s."CreatedAt", s."ExpectedPurchaseCost", s."Notes", s."OrderId", s."Status", s."StoreId", s."SubTotal", s."UpdatedAt", s0."Id" AS "Id0", s0."Address", s0."CreatedAt" AS "CreatedAt0", s0."ImageKey", s0."IsActive", s0."Latitude", s0."Longitude", s0."Name", s0."Phone", s0."UpdatedAt" AS "UpdatedAt0", o0."Id" AS "Id1", o0."ActualPurchasePrice", o0."CreatedAt" AS "CreatedAt1", o0."ExpectedProfitSnapshot", o0."ExpectedPurchasePriceSnapshot", o0."ProductId", o0."ProductNameSnapshot", o0."Quantity", o0."SellingPriceSnapshot", o0."SubOrderId", o0."TotalSellingPrice", o0."UpdatedAt" AS "UpdatedAt1"
    FROM "SubOrders" AS s
    INNER JOIN "Stores" AS s0 ON s."StoreId" = s0."Id"
    LEFT JOIN "OrderItems" AS o0 ON s."Id" = o0."SubOrderId"
) AS s1 ON o."Id" = s1."OrderId"
ORDER BY o."CreatedAt" DESC, o."Id", d."Id", a."Id", s1."Id", s1."Id0"
2026-09-27 02:53:42.670 +03:00 [INF] HTTP GET /api/admin/orders responded 200 in 13.3525 ms
2026-09-27 02:53:42.710 +03:00 [INF] Executed DbCommand (3ms) [Parameters=[], CommandType='"Text"', CommandTimeout='30']
SELECT d."Id", d."CreatedAt", d."FullName", d."Phone", d."Status", d."UpdatedAt", d."UserId", d0."Id", d0."Amount", d0."CreatedAt", d0."CreatedBy", d0."Description", d0."Direction", d0."DriverId", d0."OrderId", d0."Reference", d0."Type", d0."UpdatedAt"
FROM "Drivers" AS d
LEFT JOIN "DriverTransactions" AS d0 ON d."Id" = d0."DriverId"
ORDER BY d."Id"
2026-09-27 02:53:42.771 +03:00 [INF] HTTP GET /api/admin/drivers responded 200 in 96.4320 ms
2026-09-27 02:54:43.625 +03:00 [INF] Executed DbCommand (1ms) [Parameters=[@request_Phone='777000000'], CommandType='"Text"', CommandTimeout='30']
SELECT u."Id", u."CreatedAt", u."Email", u."FcmToken", u."IsActive", u."PasswordHash", u."Phone", u."Role", u."UpdatedAt", c."Id", c."CreatedAt", c."FullName", c."ProfileImageKey", c."UpdatedAt", c."UserId", d."Id", d."CreatedAt", d."FullName", d."Phone", d."Status", d."UpdatedAt", d."UserId"
FROM "Users" AS u
LEFT JOIN "Customers" AS c ON u."Id" = c."UserId"
LEFT JOIN "Drivers" AS d ON u."Id" = d."UserId"
WHERE u."Phone" = @request_Phone
LIMIT 1
2026-09-27 02:54:43.969 +03:00 [INF] Executed DbCommand (2ms) [Parameters=[@p0='01a0e024-817e-732d-93ac-63eb0e71caf6', @p1='2026-09-26T23:54:43.9667930Z' (DbType = DateTime), @p2='2026-10-26T23:54:43.9667793Z' (DbType = DateTime), @p3='False', @p4='Mp3BuYjSzNTFkZYEITqFYBKfSetKqikdbduOQ5aZEx4=' (Nullable = false), @p5='2026-09-26T23:54:43.9667930Z' (DbType = DateTime), @p6='4c39b4c4-f51d-4fad-a42c-d03db9ef7d62'], CommandType='"Text"', CommandTimeout='30']
INSERT INTO "RefreshTokens" ("Id", "CreatedAt", "ExpiresAt", "IsRevoked", "TokenHash", "UpdatedAt", "UserId")
VALUES (@p0, @p1, @p2, @p3, @p4, @p5, @p6);
2026-09-27 02:54:43.969 +03:00 [INF] HTTP POST /api/auth/login responded 200 in 346.8795 ms
2026-09-27 02:54:43.986 +03:00 [INF] Executed DbCommand (2ms) [Parameters=[], CommandType='"Text"', CommandTimeout='30']
SELECT o."Id", o."AddressId", o."CreatedAt", o."CustomerId", o."DeliveryFee", o."Discount", o."DriverId", o."IdempotencyKey", o."Notes", o."OrderNumber", o."PaymentMethod", o."PaymentStatus", o."Status", o."SubTotal", o."TotalAmount", o."UpdatedAt", d."Id", d."CreatedAt", d."FullName", d."Phone", d."Status", d."UpdatedAt", d."UserId", a."Id", a."Building", a."City", a."CreatedAt", a."CustomerId", a."Description", a."District", a."IsDefault", a."Label", a."Latitude", a."Longitude", a."Street", a."UpdatedAt", s1."Id", s1."ActualPurchaseCost", s1."CreatedAt", s1."ExpectedPurchaseCost", s1."Notes", s1."OrderId", s1."Status", s1."StoreId", s1."SubTotal", s1."UpdatedAt", s1."Id0", s1."Address", s1."CreatedAt0", s1."ImageKey", s1."IsActive", s1."Latitude", s1."Longitude", s1."Name", s1."Phone", s1."UpdatedAt0", s1."Id1", s1."ActualPurchasePrice", s1."CreatedAt1", s1."ExpectedProfitSnapshot", s1."ExpectedPurchasePriceSnapshot", s1."ProductId", s1."ProductNameSnapshot", s1."Quantity", s1."SellingPriceSnapshot", s1."SubOrderId", s1."TotalSellingPrice", s1."UpdatedAt1"
FROM "Orders" AS o
LEFT JOIN "Drivers" AS d ON o."DriverId" = d."Id"
INNER JOIN "Addresses" AS a ON o."AddressId" = a."Id"
LEFT JOIN (
    SELECT s."Id", s."ActualPurchaseCost", s."CreatedAt", s."ExpectedPurchaseCost", s."Notes", s."OrderId", s."Status", s."StoreId", s."SubTotal", s."UpdatedAt", s0."Id" AS "Id0", s0."Address", s0."CreatedAt" AS "CreatedAt0", s0."ImageKey", s0."IsActive", s0."Latitude", s0."Longitude", s0."Name", s0."Phone", s0."UpdatedAt" AS "UpdatedAt0", o0."Id" AS "Id1", o0."ActualPurchasePrice", o0."CreatedAt" AS "CreatedAt1", o0."ExpectedProfitSnapshot", o0."ExpectedPurchasePriceSnapshot", o0."ProductId", o0."ProductNameSnapshot", o0."Quantity", o0."SellingPriceSnapshot", o0."SubOrderId", o0."TotalSellingPrice", o0."UpdatedAt" AS "UpdatedAt1"
    FROM "SubOrders" AS s
    INNER JOIN "Stores" AS s0 ON s."StoreId" = s0."Id"
    LEFT JOIN "OrderItems" AS o0 ON s."Id" = o0."SubOrderId"
) AS s1 ON o."Id" = s1."OrderId"
ORDER BY o."CreatedAt" DESC, o."Id", d."Id", a."Id", s1."Id", s1."Id0"
2026-09-27 02:54:43.988 +03:00 [INF] HTTP GET /api/admin/orders responded 200 in 4.9564 ms
2026-09-27 02:54:56.448 +03:00 [INF] Executed DbCommand (1ms) [Parameters=[@request_Phone='777000000'], CommandType='"Text"', CommandTimeout='30']
SELECT u."Id", u."CreatedAt", u."Email", u."FcmToken", u."IsActive", u."PasswordHash", u."Phone", u."Role", u."UpdatedAt", c."Id", c."CreatedAt", c."FullName", c."ProfileImageKey", c."UpdatedAt", c."UserId", d."Id", d."CreatedAt", d."FullName", d."Phone", d."Status", d."UpdatedAt", d."UserId"
FROM "Users" AS u
LEFT JOIN "Customers" AS c ON u."Id" = c."UserId"
LEFT JOIN "Drivers" AS d ON u."Id" = d."UserId"
WHERE u."Phone" = @request_Phone
LIMIT 1
2026-09-27 02:54:56.764 +03:00 [INF] Executed DbCommand (3ms) [Parameters=[@p0='01a0e024-b378-71e6-af43-7d73ed00084d', @p1='2026-09-26T23:54:56.7604979Z' (DbType = DateTime), @p2='2026-10-26T23:54:56.7604804Z' (DbType = DateTime), @p3='False', @p4='hJgZrU0DbkeRfuzC2cXtHDf+1RsusyqM7s/OzCtDTvg=' (Nullable = false), @p5='2026-09-26T23:54:56.7604979Z' (DbType = DateTime), @p6='4c39b4c4-f51d-4fad-a42c-d03db9ef7d62'], CommandType='"Text"', CommandTimeout='30']
INSERT INTO "RefreshTokens" ("Id", "CreatedAt", "ExpiresAt", "IsRevoked", "TokenHash", "UpdatedAt", "UserId")
VALUES (@p0, @p1, @p2, @p3, @p4, @p5, @p6);
2026-09-27 02:54:56.764 +03:00 [INF] HTTP POST /api/auth/login responded 200 in 318.2288 ms
2026-09-27 02:54:56.781 +03:00 [INF] Executed DbCommand (1ms) [Parameters=[], CommandType='"Text"', CommandTimeout='30']
SELECT d."Id", d."CreatedAt", d."FullName", d."Phone", d."Status", d."UpdatedAt", d."UserId", d0."Id", d0."Amount", d0."CreatedAt", d0."CreatedBy", d0."Description", d0."Direction", d0."DriverId", d0."OrderId", d0."Reference", d0."Type", d0."UpdatedAt"
FROM "Drivers" AS d
LEFT JOIN "DriverTransactions" AS d0 ON d."Id" = d0."DriverId"
ORDER BY d."Id"
2026-09-27 02:54:56.782 +03:00 [INF] HTTP GET /api/admin/drivers responded 200 in 2.7630 ms
2026-09-27 02:55:24.748 +03:00 [INF] Executed DbCommand (2ms) [Parameters=[@request_Phone='777000222'], CommandType='"Text"', CommandTimeout='30']
SELECT u."Id", u."CreatedAt", u."Email", u."FcmToken", u."IsActive", u."PasswordHash", u."Phone", u."Role", u."UpdatedAt", c."Id", c."CreatedAt", c."FullName", c."ProfileImageKey", c."UpdatedAt", c."UserId", d."Id", d."CreatedAt", d."FullName", d."Phone", d."Status", d."UpdatedAt", d."UserId"
FROM "Users" AS u
LEFT JOIN "Customers" AS c ON u."Id" = c."UserId"
LEFT JOIN "Drivers" AS d ON u."Id" = d."UserId"
WHERE u."Phone" = @request_Phone
LIMIT 1
2026-09-27 02:55:25.171 +03:00 [INF] Executed DbCommand (2ms) [Parameters=[@p0='01a0e025-225c-78f8-bac5-1523c8bb077a', @p1='2026-09-26T23:55:25.1484829Z' (DbType = DateTime), @p2='2026-10-26T23:55:25.1484677Z' (DbType = DateTime), @p3='False', @p4='P491u+P50Tjf1JsNnaR0jgvU9d5HLhlDHxclFOm06cw=' (Nullable = false), @p5='2026-09-26T23:55:25.1484830Z' (DbType = DateTime), @p6='59da3500-6778-4c0a-aea5-50b46cf4745e'], CommandType='"Text"', CommandTimeout='30']
INSERT INTO "RefreshTokens" ("Id", "CreatedAt", "ExpiresAt", "IsRevoked", "TokenHash", "UpdatedAt", "UserId")
VALUES (@p0, @p1, @p2, @p3, @p4, @p5, @p6);
2026-09-27 02:55:25.171 +03:00 [INF] HTTP POST /api/auth/login responded 200 in 426.0912 ms
2026-09-27 02:55:25.221 +03:00 [INF] Executed DbCommand (1ms) [Parameters=[@userId='59da3500-6778-4c0a-aea5-50b46cf4745e'], CommandType='"Text"', CommandTimeout='30']
SELECT d."Id", d."CreatedAt", d."FullName", d."Phone", d."Status", d."UpdatedAt", d."UserId"
FROM "Drivers" AS d
WHERE d."UserId" = @userId
LIMIT 1
2026-09-27 02:55:25.236 +03:00 [WRN] Compiling a query which loads related collections for more than one collection navigation, either via 'Include' or through projection, but no 'QuerySplittingBehavior' has been configured. By default, Entity Framework will use 'QuerySplittingBehavior.SingleQuery', which can potentially result in slow query performance. See https://go.microsoft.com/fwlink/?linkid=2134277 for more information. To identify the query that's triggering this warning call 'ConfigureWarnings(w => w.Throw(RelationalEventId.MultipleCollectionIncludeWarning))'.
2026-09-27 02:55:25.286 +03:00 [INF] Executed DbCommand (3ms) [Parameters=[@driver_Id='81d5cbd2-d1d2-4d87-a9a8-021465f5c326' (Nullable = true)], CommandType='"Text"', CommandTimeout='30']
SELECT o."Id", o."AddressId", o."CreatedAt", o."CustomerId", o."DeliveryFee", o."Discount", o."DriverId", o."IdempotencyKey", o."Notes", o."OrderNumber", o."PaymentMethod", o."PaymentStatus", o."Status", o."SubTotal", o."TotalAmount", o."UpdatedAt", a."Id", a."Building", a."City", a."CreatedAt", a."CustomerId", a."Description", a."District", a."IsDefault", a."Label", a."Latitude", a."Longitude", a."Street", a."UpdatedAt", s1."Id", s1."ActualPurchaseCost", s1."CreatedAt", s1."ExpectedPurchaseCost", s1."Notes", s1."OrderId", s1."Status", s1."StoreId", s1."SubTotal", s1."UpdatedAt", s1."Id0", s1."Address", s1."CreatedAt0", s1."ImageKey", s1."IsActive", s1."Latitude", s1."Longitude", s1."Name", s1."Phone", s1."UpdatedAt0", s1."Id1", s1."ActualPurchasePrice", s1."CreatedAt1", s1."ExpectedProfitSnapshot", s1."ExpectedPurchasePriceSnapshot", s1."ProductId", s1."ProductNameSnapshot", s1."Quantity", s1."SellingPriceSnapshot", s1."SubOrderId", s1."TotalSellingPrice", s1."UpdatedAt1"
FROM "Orders" AS o
INNER JOIN "Addresses" AS a ON o."AddressId" = a."Id"
LEFT JOIN (
    SELECT s."Id", s."ActualPurchaseCost", s."CreatedAt", s."ExpectedPurchaseCost", s."Notes", s."OrderId", s."Status", s."StoreId", s."SubTotal", s."UpdatedAt", s0."Id" AS "Id0", s0."Address", s0."CreatedAt" AS "CreatedAt0", s0."ImageKey", s0."IsActive", s0."Latitude", s0."Longitude", s0."Name", s0."Phone", s0."UpdatedAt" AS "UpdatedAt0", o0."Id" AS "Id1", o0."ActualPurchasePrice", o0."CreatedAt" AS "CreatedAt1", o0."ExpectedProfitSnapshot", o0."ExpectedPurchasePriceSnapshot", o0."ProductId", o0."ProductNameSnapshot", o0."Quantity", o0."SellingPriceSnapshot", o0."SubOrderId", o0."TotalSellingPrice", o0."UpdatedAt" AS "UpdatedAt1"
    FROM "SubOrders" AS s
    INNER JOIN "Stores" AS s0 ON s."StoreId" = s0."Id"
    LEFT JOIN "OrderItems" AS o0 ON s."Id" = o0."SubOrderId"
) AS s1 ON o."Id" = s1."OrderId"
WHERE o."DriverId" = @driver_Id AND o."Status" = 'Delivered'
ORDER BY o."UpdatedAt" DESC, o."Id", a."Id", s1."Id", s1."Id0"
2026-09-27 02:55:25.301 +03:00 [INF] HTTP GET /api/driver/orders/history responded 200 in 108.2518 ms
2026-09-27 02:55:25.318 +03:00 [INF] Executed DbCommand (1ms) [Parameters=[@userId='59da3500-6778-4c0a-aea5-50b46cf4745e'], CommandType='"Text"', CommandTimeout='30']
SELECT d."Id", d."CreatedAt", d."FullName", d."Phone", d."Status", d."UpdatedAt", d."UserId"
FROM "Drivers" AS d
WHERE d."UserId" = @userId
LIMIT 1
2026-09-27 02:55:25.329 +03:00 [INF] Executed DbCommand (1ms) [Parameters=[@driver_Id='81d5cbd2-d1d2-4d87-a9a8-021465f5c326'], CommandType='"Text"', CommandTimeout='30']
SELECT d."Id", d."Amount", d."CreatedAt", d."CreatedBy", d."Description", d."Direction", d."DriverId", d."OrderId", d."Reference", d."Type", d."UpdatedAt"
FROM "DriverTransactions" AS d
WHERE d."DriverId" = @driver_Id
2026-09-27 02:55:25.336 +03:00 [INF] HTTP GET /api/driver/financial/summary responded 200 in 29.5223 ms
2026-09-27 02:55:25.355 +03:00 [INF] Executed DbCommand (1ms) [Parameters=[@userId='59da3500-6778-4c0a-aea5-50b46cf4745e'], CommandType='"Text"', CommandTimeout='30']
SELECT d."Id", d."CreatedAt", d."FullName", d."Phone", d."Status", d."UpdatedAt", d."UserId"
FROM "Drivers" AS d
WHERE d."UserId" = @userId
LIMIT 1
2026-09-27 02:55:25.363 +03:00 [INF] Executed DbCommand (1ms) [Parameters=[@driver_Id='81d5cbd2-d1d2-4d87-a9a8-021465f5c326'], CommandType='"Text"', CommandTimeout='30']
SELECT d."Id", d."Type", d."Amount", d."Direction", d."Reference", d."Description", d."CreatedAt"
FROM "DriverTransactions" AS d
WHERE d."DriverId" = @driver_Id
ORDER BY d."CreatedAt" DESC
2026-09-27 02:55:25.385 +03:00 [INF] HTTP GET /api/driver/financial/transactions responded 200 in 43.6771 ms
2026-09-27 02:56:17.447 +03:00 [INF] HTTP GET /api/admin/payments responded 404 in 0.2088 ms
2026-09-27 02:56:25.448 +03:00 [INF] HTTP GET /api/admin/payments responded 404 in 0.1021 ms
2026-09-27 02:56:58.381 +03:00 [INF] HTTP GET /api/admin/payments responded 404 in 0.1224 ms
2026-09-27 02:57:24.894 +03:00 [INF] Executed DbCommand (4ms) [Parameters=[], CommandType='"Text"', CommandTimeout='30']
SELECT o."Id", o."AddressId", o."CreatedAt", o."CustomerId", o."DeliveryFee", o."Discount", o."DriverId", o."IdempotencyKey", o."Notes", o."OrderNumber", o."PaymentMethod", o."PaymentStatus", o."Status", o."SubTotal", o."TotalAmount", o."UpdatedAt", p."Id", p."Amount", p."CreatedAt", p."Method", p."OrderId", p."RejectionReason", p."Status", p."UpdatedAt", p."VerifiedAt", p."VerifiedBy", c."Id", c."CreatedAt", c."FullName", c."ProfileImageKey", c."UpdatedAt", c."UserId", u."Id", u."CreatedAt", u."Email", u."FcmToken", u."IsActive", u."PasswordHash", u."Phone", u."Role", u."UpdatedAt"
FROM "Orders" AS o
LEFT JOIN "Payments" AS p ON o."Id" = p."OrderId"
INNER JOIN "Customers" AS c ON o."CustomerId" = c."Id"
INNER JOIN "Users" AS u ON c."UserId" = u."Id"
WHERE o."PaymentMethod" = 'ManualTransfer'
2026-09-27 02:57:24.992 +03:00 [INF] Executed DbCommand (4ms) [Parameters=[@ord_Payment_Id='01a0d044-a366-7343-b33f-8ed436946d8a'], CommandType='"Text"', CommandTimeout='30']
SELECT count(*)::int
FROM "PaymentReceipts" AS p
WHERE p."PaymentId" = @ord_Payment_Id
2026-09-27 02:57:25.075 +03:00 [ERR] Failed executing DbCommand (10ms) [Parameters=[], CommandType='"Text"', CommandTimeout='30']
SELECT p."Id", p."OrderId", o."OrderNumber", c."FullName", u."Phone", p."Amount", p."Method"::int, CASE
    WHEN p."Status" = 'Verified' THEN 'VERIFIED'
    WHEN p."Status" = 'Rejected' THEN 'REJECTED'
    ELSE 'PENDING'
END, p."Status"::int, p."RejectionReason", p."CreatedAt", o."Id", c."Id", u."Id", p0."Id", p0."Url", p0."StorageKey", p0."UploadedAt"
FROM "Payments" AS p
INNER JOIN "Orders" AS o ON p."OrderId" = o."Id"
INNER JOIN "Customers" AS c ON o."CustomerId" = c."Id"
INNER JOIN "Users" AS u ON c."UserId" = u."Id"
LEFT JOIN "PaymentReceipts" AS p0 ON p."Id" = p0."PaymentId"
ORDER BY p."CreatedAt" DESC, p."Id", o."Id", c."Id", u."Id"
2026-09-27 02:57:25.090 +03:00 [ERR] An exception occurred while iterating over the results of a query for context type 'BSStore.Infrastructure.Data.AppDbContext'.
Npgsql.PostgresException (0x80004005): 22P02: invalid input syntax for type integer: "ManualTransfer"
   at Npgsql.Internal.NpgsqlConnector.ReadMessageLong(Boolean async, DataRowLoadingMode dataRowLoadingMode, Boolean readingNotifications, Boolean isReadingPrependedMessage)
   at System.Runtime.CompilerServices.PoolingAsyncValueTaskMethodBuilder`1.StateMachineBox`1.System.Threading.Tasks.Sources.IValueTaskSource<TResult>.GetResult(Int16 token)
   at Npgsql.NpgsqlDataReader.NextResult(Boolean async, Boolean isConsuming, CancellationToken cancellationToken)
   at Npgsql.NpgsqlDataReader.NextResult(Boolean async, Boolean isConsuming, CancellationToken cancellationToken)
   at Npgsql.NpgsqlCommand.ExecuteReader(Boolean async, CommandBehavior behavior, CancellationToken cancellationToken)
   at Npgsql.NpgsqlCommand.ExecuteReader(Boolean async, CommandBehavior behavior, CancellationToken cancellationToken)
   at Npgsql.NpgsqlCommand.ExecuteDbDataReaderAsync(CommandBehavior behavior, CancellationToken cancellationToken)
   at Microsoft.EntityFrameworkCore.Storage.RelationalCommand.ExecuteReaderAsync(RelationalCommandParameterObject parameterObject, CancellationToken cancellationToken)
   at Microsoft.EntityFrameworkCore.Storage.RelationalCommand.ExecuteReaderAsync(RelationalCommandParameterObject parameterObject, CancellationToken cancellationToken)
   at Microsoft.EntityFrameworkCore.Query.Internal.SingleQueryingEnumerable`1.AsyncEnumerator.InitializeReaderAsync(AsyncEnumerator enumerator, CancellationToken cancellationToken)
   at Npgsql.EntityFrameworkCore.PostgreSQL.Storage.Internal.NpgsqlExecutionStrategy.ExecuteAsync[TState,TResult](TState state, Func`4 operation, Func`4 verifySucceeded, CancellationToken cancellationToken)
   at Microsoft.EntityFrameworkCore.Query.Internal.SingleQueryingEnumerable`1.AsyncEnumerator.MoveNextAsync()
  Exception data:
    Severity: ERROR
    SqlState: 22P02
    MessageText: invalid input syntax for type integer: "ManualTransfer"
    File: numutils.c
    Line: 619
    Routine: pg_strtoint32_safe
Npgsql.PostgresException (0x80004005): 22P02: invalid input syntax for type integer: "ManualTransfer"
   at Npgsql.Internal.NpgsqlConnector.ReadMessageLong(Boolean async, DataRowLoadingMode dataRowLoadingMode, Boolean readingNotifications, Boolean isReadingPrependedMessage)
   at System.Runtime.CompilerServices.PoolingAsyncValueTaskMethodBuilder`1.StateMachineBox`1.System.Threading.Tasks.Sources.IValueTaskSource<TResult>.GetResult(Int16 token)
   at Npgsql.NpgsqlDataReader.NextResult(Boolean async, Boolean isConsuming, CancellationToken cancellationToken)
   at Npgsql.NpgsqlDataReader.NextResult(Boolean async, Boolean isConsuming, CancellationToken cancellationToken)
   at Npgsql.NpgsqlCommand.ExecuteReader(Boolean async, CommandBehavior behavior, CancellationToken cancellationToken)
   at Npgsql.NpgsqlCommand.ExecuteReader(Boolean async, CommandBehavior behavior, CancellationToken cancellationToken)
   at Npgsql.NpgsqlCommand.ExecuteDbDataReaderAsync(CommandBehavior behavior, CancellationToken cancellationToken)
   at Microsoft.EntityFrameworkCore.Storage.RelationalCommand.ExecuteReaderAsync(RelationalCommandParameterObject parameterObject, CancellationToken cancellationToken)
   at Microsoft.EntityFrameworkCore.Storage.RelationalCommand.ExecuteReaderAsync(RelationalCommandParameterObject parameterObject, CancellationToken cancellationToken)
   at Microsoft.EntityFrameworkCore.Query.Internal.SingleQueryingEnumerable`1.AsyncEnumerator.InitializeReaderAsync(AsyncEnumerator enumerator, CancellationToken cancellationToken)
   at Npgsql.EntityFrameworkCore.PostgreSQL.Storage.Internal.NpgsqlExecutionStrategy.ExecuteAsync[TState,TResult](TState state, Func`4 operation, Func`4 verifySucceeded, CancellationToken cancellationToken)
   at Microsoft.EntityFrameworkCore.Query.Internal.SingleQueryingEnumerable`1.AsyncEnumerator.MoveNextAsync()
  Exception data:
    Severity: ERROR
    SqlState: 22P02
    MessageText: invalid input syntax for type integer: "ManualTransfer"
    File: numutils.c
    Line: 619
    Routine: pg_strtoint32_safe
2026-09-27 02:57:25.096 +03:00 [ERR] HTTP GET /api/admin/payments responded 500 in 244.5251 ms
Npgsql.PostgresException (0x80004005): 22P02: invalid input syntax for type integer: "ManualTransfer"
   at Npgsql.Internal.NpgsqlConnector.ReadMessageLong(Boolean async, DataRowLoadingMode dataRowLoadingMode, Boolean readingNotifications, Boolean isReadingPrependedMessage)
   at System.Runtime.CompilerServices.PoolingAsyncValueTaskMethodBuilder`1.StateMachineBox`1.System.Threading.Tasks.Sources.IValueTaskSource<TResult>.GetResult(Int16 token)
   at Npgsql.NpgsqlDataReader.NextResult(Boolean async, Boolean isConsuming, CancellationToken cancellationToken)
   at Npgsql.NpgsqlDataReader.NextResult(Boolean async, Boolean isConsuming, CancellationToken cancellationToken)
   at Npgsql.NpgsqlCommand.ExecuteReader(Boolean async, CommandBehavior behavior, CancellationToken cancellationToken)
   at Npgsql.NpgsqlCommand.ExecuteReader(Boolean async, CommandBehavior behavior, CancellationToken cancellationToken)
   at Npgsql.NpgsqlCommand.ExecuteDbDataReaderAsync(CommandBehavior behavior, CancellationToken cancellationToken)
   at Microsoft.EntityFrameworkCore.Storage.RelationalCommand.ExecuteReaderAsync(RelationalCommandParameterObject parameterObject, CancellationToken cancellationToken)
   at Microsoft.EntityFrameworkCore.Storage.RelationalCommand.ExecuteReaderAsync(RelationalCommandParameterObject parameterObject, CancellationToken cancellationToken)
   at Microsoft.EntityFrameworkCore.Query.Internal.SingleQueryingEnumerable`1.AsyncEnumerator.InitializeReaderAsync(AsyncEnumerator enumerator, CancellationToken cancellationToken)
   at Npgsql.EntityFrameworkCore.PostgreSQL.Storage.Internal.NpgsqlExecutionStrategy.ExecuteAsync[TState,TResult](TState state, Func`4 operation, Func`4 verifySucceeded, CancellationToken cancellationToken)
   at Microsoft.EntityFrameworkCore.Query.Internal.SingleQueryingEnumerable`1.AsyncEnumerator.MoveNextAsync()
   at Microsoft.EntityFrameworkCore.EntityFrameworkQueryableExtensions.ToListAsync[TSource](IQueryable`1 source, CancellationToken cancellationToken)
   at Microsoft.EntityFrameworkCore.EntityFrameworkQueryableExtensions.ToListAsync[TSource](IQueryable`1 source, CancellationToken cancellationToken)
   at BSStore.API.Controllers.AdminController.GetPayments(String status, CancellationToken ct)
   at Microsoft.AspNetCore.Mvc.Infrastructure.ActionMethodExecutor.TaskOfIActionResultExecutor.Execute(ActionContext actionContext, IActionResultTypeMapper mapper, ObjectMethodExecutor executor, Object controller, Object[] arguments)
   at Microsoft.AspNetCore.Mvc.Infrastructure.ControllerActionInvoker.<InvokeActionMethodAsync>g__Awaited|12_0(ControllerActionInvoker invoker, ValueTask`1 actionResultValueTask)
   at Microsoft.AspNetCore.Mvc.Infrastructure.ControllerActionInvoker.<InvokeNextActionFilterAsync>g__Awaited|10_0(ControllerActionInvoker invoker, Task lastTask, State next, Scope scope, Object state, Boolean isCompleted)
   at Microsoft.AspNetCore.Mvc.Infrastructure.ControllerActionInvoker.Rethrow(ActionExecutedContextSealed context)
   at Microsoft.AspNetCore.Mvc.Infrastructure.ControllerActionInvoker.Next(State& next, Scope& scope, Object& state, Boolean& isCompleted)
   at Microsoft.AspNetCore.Mvc.Infrastructure.ControllerActionInvoker.<InvokeInnerFilterAsync>g__Awaited|13_0(ControllerActionInvoker invoker, Task lastTask, State next, Scope scope, Object state, Boolean isCompleted)
   at Microsoft.AspNetCore.Mvc.Infrastructure.ResourceInvoker.<InvokeFilterPipelineAsync>g__Awaited|20_0(ResourceInvoker invoker, Task lastTask, State next, Scope scope, Object state, Boolean isCompleted)
   at Microsoft.AspNetCore.Mvc.Infrastructure.ResourceInvoker.<InvokeAsync>g__Awaited|17_0(ResourceInvoker invoker, Task task, IDisposable scope)
   at Microsoft.AspNetCore.Mvc.Infrastructure.ResourceInvoker.<InvokeAsync>g__Awaited|17_0(ResourceInvoker invoker, Task task, IDisposable scope)
   at Microsoft.AspNetCore.Authorization.AuthorizationMiddleware.Invoke(HttpContext context)
   at Microsoft.AspNetCore.Authentication.AuthenticationMiddleware.Invoke(HttpContext context)
   at Microsoft.AspNetCore.RateLimiting.RateLimitingMiddleware.InvokeInternal(HttpContext context, EnableRateLimitingAttribute enableRateLimitingAttribute)
   at Swashbuckle.AspNetCore.SwaggerUI.SwaggerUIMiddleware.Invoke(HttpContext httpContext)
   at Swashbuckle.AspNetCore.Swagger.SwaggerMiddleware.Invoke(HttpContext httpContext, ISwaggerProvider swaggerProvider)
   at Serilog.AspNetCore.RequestLoggingMiddleware.Invoke(HttpContext httpContext)
  Exception data:
    Severity: ERROR
    SqlState: 22P02
    MessageText: invalid input syntax for type integer: "ManualTransfer"
    File: numutils.c
    Line: 619
    Routine: pg_strtoint32_safe
2026-09-27 02:57:25.105 +03:00 [ERR] Unhandled exception: 22P02: invalid input syntax for type integer: "ManualTransfer"
Npgsql.PostgresException (0x80004005): 22P02: invalid input syntax for type integer: "ManualTransfer"
   at Npgsql.Internal.NpgsqlConnector.ReadMessageLong(Boolean async, DataRowLoadingMode dataRowLoadingMode, Boolean readingNotifications, Boolean isReadingPrependedMessage)
   at System.Runtime.CompilerServices.PoolingAsyncValueTaskMethodBuilder`1.StateMachineBox`1.System.Threading.Tasks.Sources.IValueTaskSource<TResult>.GetResult(Int16 token)
   at Npgsql.NpgsqlDataReader.NextResult(Boolean async, Boolean isConsuming, CancellationToken cancellationToken)
   at Npgsql.NpgsqlDataReader.NextResult(Boolean async, Boolean isConsuming, CancellationToken cancellationToken)
   at Npgsql.NpgsqlCommand.ExecuteReader(Boolean async, CommandBehavior behavior, CancellationToken cancellationToken)
   at Npgsql.NpgsqlCommand.ExecuteReader(Boolean async, CommandBehavior behavior, CancellationToken cancellationToken)
   at Npgsql.NpgsqlCommand.ExecuteDbDataReaderAsync(CommandBehavior behavior, CancellationToken cancellationToken)
   at Microsoft.EntityFrameworkCore.Storage.RelationalCommand.ExecuteReaderAsync(RelationalCommandParameterObject parameterObject, CancellationToken cancellationToken)
   at Microsoft.EntityFrameworkCore.Storage.RelationalCommand.ExecuteReaderAsync(RelationalCommandParameterObject parameterObject, CancellationToken cancellationToken)
   at Microsoft.EntityFrameworkCore.Query.Internal.SingleQueryingEnumerable`1.AsyncEnumerator.InitializeReaderAsync(AsyncEnumerator enumerator, CancellationToken cancellationToken)
   at Npgsql.EntityFrameworkCore.PostgreSQL.Storage.Internal.NpgsqlExecutionStrategy.ExecuteAsync[TState,TResult](TState state, Func`4 operation, Func`4 verifySucceeded, CancellationToken cancellationToken)
   at Microsoft.EntityFrameworkCore.Query.Internal.SingleQueryingEnumerable`1.AsyncEnumerator.MoveNextAsync()
   at Microsoft.EntityFrameworkCore.EntityFrameworkQueryableExtensions.ToListAsync[TSource](IQueryable`1 source, CancellationToken cancellationToken)
   at Microsoft.EntityFrameworkCore.EntityFrameworkQueryableExtensions.ToListAsync[TSource](IQueryable`1 source, CancellationToken cancellationToken)
   at BSStore.API.Controllers.AdminController.GetPayments(String status, CancellationToken ct)
   at Microsoft.AspNetCore.Mvc.Infrastructure.ActionMethodExecutor.TaskOfIActionResultExecutor.Execute(ActionContext actionContext, IActionResultTypeMapper mapper, ObjectMethodExecutor executor, Object controller, Object[] arguments)
   at Microsoft.AspNetCore.Mvc.Infrastructure.ControllerActionInvoker.<InvokeActionMethodAsync>g__Awaited|12_0(ControllerActionInvoker invoker, ValueTask`1 actionResultValueTask)
   at Microsoft.AspNetCore.Mvc.Infrastructure.ControllerActionInvoker.<InvokeNextActionFilterAsync>g__Awaited|10_0(ControllerActionInvoker invoker, Task lastTask, State next, Scope scope, Object state, Boolean isCompleted)
   at Microsoft.AspNetCore.Mvc.Infrastructure.ControllerActionInvoker.Rethrow(ActionExecutedContextSealed context)
   at Microsoft.AspNetCore.Mvc.Infrastructure.ControllerActionInvoker.Next(State& next, Scope& scope, Object& state, Boolean& isCompleted)
   at Microsoft.AspNetCore.Mvc.Infrastructure.ControllerActionInvoker.<InvokeInnerFilterAsync>g__Awaited|13_0(ControllerActionInvoker invoker, Task lastTask, State next, Scope scope, Object state, Boolean isCompleted)
   at Microsoft.AspNetCore.Mvc.Infrastructure.ResourceInvoker.<InvokeFilterPipelineAsync>g__Awaited|20_0(ResourceInvoker invoker, Task lastTask, State next, Scope scope, Object state, Boolean isCompleted)
   at Microsoft.AspNetCore.Mvc.Infrastructure.ResourceInvoker.<InvokeAsync>g__Awaited|17_0(ResourceInvoker invoker, Task task, IDisposable scope)
   at Microsoft.AspNetCore.Mvc.Infrastructure.ResourceInvoker.<InvokeAsync>g__Awaited|17_0(ResourceInvoker invoker, Task task, IDisposable scope)
   at Microsoft.AspNetCore.Authorization.AuthorizationMiddleware.Invoke(HttpContext context)
   at Microsoft.AspNetCore.Authentication.AuthenticationMiddleware.Invoke(HttpContext context)
   at Microsoft.AspNetCore.RateLimiting.RateLimitingMiddleware.InvokeInternal(HttpContext context, EnableRateLimitingAttribute enableRateLimitingAttribute)
   at Swashbuckle.AspNetCore.SwaggerUI.SwaggerUIMiddleware.Invoke(HttpContext httpContext)
   at Swashbuckle.AspNetCore.Swagger.SwaggerMiddleware.Invoke(HttpContext httpContext, ISwaggerProvider swaggerProvider)
   at Serilog.AspNetCore.RequestLoggingMiddleware.Invoke(HttpContext httpContext)
   at BSStore.API.Middleware.ExceptionHandlingMiddleware.InvokeAsync(HttpContext context)
  Exception data:
    Severity: ERROR
    SqlState: 22P02
    MessageText: invalid input syntax for type integer: "ManualTransfer"
    File: numutils.c
    Line: 619
    Routine: pg_strtoint32_safe
2026-09-27 02:57:25.164 +03:00 [WRN] Compiling a query which loads related collections for more than one collection navigation, either via 'Include' or through projection, but no 'QuerySplittingBehavior' has been configured. By default, Entity Framework will use 'QuerySplittingBehavior.SingleQuery', which can potentially result in slow query performance. See https://go.microsoft.com/fwlink/?linkid=2134277 for more information. To identify the query that's triggering this warning call 'ConfigureWarnings(w => w.Throw(RelationalEventId.MultipleCollectionIncludeWarning))'.
2026-09-27 02:57:25.205 +03:00 [INF] Executed DbCommand (3ms) [Parameters=[], CommandType='"Text"', CommandTimeout='30']
SELECT o."Id", o."AddressId", o."CreatedAt", o."CustomerId", o."DeliveryFee", o."Discount", o."DriverId", o."IdempotencyKey", o."Notes", o."OrderNumber", o."PaymentMethod", o."PaymentStatus", o."Status", o."SubTotal", o."TotalAmount", o."UpdatedAt", d."Id", d."CreatedAt", d."FullName", d."Phone", d."Status", d."UpdatedAt", d."UserId", s2."Id", s2."ActualPurchaseCost", s2."CreatedAt", s2."ExpectedPurchaseCost", s2."Notes", s2."OrderId", s2."Status", s2."StoreId", s2."SubTotal", s2."UpdatedAt", s2."Id0", s2."Address", s2."CreatedAt0", s2."ImageKey", s2."IsActive", s2."Latitude", s2."Longitude", s2."Name", s2."Phone", s2."UpdatedAt0", s2."Id1", s2."ActualPurchasePrice", s2."CreatedAt1", s2."ExpectedProfitSnapshot", s2."ExpectedPurchasePriceSnapshot", s2."ProductId", s2."ProductNameSnapshot", s2."Quantity", s2."SellingPriceSnapshot", s2."SubOrderId", s2."TotalSellingPrice", s2."UpdatedAt1"
FROM "Orders" AS o
LEFT JOIN "Drivers" AS d ON o."DriverId" = d."Id"
LEFT JOIN (
    SELECT s0."Id", s0."ActualPurchaseCost", s0."CreatedAt", s0."ExpectedPurchaseCost", s0."Notes", s0."OrderId", s0."Status", s0."StoreId", s0."SubTotal", s0."UpdatedAt", s1."Id" AS "Id0", s1."Address", s1."CreatedAt" AS "CreatedAt0", s1."ImageKey", s1."IsActive", s1."Latitude", s1."Longitude", s1."Name", s1."Phone", s1."UpdatedAt" AS "UpdatedAt0", o0."Id" AS "Id1", o0."ActualPurchasePrice", o0."CreatedAt" AS "CreatedAt1", o0."ExpectedProfitSnapshot", o0."ExpectedPurchasePriceSnapshot", o0."ProductId", o0."ProductNameSnapshot", o0."Quantity", o0."SellingPriceSnapshot", o0."SubOrderId", o0."TotalSellingPrice", o0."UpdatedAt" AS "UpdatedAt1"
    FROM "SubOrders" AS s0
    INNER JOIN "Stores" AS s1 ON s0."StoreId" = s1."Id"
    LEFT JOIN "OrderItems" AS o0 ON s0."Id" = o0."SubOrderId"
) AS s2 ON o."Id" = s2."OrderId"
WHERE o."DriverId" IS NOT NULL OR EXISTS (
    SELECT 1
    FROM "SubOrders" AS s
    WHERE o."Id" = s."OrderId")
ORDER BY o."CreatedAt" DESC, o."Id", d."Id", s2."Id", s2."Id0"
2026-09-27 02:57:25.225 +03:00 [INF] HTTP GET /api/admin/invoices responded 200 in 87.9455 ms
2026-09-27 02:58:38.115 +03:00 [INF] Executed DbCommand (1ms) [Parameters=[], CommandType='"Text"', CommandTimeout='30']
SELECT o."Id", o."AddressId", o."CreatedAt", o."CustomerId", o."DeliveryFee", o."Discount", o."DriverId", o."IdempotencyKey", o."Notes", o."OrderNumber", o."PaymentMethod", o."PaymentStatus", o."Status", o."SubTotal", o."TotalAmount", o."UpdatedAt", p."Id", p."Amount", p."CreatedAt", p."Method", p."OrderId", p."RejectionReason", p."Status", p."UpdatedAt", p."VerifiedAt", p."VerifiedBy", c."Id", c."CreatedAt", c."FullName", c."ProfileImageKey", c."UpdatedAt", c."UserId", u."Id", u."CreatedAt", u."Email", u."FcmToken", u."IsActive", u."PasswordHash", u."Phone", u."Role", u."UpdatedAt"
FROM "Orders" AS o
LEFT JOIN "Payments" AS p ON o."Id" = p."OrderId"
INNER JOIN "Customers" AS c ON o."CustomerId" = c."Id"
INNER JOIN "Users" AS u ON c."UserId" = u."Id"
WHERE o."PaymentMethod" = 'ManualTransfer'
2026-09-27 02:58:38.117 +03:00 [INF] Executed DbCommand (1ms) [Parameters=[@ord_Payment_Id='01a0d044-a366-7343-b33f-8ed436946d8a'], CommandType='"Text"', CommandTimeout='30']
SELECT count(*)::int
FROM "PaymentReceipts" AS p
WHERE p."PaymentId" = @ord_Payment_Id
2026-09-27 02:58:38.165 +03:00 [INF] Executed DbCommand (2ms) [Parameters=[], CommandType='"Text"', CommandTimeout='30']
SELECT p."Id", p."Amount", p."CreatedAt", p."Method", p."OrderId", p."RejectionReason", p."Status", p."UpdatedAt", p."VerifiedAt", p."VerifiedBy", o."Id", o."AddressId", o."CreatedAt", o."CustomerId", o."DeliveryFee", o."Discount", o."DriverId", o."IdempotencyKey", o."Notes", o."OrderNumber", o."PaymentMethod", o."PaymentStatus", o."Status", o."SubTotal", o."TotalAmount", o."UpdatedAt", c."Id", c."CreatedAt", c."FullName", c."ProfileImageKey", c."UpdatedAt", c."UserId", u."Id", u."CreatedAt", u."Email", u."FcmToken", u."IsActive", u."PasswordHash", u."Phone", u."Role", u."UpdatedAt", p0."Id", p0."CreatedAt", p0."FileSize", p0."MimeType", p0."PaymentId", p0."StorageKey", p0."UpdatedAt", p0."UploadedAt", p0."Url"
FROM "Payments" AS p
INNER JOIN "Orders" AS o ON p."OrderId" = o."Id"
INNER JOIN "Customers" AS c ON o."CustomerId" = c."Id"
INNER JOIN "Users" AS u ON c."UserId" = u."Id"
LEFT JOIN "PaymentReceipts" AS p0 ON p."Id" = p0."PaymentId"
ORDER BY p."CreatedAt" DESC, p."Id", o."Id", c."Id", u."Id"
2026-09-27 02:58:38.197 +03:00 [INF] HTTP GET /api/admin/payments responded 200 in 95.5659 ms
2026-09-27 03:02:07.468 +03:00 [INF] Executed DbCommand (9ms) [Parameters=[], CommandType='"Text"', CommandTimeout='30']
SELECT o."Id", o."AddressId", o."CreatedAt", o."CustomerId", o."DeliveryFee", o."Discount", o."DriverId", o."IdempotencyKey", o."Notes", o."OrderNumber", o."PaymentMethod", o."PaymentStatus", o."Status", o."SubTotal", o."TotalAmount", o."UpdatedAt", p."Id", p."Amount", p."CreatedAt", p."Method", p."OrderId", p."RejectionReason", p."Status", p."UpdatedAt", p."VerifiedAt", p."VerifiedBy", c."Id", c."CreatedAt", c."FullName", c."ProfileImageKey", c."UpdatedAt", c."UserId", u."Id", u."CreatedAt", u."Email", u."FcmToken", u."IsActive", u."PasswordHash", u."Phone", u."Role", u."UpdatedAt"
FROM "Orders" AS o
LEFT JOIN "Payments" AS p ON o."Id" = p."OrderId"
INNER JOIN "Customers" AS c ON o."CustomerId" = c."Id"
INNER JOIN "Users" AS u ON c."UserId" = u."Id"
WHERE o."PaymentMethod" = 'ManualTransfer'
2026-09-27 03:02:07.474 +03:00 [INF] Executed DbCommand (3ms) [Parameters=[@ord_Payment_Id='01a0d044-a366-7343-b33f-8ed436946d8a'], CommandType='"Text"', CommandTimeout='30']
SELECT count(*)::int
FROM "PaymentReceipts" AS p
WHERE p."PaymentId" = @ord_Payment_Id
2026-09-27 03:02:07.478 +03:00 [INF] Executed DbCommand (3ms) [Parameters=[], CommandType='"Text"', CommandTimeout='30']
SELECT p."Id", p."Amount", p."CreatedAt", p."Method", p."OrderId", p."RejectionReason", p."Status", p."UpdatedAt", p."VerifiedAt", p."VerifiedBy", o."Id", o."AddressId", o."CreatedAt", o."CustomerId", o."DeliveryFee", o."Discount", o."DriverId", o."IdempotencyKey", o."Notes", o."OrderNumber", o."PaymentMethod", o."PaymentStatus", o."Status", o."SubTotal", o."TotalAmount", o."UpdatedAt", c."Id", c."CreatedAt", c."FullName", c."ProfileImageKey", c."UpdatedAt", c."UserId", u."Id", u."CreatedAt", u."Email", u."FcmToken", u."IsActive", u."PasswordHash", u."Phone", u."Role", u."UpdatedAt", p0."Id", p0."CreatedAt", p0."FileSize", p0."MimeType", p0."PaymentId", p0."StorageKey", p0."UpdatedAt", p0."UploadedAt", p0."Url"
FROM "Payments" AS p
INNER JOIN "Orders" AS o ON p."OrderId" = o."Id"
INNER JOIN "Customers" AS c ON o."CustomerId" = c."Id"
INNER JOIN "Users" AS u ON c."UserId" = u."Id"
LEFT JOIN "PaymentReceipts" AS p0 ON p."Id" = p0."PaymentId"
ORDER BY p."CreatedAt" DESC, p."Id", o."Id", c."Id", u."Id"
2026-09-27 03:02:07.479 +03:00 [INF] HTTP GET /api/admin/payments responded 200 in 95.1097 ms
2026-09-27 03:02:07.542 +03:00 [INF] Executed DbCommand (30ms) [Parameters=[], CommandType='"Text"', CommandTimeout='30']
SELECT o."Id", o."AddressId", o."CreatedAt", o."CustomerId", o."DeliveryFee", o."Discount", o."DriverId", o."IdempotencyKey", o."Notes", o."OrderNumber", o."PaymentMethod", o."PaymentStatus", o."Status", o."SubTotal", o."TotalAmount", o."UpdatedAt", d."Id", d."CreatedAt", d."FullName", d."Phone", d."Status", d."UpdatedAt", d."UserId", s2."Id", s2."ActualPurchaseCost", s2."CreatedAt", s2."ExpectedPurchaseCost", s2."Notes", s2."OrderId", s2."Status", s2."StoreId", s2."SubTotal", s2."UpdatedAt", s2."Id0", s2."Address", s2."CreatedAt0", s2."ImageKey", s2."IsActive", s2."Latitude", s2."Longitude", s2."Name", s2."Phone", s2."UpdatedAt0", s2."Id1", s2."ActualPurchasePrice", s2."CreatedAt1", s2."ExpectedProfitSnapshot", s2."ExpectedPurchasePriceSnapshot", s2."ProductId", s2."ProductNameSnapshot", s2."Quantity", s2."SellingPriceSnapshot", s2."SubOrderId", s2."TotalSellingPrice", s2."UpdatedAt1"
FROM "Orders" AS o
LEFT JOIN "Drivers" AS d ON o."DriverId" = d."Id"
LEFT JOIN (
    SELECT s0."Id", s0."ActualPurchaseCost", s0."CreatedAt", s0."ExpectedPurchaseCost", s0."Notes", s0."OrderId", s0."Status", s0."StoreId", s0."SubTotal", s0."UpdatedAt", s1."Id" AS "Id0", s1."Address", s1."CreatedAt" AS "CreatedAt0", s1."ImageKey", s1."IsActive", s1."Latitude", s1."Longitude", s1."Name", s1."Phone", s1."UpdatedAt" AS "UpdatedAt0", o0."Id" AS "Id1", o0."ActualPurchasePrice", o0."CreatedAt" AS "CreatedAt1", o0."ExpectedProfitSnapshot", o0."ExpectedPurchasePriceSnapshot", o0."ProductId", o0."ProductNameSnapshot", o0."Quantity", o0."SellingPriceSnapshot", o0."SubOrderId", o0."TotalSellingPrice", o0."UpdatedAt" AS "UpdatedAt1"
    FROM "SubOrders" AS s0
    INNER JOIN "Stores" AS s1 ON s0."StoreId" = s1."Id"
    LEFT JOIN "OrderItems" AS o0 ON s0."Id" = o0."SubOrderId"
) AS s2 ON o."Id" = s2."OrderId"
WHERE o."DriverId" IS NOT NULL OR EXISTS (
    SELECT 1
    FROM "SubOrders" AS s
    WHERE o."Id" = s."OrderId")
ORDER BY o."CreatedAt" DESC, o."Id", d."Id", s2."Id", s2."Id0"
2026-09-27 03:02:07.547 +03:00 [INF] HTTP GET /api/admin/invoices responded 200 in 44.7246 ms
2026-09-27 03:58:30.618 +03:00 [WRN] Entity 'Product' has a global query filter defined and is the required end of a relationship with the entity 'CartItem'. This may lead to unexpected results when the required entity is filtered out. Either configure the navigation as optional, or define matching query filters for both entities in the navigation. See https://go.microsoft.com/fwlink/?linkid=2131316 for more information.
2026-09-27 03:58:30.688 +03:00 [WRN] Entity 'Product' has a global query filter defined and is the required end of a relationship with the entity 'InventoryTransaction'. This may lead to unexpected results when the required entity is filtered out. Either configure the navigation as optional, or define matching query filters for both entities in the navigation. See https://go.microsoft.com/fwlink/?linkid=2131316 for more information.
2026-09-27 03:58:30.688 +03:00 [WRN] Entity 'Product' has a global query filter defined and is the required end of a relationship with the entity 'ProductImage'. This may lead to unexpected results when the required entity is filtered out. Either configure the navigation as optional, or define matching query filters for both entities in the navigation. See https://go.microsoft.com/fwlink/?linkid=2131316 for more information.
2026-09-27 03:58:30.697 +03:00 [WRN] Sensitive data logging is enabled. Log entries and exception messages may include sensitive application data; this mode should only be enabled during development.
2026-09-27 03:58:31.423 +03:00 [INF] Executed DbCommand (78ms) [Parameters=[], CommandType='"Text"', CommandTimeout='30']
SELECT "MigrationId", "ProductVersion"
FROM "__EFMigrationsHistory"
ORDER BY "MigrationId";
2026-09-27 03:58:31.994 +03:00 [INF] Executed DbCommand (10ms) [Parameters=[], CommandType='"Text"', CommandTimeout='30']
SELECT 1
2026-09-27 03:58:32.086 +03:00 [INF] Executed DbCommand (10ms) [Parameters=[], CommandType='"Text"', CommandTimeout='30']
CREATE TABLE IF NOT EXISTS "__EFMigrationsHistory" (
    "MigrationId" character varying(150) NOT NULL,
    "ProductVersion" character varying(32) NOT NULL,
    CONSTRAINT "PK___EFMigrationsHistory" PRIMARY KEY ("MigrationId")
);
2026-09-27 03:58:32.110 +03:00 [INF] Executed DbCommand (2ms) [Parameters=[], CommandType='"Text"', CommandTimeout='30']
LOCK TABLE "__EFMigrationsHistory" IN ACCESS EXCLUSIVE MODE
2026-09-27 03:58:32.114 +03:00 [INF] Executed DbCommand (2ms) [Parameters=[], CommandType='"Text"', CommandTimeout='30']
SELECT "MigrationId", "ProductVersion"
FROM "__EFMigrationsHistory"
ORDER BY "MigrationId";
2026-09-27 03:58:32.125 +03:00 [INF] Database migration applied successfully.
2026-09-27 03:58:32.345 +03:00 [WRN] The query uses the 'First'/'FirstOrDefault' operator without 'OrderBy' and filter operators. This may lead to unpredictable results.
2026-09-27 03:58:32.540 +03:00 [INF] Executed DbCommand (4ms) [Parameters=[], CommandType='"Text"', CommandTimeout='30']
SELECT d."Id", d."BaseDistanceKm", d."BaseFee", d."FreeDeliveryRadius", d."IsEnabled", d."PerKmFee", d."UpdatedAt", d."UpdatedBy"
FROM "DeliverySettings" AS d
LIMIT 1
2026-09-27 03:58:32.794 +03:00 [INF] Executed DbCommand (2ms) [Parameters=[], CommandType='"Text"', CommandTimeout='30']
SELECT EXISTS (
    SELECT 1
    FROM "PaymentSettings" AS p)
2026-09-27 03:58:32.805 +03:00 [INF] Executed DbCommand (3ms) [Parameters=[], CommandType='"Text"', CommandTimeout='30']
SELECT EXISTS (
    SELECT 1
    FROM "CancellationReasons" AS c)
2026-09-27 03:58:32.886 +03:00 [INF] Executed DbCommand (16ms) [Parameters=[@adminPhone='777000000'], CommandType='"Text"', CommandTimeout='30']
SELECT EXISTS (
    SELECT 1
    FROM "Users" AS u
    WHERE u."Phone" = @adminPhone)
2026-09-27 03:58:32.893 +03:00 [INF] Executed DbCommand (1ms) [Parameters=[@driverPhone='777000222'], CommandType='"Text"', CommandTimeout='30']
SELECT EXISTS (
    SELECT 1
    FROM "Users" AS u
    WHERE u."Phone" = @driverPhone)
2026-09-27 03:58:32.901 +03:00 [INF] Executed DbCommand (2ms) [Parameters=[], CommandType='"Text"', CommandTimeout='30']
SELECT EXISTS (
    SELECT 1
    FROM "Categories" AS c)
2026-09-27 03:58:32.910 +03:00 [INF] BS Store API starting on Development
2026-09-27 04:02:21.035 +03:00 [INF] Executed DbCommand (3ms) [Parameters=[], CommandType='"Text"', CommandTimeout='30']
SELECT s."Id", s."Name", s."Phone", s."Address", s."Latitude", s."Longitude", s."ImageKey", s."IsActive"
FROM "Stores" AS s
WHERE s."IsActive"
ORDER BY s."Name"
2026-09-27 04:02:21.093 +03:00 [INF] HTTP GET /api/stores responded 200 in 215.3567 ms
2026-09-27 04:03:27.439 +03:00 [INF] Executed DbCommand (5ms) [Parameters=[], CommandType='"Text"', CommandTimeout='30']
SELECT count(*)::int
FROM "Products" AS p
WHERE NOT (p."IsDeleted") AND p."IsActive"
2026-09-27 04:03:27.568 +03:00 [INF] Executed DbCommand (10ms) [Parameters=[@p0='20', @p='0'], CommandType='"Text"', CommandTimeout='30']
SELECT p0."Id", p0."Name", p0."Description", p0."CategoryId", c."Name", p0."StoreId", s."Name", p0."SourceType", p0."SellingPrice", i."Quantity", p0."IsActive", c."Id", s."Id", i."Id", p1."ImageKey", p1."Id"
FROM (
    SELECT p."Id", p."CategoryId", p."CreatedAt", p."Description", p."IsActive", p."Name", p."SellingPrice", p."SourceType", p."StoreId"
    FROM "Products" AS p
    WHERE NOT (p."IsDeleted") AND p."IsActive"
    ORDER BY p."CreatedAt" DESC
    LIMIT @p0 OFFSET @p
) AS p0
INNER JOIN "Categories" AS c ON p0."CategoryId" = c."Id"
INNER JOIN "Stores" AS s ON p0."StoreId" = s."Id"
LEFT JOIN "Inventories" AS i ON p0."Id" = i."ProductId"
LEFT JOIN "ProductImages" AS p1 ON p0."Id" = p1."ProductId"
ORDER BY p0."CreatedAt" DESC, p0."Id", c."Id", s."Id", i."Id", p1."SortOrder"
2026-09-27 04:03:27.609 +03:00 [INF] HTTP GET /api/products responded 200 in 302.3881 ms
2026-09-27 04:09:04.790 +03:00 [INF] Executed DbCommand (66ms) [Parameters=[], CommandType='"Text"', CommandTimeout='30']
SELECT s."Id", s."Name", s."Phone", s."Address", s."Latitude", s."Longitude", s."ImageKey", s."IsActive"
FROM "Stores" AS s
WHERE s."IsActive"
ORDER BY s."Name"
2026-09-27 04:09:04.792 +03:00 [INF] HTTP GET /api/stores responded 200 in 143.1285 ms
2026-09-27 04:09:12.637 +03:00 [INF] Executed DbCommand (3ms) [Parameters=[], CommandType='"Text"', CommandTimeout='30']
SELECT s."Id", s."Name", s."Phone", s."Address", s."Latitude", s."Longitude", s."ImageKey", s."IsActive"
FROM "Stores" AS s
WHERE s."IsActive"
ORDER BY s."Name"
2026-09-27 04:09:12.638 +03:00 [INF] HTTP GET /api/stores responded 200 in 5.1537 ms
2026-09-27 04:09:36.784 +03:00 [INF] HTTP POST /api/auth/login responded 400 in 47.4279 ms
2026-09-27 04:10:01.722 +03:00 [INF] Executed DbCommand (14ms) [Parameters=[@request_Phone='779999999'], CommandType='"Text"', CommandTimeout='30']
SELECT u."Id", u."CreatedAt", u."Email", u."FcmToken", u."IsActive", u."PasswordHash", u."Phone", u."Role", u."UpdatedAt", c."Id", c."CreatedAt", c."FullName", c."ProfileImageKey", c."UpdatedAt", c."UserId", d."Id", d."CreatedAt", d."FullName", d."Phone", d."Status", d."UpdatedAt", d."UserId"
FROM "Users" AS u
LEFT JOIN "Customers" AS c ON u."Id" = c."UserId"
LEFT JOIN "Drivers" AS d ON u."Id" = d."UserId"
WHERE u."Phone" = @request_Phone
LIMIT 1
2026-09-27 04:10:01.724 +03:00 [ERR] HTTP POST /api/auth/login responded 500 in 55.4454 ms
BSStore.Domain.Exceptions.BusinessRuleException: رقم الهاتف أو كلمة المرور غير صحيحة.
   at BSStore.Infrastructure.Services.AuthService.LoginAsync(LoginRequest request, CancellationToken ct) in d:\MyProjects\BS_Store\backend\src\BSStore.Infrastructure\Services\AuthService.cs:line 86
   at BSStore.API.Controllers.AuthController.Login(LoginRequest request, CancellationToken ct) in d:\MyProjects\BS_Store\backend\src\BSStore.API\Controllers\AuthController.cs:line 38
   at Microsoft.AspNetCore.Mvc.Infrastructure.ActionMethodExecutor.TaskOfIActionResultExecutor.Execute(ActionContext actionContext, IActionResultTypeMapper mapper, ObjectMethodExecutor executor, Object controller, Object[] arguments)
   at Microsoft.AspNetCore.Mvc.Infrastructure.ControllerActionInvoker.<InvokeActionMethodAsync>g__Awaited|12_0(ControllerActionInvoker invoker, ValueTask`1 actionResultValueTask)
   at Microsoft.AspNetCore.Mvc.Infrastructure.ControllerActionInvoker.<InvokeNextActionFilterAsync>g__Awaited|10_0(ControllerActionInvoker invoker, Task lastTask, State next, Scope scope, Object state, Boolean isCompleted)
   at Microsoft.AspNetCore.Mvc.Infrastructure.ControllerActionInvoker.Rethrow(ActionExecutedContextSealed context)
   at Microsoft.AspNetCore.Mvc.Infrastructure.ControllerActionInvoker.Next(State& next, Scope& scope, Object& state, Boolean& isCompleted)
   at Microsoft.AspNetCore.Mvc.Infrastructure.ControllerActionInvoker.<InvokeInnerFilterAsync>g__Awaited|13_0(ControllerActionInvoker invoker, Task lastTask, State next, Scope scope, Object state, Boolean isCompleted)
   at Microsoft.AspNetCore.Mvc.Infrastructure.ResourceInvoker.<InvokeFilterPipelineAsync>g__Awaited|20_0(ResourceInvoker invoker, Task lastTask, State next, Scope scope, Object state, Boolean isCompleted)
   at Microsoft.AspNetCore.Mvc.Infrastructure.ResourceInvoker.<InvokeAsync>g__Awaited|17_0(ResourceInvoker invoker, Task task, IDisposable scope)
   at Microsoft.AspNetCore.Mvc.Infrastructure.ResourceInvoker.<InvokeAsync>g__Awaited|17_0(ResourceInvoker invoker, Task task, IDisposable scope)
   at Microsoft.AspNetCore.Authorization.AuthorizationMiddleware.Invoke(HttpContext context)
   at Microsoft.AspNetCore.Authentication.AuthenticationMiddleware.Invoke(HttpContext context)
   at Microsoft.AspNetCore.RateLimiting.RateLimitingMiddleware.InvokeInternal(HttpContext context, EnableRateLimitingAttribute enableRateLimitingAttribute)
   at Swashbuckle.AspNetCore.SwaggerUI.SwaggerUIMiddleware.Invoke(HttpContext httpContext)
   at Swashbuckle.AspNetCore.Swagger.SwaggerMiddleware.Invoke(HttpContext httpContext, ISwaggerProvider swaggerProvider)
   at Serilog.AspNetCore.RequestLoggingMiddleware.Invoke(HttpContext httpContext)
2026-09-27 04:10:01.743 +03:00 [WRN] Business exception [INVALID_CREDENTIALS]: رقم الهاتف أو كلمة المرور غير صحيحة.
2026-09-27 04:10:01.759 +03:00 [INF] Executed DbCommand (1ms) [Parameters=[@request_Phone='778123456'], CommandType='"Text"', CommandTimeout='30']
SELECT u."Id", u."CreatedAt", u."Email", u."FcmToken", u."IsActive", u."PasswordHash", u."Phone", u."Role", u."UpdatedAt", c."Id", c."CreatedAt", c."FullName", c."ProfileImageKey", c."UpdatedAt", c."UserId", d."Id", d."CreatedAt", d."FullName", d."Phone", d."Status", d."UpdatedAt", d."UserId"
FROM "Users" AS u
LEFT JOIN "Customers" AS c ON u."Id" = c."UserId"
LEFT JOIN "Drivers" AS d ON u."Id" = d."UserId"
WHERE u."Phone" = @request_Phone
LIMIT 1
2026-09-27 04:10:02.856 +03:00 [INF] Executed DbCommand (12ms) [Parameters=[@p0='01a0e069-74d5-703b-8ff0-8c7d44d7e014', @p1='2026-09-27T01:10:02.6909427Z' (DbType = DateTime), @p2='2026-10-27T01:10:02.6905263Z' (DbType = DateTime), @p3='False', @p4='9bXYabER3buwttu3auyAYvGIz7yCP2sCCwN8QzEFq6U=' (Nullable = false), @p5='2026-09-27T01:10:02.6909428Z' (DbType = DateTime), @p6='01a0df57-3fa7-7ff3-83c2-1c77a0d8e2a9'], CommandType='"Text"', CommandTimeout='30']
INSERT INTO "RefreshTokens" ("Id", "CreatedAt", "ExpiresAt", "IsRevoked", "TokenHash", "UpdatedAt", "UserId")
VALUES (@p0, @p1, @p2, @p3, @p4, @p5, @p6);
2026-09-27 04:10:02.870 +03:00 [INF] HTTP POST /api/auth/login responded 200 in 1116.1566 ms
2026-09-27 04:10:02.970 +03:00 [INF] Executed DbCommand (2ms) [Parameters=[@userId='01a0df57-3fa7-7ff3-83c2-1c77a0d8e2a9'], CommandType='"Text"', CommandTimeout='30']
SELECT c0."Id", c0."CreatedAt", c0."FullName", c0."ProfileImageKey", c0."UpdatedAt", c0."UserId", a."Id", a."Building", a."City", a."CreatedAt", a."CustomerId", a."Description", a."District", a."IsDefault", a."Label", a."Latitude", a."Longitude", a."Street", a."UpdatedAt"
FROM (
    SELECT c."Id", c."CreatedAt", c."FullName", c."ProfileImageKey", c."UpdatedAt", c."UserId"
    FROM "Customers" AS c
    WHERE c."UserId" = @userId
    LIMIT 1
) AS c0
LEFT JOIN "Addresses" AS a ON c0."Id" = a."CustomerId"
ORDER BY c0."Id"
2026-09-27 04:10:03.014 +03:00 [INF] HTTP GET /api/customers/addresses responded 200 in 140.6244 ms
2026-09-27 04:10:03.020 +03:00 [INF] Executed DbCommand (1ms) [Parameters=[@request_Phone='777000000'], CommandType='"Text"', CommandTimeout='30']
SELECT u."Id", u."CreatedAt", u."Email", u."FcmToken", u."IsActive", u."PasswordHash", u."Phone", u."Role", u."UpdatedAt", c."Id", c."CreatedAt", c."FullName", c."ProfileImageKey", c."UpdatedAt", c."UserId", d."Id", d."CreatedAt", d."FullName", d."Phone", d."Status", d."UpdatedAt", d."UserId"
FROM "Users" AS u
LEFT JOIN "Customers" AS c ON u."Id" = c."UserId"
LEFT JOIN "Drivers" AS d ON u."Id" = d."UserId"
WHERE u."Phone" = @request_Phone
LIMIT 1
2026-09-27 04:10:03.753 +03:00 [INF] Executed DbCommand (3ms) [Parameters=[@p0='01a0e069-78e5-7943-b876-350c330deec0', @p1='2026-09-27T01:10:03.7488570Z' (DbType = DateTime), @p2='2026-10-27T01:10:03.7488403Z' (DbType = DateTime), @p3='False', @p4='FD/go77rDZJAylYcCwBuyuMKKbKuk5gB4a/7XEwTG0Q=' (Nullable = false), @p5='2026-09-27T01:10:03.7488570Z' (DbType = DateTime), @p6='4c39b4c4-f51d-4fad-a42c-d03db9ef7d62'], CommandType='"Text"', CommandTimeout='30']
INSERT INTO "RefreshTokens" ("Id", "CreatedAt", "ExpiresAt", "IsRevoked", "TokenHash", "UpdatedAt", "UserId")
VALUES (@p0, @p1, @p2, @p3, @p4, @p5, @p6);
2026-09-27 04:10:03.754 +03:00 [INF] HTTP POST /api/auth/login responded 200 in 736.8481 ms
